"Day","Product title","Product tag","Product type","Total sales"
"2016-01-01",,,,0
"2016-01-02",,,,0
"2016-01-03",,,,0
"2016-01-04",,,,0
"2016-01-05",,,,0
"2016-01-06",,,,0
"2016-01-07",,,,0
"2016-01-08",,,,0
"2016-01-09",,,,0
"2016-01-10",,,,0
"2016-01-11",,,,0
"2016-01-12",,,,0
"2016-01-13",,,,0
"2016-01-14",,,,0
"2016-01-15",,,,0
"2016-01-16",,,,0
"2016-01-17",,,,0
"2016-01-18",,,,0
"2016-01-19",,,,0
"2016-01-20",,,,0
"2016-01-21",,,,0
"2016-01-22",,,,0
"2016-01-23",,,,0
"2016-01-24",,,,0
"2016-01-25",,,,0
"2016-01-26",,,,0
"2016-01-27",,,,0
"2016-01-28",,,,0
"2016-01-29",,,,0
"2016-01-30",,,,0
"2016-01-31",,,,0
"2016-02-01",,,,0
"2016-02-02",,,,0
"2016-02-03",,,,0
"2016-02-04",,,,0
"2016-02-05",,,,0
"2016-02-06",,,,0
"2016-02-07",,,,0
"2016-02-08",,,,0
"2016-02-09",,,,0
"2016-02-10",,,,0
"2016-02-11",,,,0
"2016-02-12",,,,0
"2016-02-13",,,,0
"2016-02-14",,,,0
"2016-02-15",,,,0
"2016-02-16",,,,0
"2016-02-17",,,,0
"2016-02-18",,,,0
"2016-02-19",,,,0
"2016-02-20",,,,0
"2016-02-21",,,,0
"2016-02-22",,,,0
"2016-02-23",,,,0
"2016-02-24",,,,0
"2016-02-25",,,,0
"2016-02-26",,,,0
"2016-02-27",,,,0
"2016-02-28",,,,0
"2016-02-29",,,,0
"2016-03-01",,,,0
"2016-03-02",,,,0
"2016-03-03",,,,0
"2016-03-04",,,,0
"2016-03-05",,,,0
"2016-03-06",,,,0
"2016-03-07",,,,0
"2016-03-08",,,,0
"2016-03-09",,,,0
"2016-03-10",,,,0
"2016-03-11",,,,0
"2016-03-12",,,,0
"2016-03-13",,,,0
"2016-03-14",,,,0
"2016-03-15",,,,0
"2016-03-16",,,,0
"2016-03-17",,,,0
"2016-03-18",,,,0
"2016-03-19",,,,0
"2016-03-20",,,,0
"2016-03-21",,,,0
"2016-03-22",,,,0
"2016-03-23",,,,0
"2016-03-24",,,,0
"2016-03-25",,,,0
"2016-03-26",,,,0
"2016-03-27",,,,0
"2016-03-28",,,,0
"2016-03-29",,,,0
"2016-03-30",,,,0
"2016-03-31",,,,0
"2016-04-01",,,,0
"2016-04-02",,,,0
"2016-04-03",,,,0
"2016-04-04",,,,0
"2016-04-05",,,,0
"2016-04-06",,,,0
"2016-04-07",,,,0
"2016-04-08",,,,0
"2016-04-09",,,,0
"2016-04-10",,,,0
"2016-04-11",,,,0
"2016-04-12",,,,0
"2016-04-13",,,,0
"2016-04-14",,,,0
"2016-04-15",,,,0
"2016-04-16",,,,0
"2016-04-17",,,,0
"2016-04-18",,,,0
"2016-04-19",,,,0
"2016-04-20",,,,0
"2016-04-21",,,,0
"2016-04-22",,,,0
"2016-04-23",,,,0
"2016-04-24",,,,0
"2016-04-25",,,,0
"2016-04-26",,,,0
"2016-04-27",,,,0
"2016-04-28",,,,0
"2016-04-29",,,,0
"2016-04-30",,,,0
"2016-05-01",,,,0
"2016-05-02",,,,0
"2016-05-03",,,,0
"2016-05-04",,,,0
"2016-05-05",,,,0
"2016-05-06",,,,0
"2016-05-07",,,,0
"2016-05-08",,,,0
"2016-05-09",,,,0
"2016-05-10",,,,0
"2016-05-11",,,,0
"2016-05-12",,,,0
"2016-05-13",,,,0
"2016-05-14",,,,0
"2016-05-15",,,,0
"2016-05-16",,,,0
"2016-05-17",,,,0
"2016-05-18",,,,0
"2016-05-19",,,,0
"2016-05-20",,,,0
"2016-05-21",,,,0
"2016-05-22",,,,0
"2016-05-23",,,,0
"2016-05-24",,,,0
"2016-05-25",,,,0
"2016-05-26",,,,0
"2016-05-27",,,,0
"2016-05-28",,,,0
"2016-05-29",,,,0
"2016-05-30",,,,0
"2016-05-31",,,,0
"2016-06-01",,,,0
"2016-06-02",,,,0
"2016-06-03",,,,0
"2016-06-04",,,,0
"2016-06-05",,,,0
"2016-06-06",,,,0
"2016-06-07",,,,0
"2016-06-08",,,,0
"2016-06-09",,,,0
"2016-06-10",,,,0
"2016-06-11",,,,0
"2016-06-12",,,,0
"2016-06-13",,,,0
"2016-06-14",,,,0
"2016-06-15",,,,0
"2016-06-16",,,,0
"2016-06-17",,,,0
"2016-06-18",,,,0
"2016-06-19",,,,0
"2016-06-20",,,,0
"2016-06-21",,,,0
"2016-06-22",,,,0
"2016-06-23",,,,0
"2016-06-24",,,,0
"2016-06-25",,,,0
"2016-06-26",,,,0
"2016-06-27",,,,0
"2016-06-28",,,,0
"2016-06-29",,,,0
"2016-06-30",,,,0
"2016-07-01",,,,0
"2016-07-02",,,,0
"2016-07-03",,,,0
"2016-07-04",,,,0
"2016-07-05",,,,0
"2016-07-06",,,,0
"2016-07-07",,,,0
"2016-07-08",,,,0
"2016-07-09",,,,0
"2016-07-10",,,,0
"2016-07-11",,,,0
"2016-07-12",,,,0
"2016-07-13",,,,0
"2016-07-14",,,,0
"2016-07-15",,,,0
"2016-07-16",,,,0
"2016-07-17",,,,0
"2016-07-18",,,,0
"2016-07-19",,,,0
"2016-07-20",,,,0
"2016-07-21",,,,0
"2016-07-22",,,,0
"2016-07-23",,,,0
"2016-07-24",,,,0
"2016-07-25",,,,0
"2016-07-26",,,,0
"2016-07-27",,,,0
"2016-07-28",,,,0
"2016-07-29",,,,0
"2016-07-30",,,,0
"2016-07-31",,,,0
"2016-08-01",,,,0
"2016-08-02",,,,0
"2016-08-03",,,,0
"2016-08-04",,,,0
"2016-08-05",,,,0
"2016-08-06",,,,0
"2016-08-07",,,,0
"2016-08-08",,,,0
"2016-08-09",,,,0
"2016-08-10",,,,0
"2016-08-11",,,,0
"2016-08-12",,,,0
"2016-08-13",,,,0
"2016-08-14",,,,0
"2016-08-15",,,,0
"2016-08-16",,,,0
"2016-08-17",,,,0
"2016-08-18",,,,0
"2016-08-19",,,,0
"2016-08-20",,,,0
"2016-08-21",,,,0
"2016-08-22",,,,0
"2016-08-23",,,,0
"2016-08-24",,,,0
"2016-08-25",,,,0
"2016-08-26",,,,0
"2016-08-27",,,,0
"2016-08-28",,,,0
"2016-08-29",,,,0
"2016-08-30",,,,0
"2016-08-31",,,,0
"2016-09-01",,,,0
"2016-09-02",,,,0
"2016-09-03",,,,0
"2016-09-04",,,,0
"2016-09-05",,,,0
"2016-09-06",,,,0
"2016-09-07",,,,0
"2016-09-08",,,,0
"2016-09-09",,,,0
"2016-09-10",,,,0
"2016-09-11",,,,0
"2016-09-12",,,,0
"2016-09-13",,,,0
"2016-09-14",,,,0
"2016-09-15",,,,0
"2016-09-16",,,,0
"2016-09-17",,,,0
"2016-09-18",,,,0
"2016-09-19",,,,0
"2016-09-20",,,,0
"2016-09-21",,,,0
"2016-09-22",,,,0
"2016-09-23",,,,0
"2016-09-24",,,,0
"2016-09-25",,,,0
"2016-09-26",,,,0
"2016-09-27",,,,0
"2016-09-28",,,,0
"2016-09-29",,,,0
"2016-09-30",,,,0
"2016-10-01",,,,0
"2016-10-02",,,,0
"2016-10-03",,,,0
"2016-10-04",,,,0
"2016-10-05",,,,0
"2016-10-06",,,,0
"2016-10-07",,,,0
"2016-10-08",,,,0
"2016-10-09",,,,0
"2016-10-10",,,,0
"2016-10-11",,,,0
"2016-10-12",,,,0
"2016-10-13",,,,0
"2016-10-14",,,,0
"2016-10-15",,,,0
"2016-10-16","Vision Quest GEN1 Dad Hat","moon","Dad Hats",60
"2016-10-16",,,,9.95
"2016-10-16","Vision Quest GEN1 Dad Hat","Pre-Flight","Dad Hats",60
"2016-10-16","Vision Quest GEN1 Dad Hat","Dad Hats","Dad Hats",60
"2016-10-17",,,,0
"2016-10-18",,,,0
"2016-10-19",,,,0
"2016-10-20",,,,0
"2016-10-21",,,,0
"2016-10-22",,,,0
"2016-10-23",,,,0
"2016-10-24",,,,0
"2016-10-25",,,,0
"2016-10-26",,,,0
"2016-10-27",,,,0
"2016-10-28",,,,0
"2016-10-29",,,,0
"2016-10-30",,,,0
"2016-10-31","Vision Quest GEN1 Dad Hat","Dad Hats","Dad Hats",25
"2016-10-31",,,,9.95
"2016-10-31","Vision Quest GEN1 Dad Hat","Pre-Flight","Dad Hats",25
"2016-10-31","Vision Quest GEN1 Dad Hat","moon","Dad Hats",25
"2016-11-01","Vision Quest GEN1 Dad Hat","Pre-Flight","Dad Hats",25
"2016-11-01","Forgotten Secret GEN1 Dad Hat","secret","Dad Hats",25
"2016-11-01","Forgotten Secret GEN1 Dad Hat","Balloon","Dad Hats",25
"2016-11-01","Forgotten Secret GEN1 Dad Hat","Dad Hats","Dad Hats",25
"2016-11-01","Forgotten Secret GEN1 Dad Hat","forgotten","Dad Hats",25
"2016-11-01","Vision Quest GEN1 Dad Hat","moon","Dad Hats",25
"2016-11-01","Forgotten Secret GEN1 Dad Hat","Pre-Flight","Dad Hats",25
"2016-11-01","Forgotten Secret GEN1 Dad Hat","OG","Dad Hats",25
"2016-11-01","Vision Quest GEN1 Dad Hat","Dad Hats","Dad Hats",25
"2016-11-01","Forgotten Secret GEN1 Dad Hat","black","Dad Hats",25
"2016-11-01",,,,19.9
"2016-11-01","Forgotten Secret GEN1 Dad Hat","red","Dad Hats",25
"2016-11-02","Forgotten Secret GEN1 Dad Hat","OG","Dad Hats",50
"2016-11-02","Forgotten Secret GEN1 Dad Hat","secret","Dad Hats",50
"2016-11-02","Vision Quest GEN1 Dad Hat","Pre-Flight","Dad Hats",50
"2016-11-02","Forgotten Secret GEN1 Dad Hat","Dad Hats","Dad Hats",50
"2016-11-02","Forgotten Secret GEN1 Dad Hat","forgotten","Dad Hats",50
"2016-11-02","Forgotten Secret GEN1 Dad Hat","Balloon","Dad Hats",50
"2016-11-02",,,,29.85
"2016-11-02","Forgotten Secret GEN1 Dad Hat","red","Dad Hats",50
"2016-11-02","Vision Quest GEN1 Dad Hat","moon","Dad Hats",50
"2016-11-02","Forgotten Secret GEN1 Dad Hat","black","Dad Hats",50
"2016-11-02","Vision Quest GEN1 Dad Hat","Dad Hats","Dad Hats",50
"2016-11-02","Forgotten Secret GEN1 Dad Hat","Pre-Flight","Dad Hats",50
"2016-11-03","Vision Quest GEN1 Dad Hat","moon","Dad Hats",80
"2016-11-03","Badge of the King GEN1 Dad Hat","King of the Autumn","Dad Hats",25
"2016-11-03","Vision Quest GEN1 Dad Hat","Pre-Flight","Dad Hats",80
"2016-11-03",,,,19.9
"2016-11-03","Vision Quest GEN1 Dad Hat","Dad Hats","Dad Hats",80
"2016-11-03","Badge of the King GEN1 Dad Hat","Dad Hats","Dad Hats",25
"2016-11-04","Forgotten Secret GEN1 Dad Hat","secret","Dad Hats",230
"2016-11-04","Forgotten Secret GEN1 Dad Hat","OG","Dad Hats",230
"2016-11-04","Vision Quest GEN1 Dad Hat","Pre-Flight","Dad Hats",155
"2016-11-04","Forgotten Secret GEN1 Dad Hat","forgotten","Dad Hats",230
"2016-11-04","Forgotten Secret GEN1 Dad Hat","Dad Hats","Dad Hats",230
"2016-11-04","Forgotten Secret GEN1 Dad Hat","Balloon","Dad Hats",230
"2016-11-04","Forgotten Secret GEN1 Dad Hat","Pre-Flight","Dad Hats",230
"2016-11-04","Vision Quest GEN1 Dad Hat","moon","Dad Hats",155
"2016-11-04",,,,29.85
"2016-11-04","Vision Quest GEN1 Dad Hat","Dad Hats","Dad Hats",155
"2016-11-04","Forgotten Secret GEN1 Dad Hat","black","Dad Hats",230
"2016-11-04","Forgotten Secret GEN1 Dad Hat","red","Dad Hats",230
"2016-11-05",,,,0
"2016-11-06",,,,0
"2016-11-07",,,,0
"2016-11-08",,,,0
"2016-11-09",,,,0
"2016-11-10",,,,0
"2016-11-11","Vision Quest GEN1 Dad Hat","Pre-Flight","Dad Hats",27.09
"2016-11-11",,,,9.95
"2016-11-11","Vision Quest GEN1 Dad Hat","Dad Hats","Dad Hats",27.09
"2016-11-11","Vision Quest GEN1 Dad Hat","moon","Dad Hats",27.09
"2016-11-12",,,,0
"2016-11-13",,,,0
"2016-11-14",,,,9.95
"2016-11-14","Oscuro Vision Quest GEN1 Beanie","beanie","Beanies",21.68
"2016-11-14","Oscuro Vision Quest GEN1 Beanie","black","Beanies",21.68
"2016-11-14","Oscuro Vision Quest GEN1 Beanie","Beanies","Beanies",21.68
"2016-11-14","Oscuro Vision Quest GEN1 Beanie","Balloon","Beanies",21.68
"2016-11-14","Oscuro Vision Quest GEN1 Beanie","red","Beanies",21.68
"2016-11-14","Oscuro Vision Quest GEN1 Beanie","Pre-Flight","Beanies",21.68
"2016-11-15",,,,0
"2016-11-16",,,,0
"2016-11-17",,,,0
"2016-11-18",,,,0
"2016-11-19",,,,0
"2016-11-20","Forgotten Secret GEN1 Dad Hat","secret","Dad Hats",25
"2016-11-20",,,,9.95
"2016-11-20","Forgotten Secret GEN1 Dad Hat","Balloon","Dad Hats",25
"2016-11-20","Forgotten Secret GEN1 Dad Hat","Dad Hats","Dad Hats",25
"2016-11-20","Forgotten Secret GEN1 Dad Hat","forgotten","Dad Hats",25
"2016-11-20","Forgotten Secret GEN1 Dad Hat","OG","Dad Hats",25
"2016-11-20","Forgotten Secret GEN1 Dad Hat","red","Dad Hats",25
"2016-11-20","Forgotten Secret GEN1 Dad Hat","Pre-Flight","Dad Hats",25
"2016-11-20","Forgotten Secret GEN1 Dad Hat","black","Dad Hats",25
"2016-11-21",,,,0
"2016-11-22",,,,0
"2016-11-23",,,,0
"2016-11-24",,,,0
"2016-11-25",,,,0
"2016-11-26","Forgotten Secret GEN1 Dad Hat","Balloon","Dad Hats",25
"2016-11-26","Vision Quest GEN1 Dad Hat","moon","Dad Hats",25
"2016-11-26","Forgotten Secret GEN1 Dad Hat","forgotten","Dad Hats",25
"2016-11-26","Forgotten Secret GEN1 Dad Hat","Dad Hats","Dad Hats",25
"2016-11-26","Vision Quest GEN1 Dad Hat","Pre-Flight","Dad Hats",25
"2016-11-26","Forgotten Secret GEN1 Dad Hat","secret","Dad Hats",25
"2016-11-26",,,,9.95
"2016-11-26","Forgotten Secret GEN1 Dad Hat","red","Dad Hats",25
"2016-11-26","Forgotten Secret GEN1 Dad Hat","Pre-Flight","Dad Hats",25
"2016-11-26","Forgotten Secret GEN1 Dad Hat","OG","Dad Hats",25
"2016-11-26","Forgotten Secret GEN1 Dad Hat","black","Dad Hats",25
"2016-11-26","Vision Quest GEN1 Dad Hat","Dad Hats","Dad Hats",25
"2016-11-27",,,,0
"2016-11-28",,,,0
"2016-11-29",,,,0
"2016-11-30","Forgotten Secret GEN1 Dad Hat","red","Dad Hats",84.18
"2016-11-30","Forgotten Secret GEN1 Dad Hat","black","Dad Hats",84.18
"2016-11-30",,,,19.9
"2016-11-30","Forgotten Secret GEN1 Dad Hat","Pre-Flight","Dad Hats",84.18
"2016-11-30","Forgotten Secret GEN1 Dad Hat","secret","Dad Hats",84.18
"2016-11-30","Forgotten Secret GEN1 Dad Hat","forgotten","Dad Hats",84.18
"2016-11-30","Forgotten Secret GEN1 Dad Hat","Dad Hats","Dad Hats",84.18
"2016-11-30","Forgotten Secret GEN1 Dad Hat","OG","Dad Hats",84.18
"2016-11-30","Forgotten Secret GEN1 Dad Hat","Balloon","Dad Hats",84.18
"2016-12-01","Forgotten Secret GEN1 Dad Hat","black","Dad Hats",30
"2016-12-01","Vision Quest GEN1 Dad Hat","Dad Hats","Dad Hats",25
"2016-12-01","King of the Autumn GEN1 Dad Hat","King of the Autumn","Dad Hats",50
"2016-12-01","King of the Autumn GEN1 Dad Hat","skull","Dad Hats",50
"2016-12-01","Vision Quest GEN1 Dad Hat","moon","Dad Hats",25
"2016-12-01","King of the Autumn GEN1 Dad Hat","Dad Hats","Dad Hats",50
"2016-12-01","Forgotten Secret GEN1 Dad Hat","Pre-Flight","Dad Hats",30
"2016-12-01","Forgotten Secret GEN1 Dad Hat","red","Dad Hats",30
"2016-12-01","King of the Autumn GEN1 Dad Hat","king","Dad Hats",50
"2016-12-01",,,,19.9
"2016-12-01","Forgotten Secret GEN1 Dad Hat","secret","Dad Hats",30
"2016-12-01","Vision Quest GEN1 Dad Hat","Pre-Flight","Dad Hats",25
"2016-12-01","Forgotten Secret GEN1 Dad Hat","OG","Dad Hats",30
"2016-12-01","King of the Autumn GEN1 Dad Hat","black","Dad Hats",50
"2016-12-01","Forgotten Secret GEN1 Dad Hat","forgotten","Dad Hats",30
"2016-12-01","Forgotten Secret GEN1 Dad Hat","Dad Hats","Dad Hats",30
"2016-12-01","Forgotten Secret GEN1 Dad Hat","Balloon","Dad Hats",30
"2016-12-02",,,,0
"2016-12-03",,,,0
"2016-12-04",,,,0
"2016-12-05",,,,0
"2016-12-06","Forgotten Secret GEN1 Dad Hat","OG","Dad Hats",32.51
"2016-12-06",,,,9.95
"2016-12-06","King of the Autumn GEN1 Dad Hat","black","Dad Hats",26.84
"2016-12-06","Forgotten Secret GEN1 Dad Hat","forgotten","Dad Hats",32.51
"2016-12-06","Forgotten Secret GEN1 Dad Hat","Dad Hats","Dad Hats",32.51
"2016-12-06","Forgotten Secret GEN1 Dad Hat","Balloon","Dad Hats",32.51
"2016-12-06","Forgotten Secret GEN1 Dad Hat","secret","Dad Hats",32.51
"2016-12-06","Forgotten Secret GEN1 Dad Hat","red","Dad Hats",32.51
"2016-12-06","King of the Autumn GEN1 Dad Hat","king","Dad Hats",26.84
"2016-12-06","King of the Autumn GEN1 Dad Hat","King of the Autumn","Dad Hats",26.84
"2016-12-06","King of the Autumn GEN1 Dad Hat","skull","Dad Hats",26.84
"2016-12-06","Forgotten Secret GEN1 Dad Hat","black","Dad Hats",32.51
"2016-12-06","Forgotten Secret GEN1 Dad Hat","Pre-Flight","Dad Hats",32.51
"2016-12-06","King of the Autumn GEN1 Dad Hat","Dad Hats","Dad Hats",26.84
"2016-12-07",,,,0
"2016-12-08","Forgotten Secret GEN1 BLK Beanie","Balloon","Beanies",21.68
"2016-12-08","Forgotten Secret GEN1 BLK Beanie","Beanies","Beanies",21.68
"2016-12-08","Forgotten Secret GEN1 BLK Beanie","Pre-Flight","Beanies",21.68
"2016-12-08","Forgotten Secret GEN1 BLK Beanie","black","Beanies",21.68
"2016-12-08","Forgotten Secret GEN1 BLK Beanie","red","Beanies",21.68
"2016-12-08","Forgotten Secret GEN1 BLK Beanie","beanie","Beanies",21.68
"2016-12-08",,,,0
"2016-12-09",,,,0
"2016-12-10",,,,0
"2016-12-11",,,,0
"2016-12-12",,,,0
"2016-12-13",,,,0
"2016-12-14","Vision Quest GEN1 Dad Hat","moon","Dad Hats",25
"2016-12-14","Vision Quest GEN1 Dad Hat","Pre-Flight","Dad Hats",25
"2016-12-14","King of the Autumn GEN1 Dad Hat","black","Dad Hats",25
"2016-12-14","King of the Autumn GEN1 Dad Hat","Dad Hats","Dad Hats",25
"2016-12-14",,,,0
"2016-12-14","Vision Quest GEN1 Dad Hat","Dad Hats","Dad Hats",25
"2016-12-14","King of the Autumn GEN1 Dad Hat","skull","Dad Hats",25
"2016-12-14","King of the Autumn GEN1 Dad Hat","King of the Autumn","Dad Hats",25
"2016-12-14","King of the Autumn GEN1 Dad Hat","king","Dad Hats",25
"2016-12-15",,,,0
"2016-12-16","Vision Quest GEN1 Dad Hat","moon","Dad Hats",25
"2016-12-16","Forgotten Secret GEN1 Dad Hat","red","Dad Hats",25
"2016-12-16","Forgotten Secret GEN1 Dad Hat","Pre-Flight","Dad Hats",25
"2016-12-16",,,,9.95
"2016-12-16","Forgotten Secret GEN1 Dad Hat","black","Dad Hats",25
"2016-12-16","Vision Quest GEN1 Dad Hat","Dad Hats","Dad Hats",25
"2016-12-16","Forgotten Secret GEN1 Dad Hat","Balloon","Dad Hats",25
"2016-12-16","Forgotten Secret GEN1 Dad Hat","Dad Hats","Dad Hats",25
"2016-12-16","Forgotten Secret GEN1 Dad Hat","forgotten","Dad Hats",25
"2016-12-16","Vision Quest GEN1 Dad Hat","Pre-Flight","Dad Hats",25
"2016-12-16","Forgotten Secret GEN1 Dad Hat","secret","Dad Hats",25
"2016-12-16","Forgotten Secret GEN1 Dad Hat","OG","Dad Hats",25
"2016-12-17",,,,0
"2016-12-18",,,,0
"2016-12-19","Forgotten Secret GEN1 Dad Hat","Balloon","Dad Hats",25
"2016-12-19","Forgotten Secret GEN1 Dad Hat","Dad Hats","Dad Hats",25
"2016-12-19","Forgotten Secret GEN1 Dad Hat","forgotten","Dad Hats",25
"2016-12-19","Vision Quest White Seam Gris Beanie  [Out for the Season]","Pre-Flight","Beanies",21.68
"2016-12-19","Vision Quest GEN1 Dad Hat","Pre-Flight","Dad Hats",53.36
"2016-12-19","Forgotten Secret GEN1 Dad Hat","secret","Dad Hats",25
"2016-12-19","Oscuro Vision Quest GEN1 Beanie","Pre-Flight","Beanies",21.68
"2016-12-19",,,,19.9
"2016-12-19","Oscuro Vision Quest GEN1 Beanie","red","Beanies",21.68
"2016-12-19","Forgotten Secret GEN1 Dad Hat","OG","Dad Hats",25
"2016-12-19","Oscuro Vision Quest GEN1 Beanie","Balloon","Beanies",21.68
"2016-12-19","Vision Quest White Seam Gris Beanie  [Out for the Season]","Beanies","Beanies",21.68
"2016-12-19","Oscuro Vision Quest GEN1 Beanie","Beanies","Beanies",21.68
"2016-12-19","Vision Quest GEN1 Dad Hat","moon","Dad Hats",53.36
"2016-12-19","Oscuro Vision Quest GEN1 Beanie","black","Beanies",21.68
"2016-12-19","Oscuro Vision Quest GEN1 Beanie","beanie","Beanies",21.68
"2016-12-19","Forgotten Secret GEN1 Dad Hat","red","Dad Hats",25
"2016-12-19","Forgotten Secret GEN1 Dad Hat","Pre-Flight","Dad Hats",25
"2016-12-19","Forgotten Secret GEN1 Dad Hat","black","Dad Hats",25
"2016-12-19","Vision Quest GEN1 Dad Hat","Dad Hats","Dad Hats",53.36
"2016-12-20","Oscuro Vision Quest GEN1 Beanie","Balloon","Beanies",21.68
"2016-12-20","Oscuro Vision Quest GEN1 Beanie","Beanies","Beanies",21.68
"2016-12-20","Vision Quest GEN1 Dad Hat","moon","Dad Hats",25
"2016-12-20","Forgotten Secret GEN1 BLK Beanie","red","Beanies",21.68
"2016-12-20","Oscuro Vision Quest GEN1 Beanie","red","Beanies",21.68
"2016-12-20","Forgotten Secret GEN1 BLK Beanie","black","Beanies",21.68
"2016-12-20","Forgotten Secret GEN1 BLK Beanie","beanie","Beanies",21.68
"2016-12-20","Forgotten Secret GEN1 BLK Beanie","Pre-Flight","Beanies",21.68
"2016-12-20","Forgotten Secret GEN1 Dad Hat","Dad Hats","Dad Hats",25
"2016-12-20","Forgotten Secret GEN1 Dad Hat","forgotten","Dad Hats",25
"2016-12-20","Forgotten Secret GEN1 Dad Hat","Balloon","Dad Hats",25
"2016-12-20","Oscuro Vision Quest GEN1 Beanie","Pre-Flight","Beanies",21.68
"2016-12-20","Forgotten Secret GEN1 Dad Hat","secret","Dad Hats",25
"2016-12-20","Vision Quest GEN1 Dad Hat","Pre-Flight","Dad Hats",25
"2016-12-20","Forgotten Secret GEN1 BLK Beanie","Balloon","Beanies",21.68
"2016-12-20","Vision Quest GEN1 Dad Hat","Dad Hats","Dad Hats",25
"2016-12-20","Forgotten Secret GEN1 Dad Hat","black","Dad Hats",25
"2016-12-20","Forgotten Secret GEN1 Dad Hat","Pre-Flight","Dad Hats",25
"2016-12-20","Forgotten Secret GEN1 Dad Hat","OG","Dad Hats",25
"2016-12-20","Forgotten Secret GEN1 BLK Beanie","Beanies","Beanies",21.68
"2016-12-20","Forgotten Secret GEN1 Dad Hat","red","Dad Hats",25
"2016-12-20","Oscuro Vision Quest GEN1 Beanie","black","Beanies",21.68
"2016-12-20",,,,19.9
"2016-12-20","Oscuro Vision Quest GEN1 Beanie","beanie","Beanies",21.68
"2016-12-21",,,,0
"2016-12-22",,,,0
"2016-12-23","Forgotten Secret GEN1 Dad Hat","red","Dad Hats",51.68
"2016-12-23","Forgotten Secret GEN1 BLK Beanie","Beanies","Beanies",40
"2016-12-23","Forgotten Secret GEN1 BLK Beanie","Pre-Flight","Beanies",40
"2016-12-23","Forgotten Secret GEN1 Dad Hat","OG","Dad Hats",51.68
"2016-12-23","Forgotten Secret GEN1 BLK Beanie","Balloon","Beanies",40
"2016-12-23","Forgotten Secret GEN1 Dad Hat","black","Dad Hats",51.68
"2016-12-23","Forgotten Secret GEN1 Dad Hat","Pre-Flight","Dad Hats",51.68
"2016-12-23","Forgotten Secret GEN1 BLK Beanie","beanie","Beanies",40
"2016-12-23",,,,29.85
"2016-12-23","Forgotten Secret GEN1 Dad Hat","secret","Dad Hats",51.68
"2016-12-23","Forgotten Secret GEN1 Dad Hat","Dad Hats","Dad Hats",51.68
"2016-12-23","Forgotten Secret GEN1 Dad Hat","forgotten","Dad Hats",51.68
"2016-12-23","Forgotten Secret GEN1 Dad Hat","Balloon","Dad Hats",51.68
"2016-12-23","Forgotten Secret GEN1 BLK Beanie","red","Beanies",40
"2016-12-23","Forgotten Secret GEN1 BLK Beanie","black","Beanies",40
"2016-12-24","King of the Autumn GEN1 Dad Hat","Dad Hats","Dad Hats",55
"2016-12-24","Lamont Dad GEN1 Hat","black","Dad Hats",25
"2016-12-24","Vision Quest GEN1 Dad Hat","Dad Hats","Dad Hats",54.18
"2016-12-24","King of the Autumn GEN1 Dad Hat","skull","Dad Hats",55
"2016-12-24","Oscuro Vision Quest GEN1 Beanie","beanie","Beanies",20
"2016-12-24","Ellis GEN1 Dad Hat","blue","Dad Hats",50
"2016-12-24","Oscuro Vision Quest GEN1 Beanie","Pre-Flight","Beanies",20
"2016-12-24","Oscuro Vision Quest GEN1 Beanie","black","Beanies",20
"2016-12-24",,,,19.9
"2016-12-24","King of the Autumn GEN1 Dad Hat","king","Dad Hats",55
"2016-12-24","Vision Quest GEN1 Dad Hat","moon","Dad Hats",54.18
"2016-12-24","Oscuro Vision Quest GEN1 Beanie","red","Beanies",20
"2016-12-24","Ellis GEN1 Dad Hat","ellis","Dad Hats",50
"2016-12-24","Oscuro Vision Quest GEN1 Beanie","Beanies","Beanies",20
"2016-12-24","Lamont Dad GEN1 Hat","floater","Dad Hats",25
"2016-12-24","Ellis GEN1 Dad Hat","Pre-Flight","Dad Hats",50
"2016-12-24","Oscuro Vision Quest GEN1 Beanie","Balloon","Beanies",20
"2016-12-24","Ellis GEN1 Dad Hat","Dad Hats","Dad Hats",50
"2016-12-24","Vision Quest GEN1 Dad Hat","Pre-Flight","Dad Hats",54.18
"2016-12-24","King of the Autumn GEN1 Dad Hat","black","Dad Hats",55
"2016-12-24","Ellis GEN1 Dad Hat","black","Dad Hats",50
"2016-12-24","Lamont Dad GEN1 Hat","japanese","Dad Hats",25
"2016-12-24","Lamont Dad GEN1 Hat","Dad Hats","Dad Hats",25
"2016-12-24","King of the Autumn GEN1 Dad Hat","King of the Autumn","Dad Hats",55
"2016-12-25","Forgotten Secret GEN1 BLK Beanie","Beanies","Beanies",40
"2016-12-25","Lamont Dad GEN1 Hat","black","Dad Hats",52.09
"2016-12-25","Forgotten Secret GEN1 BLK Beanie","Balloon","Beanies",40
"2016-12-25","Forgotten Secret GEN1 BLK Beanie","beanie","Beanies",40
"2016-12-25","Granate Vision Quest GEN1 Beanie","Pre-Flight","Beanies",20
"2016-12-25","Granate Vision Quest GEN1 Beanie","Beanies","Beanies",20
"2016-12-25","Lamont Dad GEN1 Hat","floater","Dad Hats",52.09
"2016-12-25",,,,19.9
"2016-12-25","Lamont Dad GEN1 Hat","japanese","Dad Hats",52.09
"2016-12-25","Lamont Dad GEN1 Hat","Dad Hats","Dad Hats",52.09
"2016-12-25","Forgotten Secret GEN1 BLK Beanie","red","Beanies",40
"2016-12-25","Forgotten Secret GEN1 BLK Beanie","Pre-Flight","Beanies",40
"2016-12-25","Forgotten Secret GEN1 BLK Beanie","black","Beanies",40
"2016-12-26","Forgotten Secret GEN1 Dad Hat","Pre-Flight","Dad Hats",25
"2016-12-26","Introvert GEN1 Beanie","Beanies","Beanies",20
"2016-12-26","Forgotten Secret  White Seam Gris Beanie [Out for the Season]","Pre-Flight","Beanies",40
"2016-12-26","Lamont Dad GEN1 Hat","floater","Dad Hats",25
"2016-12-26","Forgotten Secret GEN1 Dad Hat","black","Dad Hats",25
"2016-12-26","Forgotten Secret GEN1 Dad Hat","OG","Dad Hats",25
"2016-12-26",,,,29.85
"2016-12-26","Oscuro Vision Quest GEN1 Beanie","black","Beanies",20
"2016-12-26","Oscuro Vision Quest GEN1 Beanie","beanie","Beanies",20
"2016-12-26","Forgotten Secret  White Seam Gris Beanie [Out for the Season]","Balloon","Beanies",40
"2016-12-26","Forgotten Secret GEN1 Dad Hat","red","Dad Hats",25
"2016-12-26","Lamont Dad GEN1 Hat","Dad Hats","Dad Hats",25
"2016-12-26","Lamont Dad GEN1 Hat","japanese","Dad Hats",25
"2016-12-26","Oscuro Vision Quest GEN1 Beanie","Pre-Flight","Beanies",20
"2016-12-26","Oscuro Vision Quest GEN1 Beanie","red","Beanies",20
"2016-12-26","Lamont Dad GEN1 Hat","black","Dad Hats",25
"2016-12-26","Forgotten Secret  White Seam Gris Beanie [Out for the Season]","Beanies","Beanies",40
"2016-12-26","Oscuro Vision Quest GEN1 Beanie","Balloon","Beanies",20
"2016-12-26","Oscuro Vision Quest GEN1 Beanie","Beanies","Beanies",20
"2016-12-26","Forgotten Secret GEN1 Dad Hat","Balloon","Dad Hats",25
"2016-12-26","Forgotten Secret  White Seam Gris Beanie [Out for the Season]","neanie","Beanies",40
"2016-12-26","Forgotten Secret GEN1 Dad Hat","forgotten","Dad Hats",25
"2016-12-26","Forgotten Secret GEN1 Dad Hat","Dad Hats","Dad Hats",25
"2016-12-26","Granate Vision Quest GEN1 Beanie","Pre-Flight","Beanies",20
"2016-12-26","Forgotten Secret  White Seam Gris Beanie [Out for the Season]","gray","Beanies",40
"2016-12-26","Granate Vision Quest GEN1 Beanie","Beanies","Beanies",20
"2016-12-26","Forgotten Secret GEN1 Dad Hat","secret","Dad Hats",25
"2016-12-27","Forgotten Secret  White Seam Gris Beanie [Out for the Season]","Balloon","Beanies",61.68
"2016-12-27","King of the Autumn GEN1 Dad Hat","King of the Autumn","Dad Hats",50
"2016-12-27","Lamont Dad GEN1 Hat","black","Dad Hats",102.09
"2016-12-27","Vision Quest GEN1 Dad Hat","moon","Dad Hats",25
"2016-12-27","Badge of the King GEN1 Dad Hat","King of the Autumn","Dad Hats",55
"2016-12-27","Forgotten Secret  White Seam Gris Beanie [Out for the Season]","Pre-Flight","Beanies",61.68
"2016-12-27","Vision Quest GEN1 Dad Hat","Pre-Flight","Dad Hats",25
"2016-12-27","Ellis GEN1 Dad Hat","blue","Dad Hats",25
"2016-12-27","King of the Autumn GEN1 Dad Hat","black","Dad Hats",50
"2016-12-27","Ellis GEN1 Dad Hat","Pre-Flight","Dad Hats",25
"2016-12-27","Lamont Dad GEN1 Hat","floater","Dad Hats",102.09
"2016-12-27","Vision Quest GEN1 Dad Hat","Dad Hats","Dad Hats",25
"2016-12-27","Ellis GEN1 Dad Hat","Dad Hats","Dad Hats",25
"2016-12-27","King of the Autumn GEN1 Dad Hat","skull","Dad Hats",50
"2016-12-27","Forgotten Secret  White Seam Gris Beanie [Out for the Season]","gray","Beanies",61.68
"2016-12-27","King of the Autumn GEN1 Dad Hat","Dad Hats","Dad Hats",50
"2016-12-27","Badge of the King GEN1 Dad Hat","Dad Hats","Dad Hats",55
"2016-12-27","Ellis GEN1 Dad Hat","ellis","Dad Hats",25
"2016-12-27",,,,69.65
"2016-12-27","Introvert GEN1 Beanie","Beanies","Beanies",40
"2016-12-27","Forgotten Secret  White Seam Gris Beanie [Out for the Season]","neanie","Beanies",61.68
"2016-12-27","King of the Autumn GEN1 Dad Hat","king","Dad Hats",50
"2016-12-27","Lamont Dad GEN1 Hat","japanese","Dad Hats",102.09
"2016-12-27","Forgotten Secret  White Seam Gris Beanie [Out for the Season]","Beanies","Beanies",61.68
"2016-12-27","Lamont Dad GEN1 Hat","Dad Hats","Dad Hats",102.09
"2016-12-27","Ellis GEN1 Dad Hat","black","Dad Hats",25
"2016-12-28",,,,0
"2016-12-29",,,,0
"2016-12-30",,,,0
"2016-12-30","King of the Autumn GEN1 Dad Hat","black","Dad Hats",27.09
"2016-12-30","King of the Autumn GEN1 Dad Hat","King of the Autumn","Dad Hats",27.09
"2016-12-30","King of the Autumn GEN1 Dad Hat","skull","Dad Hats",27.09
"2016-12-30","King of the Autumn GEN1 Dad Hat","Dad Hats","Dad Hats",27.09
"2016-12-30","King of the Autumn GEN1 Dad Hat","king","Dad Hats",27.09
"2016-12-31",,,,19.9
"2016-12-31","Prestige GEN1 Dad Hat","hat","Dad Hats",25
"2016-12-31","Ellis GEN1 Dad Hat","ellis","Dad Hats",25
"2016-12-31","Lamont Dad GEN1 Hat","black","Dad Hats",27.09
"2016-12-31","Prestige GEN1 Dad Hat","Dad Hats","Dad Hats",25
"2016-12-31","Ellis GEN1 Dad Hat","black","Dad Hats",25
"2016-12-31","Prestige GEN1 Dad Hat","Pre-Flight","Dad Hats",25
"2016-12-31","Prestige GEN1 Dad Hat","Hats","Dad Hats",25
"2016-12-31","Lamont Dad GEN1 Hat","japanese","Dad Hats",27.09
"2016-12-31","Lamont Dad GEN1 Hat","Dad Hats","Dad Hats",27.09
"2016-12-31","Lamont Dad GEN1 Hat","floater","Dad Hats",27.09
"2016-12-31","Ellis GEN1 Dad Hat","Pre-Flight","Dad Hats",25
"2016-12-31","Ellis GEN1 Dad Hat","Dad Hats","Dad Hats",25
"2016-12-31","Prestige GEN1 Dad Hat","dad hat","Dad Hats",25
"2016-12-31","Ellis GEN1 Dad Hat","blue","Dad Hats",25
"2017-01-01",,,,0
"2017-01-02","Lamont Dad GEN1 Hat","floater","Dad Hats",25
"2017-01-02","Lamont Dad GEN1 Hat","japanese","Dad Hats",25
"2017-01-02","Lamont Dad GEN1 Hat","Dad Hats","Dad Hats",25
"2017-01-02","Lamont Dad GEN1 Hat","black","Dad Hats",25
"2017-01-02",,,,0
"2017-01-03","Oscuro Vision Quest GEN1 Beanie","Pre-Flight","Beanies",21.68
"2017-01-03","Oscuro Vision Quest GEN1 Beanie","black","Beanies",21.68
"2017-01-03","Oscuro Vision Quest GEN1 Beanie","beanie","Beanies",21.68
"2017-01-03",,,,0
"2017-01-03","Oscuro Vision Quest GEN1 Beanie","red","Beanies",21.68
"2017-01-03","Oscuro Vision Quest GEN1 Beanie","Balloon","Beanies",21.68
"2017-01-03","Oscuro Vision Quest GEN1 Beanie","Beanies","Beanies",21.68
"2017-01-04",,,,0
"2017-01-05",,,,0
"2017-01-06",,,,0
"2017-01-07",,,,0
"2017-01-08",,,,9.95
"2017-01-08","Lamont Dad GEN1 Hat","japanese","Dad Hats",27.09
"2017-01-08","Lamont Dad GEN1 Hat","Dad Hats","Dad Hats",27.09
"2017-01-08","Lamont Dad GEN1 Hat","floater","Dad Hats",27.09
"2017-01-08","Lamont Dad GEN1 Hat","black","Dad Hats",27.09
"2017-01-09",,,,0
"2017-01-10","Forgotten Secret GEN1 BLK Beanie","Pre-Flight","Beanies",21.68
"2017-01-10","Forgotten Secret GEN1 BLK Beanie","Beanies","Beanies",21.68
"2017-01-10","Granate Vision Quest GEN1 Beanie","Pre-Flight","Beanies",21.68
"2017-01-10","Forgotten Secret GEN1 BLK Beanie","Balloon","Beanies",21.68
"2017-01-10","Granate Vision Quest GEN1 Beanie","Beanies","Beanies",21.68
"2017-01-10","Forgotten Secret GEN1 BLK Beanie","beanie","Beanies",21.68
"2017-01-10",,,,0
"2017-01-10","Forgotten Secret GEN1 BLK Beanie","black","Beanies",21.68
"2017-01-10","Forgotten Secret GEN1 BLK Beanie","red","Beanies",21.68
"2017-01-11",,,,0
"2017-01-12",,,,0
"2017-01-13","Lamont Dad GEN1 Hat","japanese","Dad Hats",25
"2017-01-13","Lamont Dad GEN1 Hat","Dad Hats","Dad Hats",25
"2017-01-13","Prestige GEN1 Dad Hat","Hats","Dad Hats",25
"2017-01-13","Badge of the King GEN1 Dad Hat","King of the Autumn","Dad Hats",25
"2017-01-13","Prestige GEN1 Dad Hat","Pre-Flight","Dad Hats",25
"2017-01-13","Prestige GEN1 Dad Hat","dad hat","Dad Hats",25
"2017-01-13","Lamont Dad GEN1 Hat","floater","Dad Hats",25
"2017-01-13","Prestige GEN1 Dad Hat","hat","Dad Hats",25
"2017-01-13","Prestige GEN1 Dad Hat","Dad Hats","Dad Hats",25
"2017-01-13","Lamont Dad GEN1 Hat","black","Dad Hats",25
"2017-01-13","Badge of the King GEN1 Dad Hat","Dad Hats","Dad Hats",25
"2017-01-13",,,,9.95
"2017-01-14",,,,0
"2017-01-15",,,,0
"2017-01-16",,,,0
"2017-01-17",,,,0
"2017-01-18","Wisdom GEN1 Dad Hat","Balloon","Dad Hats",27.09
"2017-01-18","Wisdom GEN1 Dad Hat","Dad Hats","Dad Hats",27.09
"2017-01-18","Vision Quest GEN1 Dad Hat","Dad Hats","Dad Hats",30
"2017-01-18","Wisdom GEN1 Dad Hat","Pre-Flight","Dad Hats",27.09
"2017-01-18",,,,9.95
"2017-01-18","Vision Quest GEN1 Dad Hat","Pre-Flight","Dad Hats",30
"2017-01-18","Vision Quest GEN1 Dad Hat","moon","Dad Hats",30
"2017-01-19",,,,0
"2017-01-20",,,,0
"2017-01-21",,,,0
"2017-01-22",,,,0
"2017-01-23",,,,0
"2017-01-24",,,,0
"2017-01-25",,,,0
"2017-01-26",,,,0
"2017-01-27",,,,0
"2017-01-28",,,,0
"2017-01-29",,,,0
"2017-01-30",,,,9.95
"2017-01-30","Lamont Dad GEN1 Hat","black","Dad Hats",27.22
"2017-01-30","Lamont Dad GEN1 Hat","floater","Dad Hats",27.22
"2017-01-30","Lamont Dad GEN1 Hat","Dad Hats","Dad Hats",27.22
"2017-01-30","Lamont Dad GEN1 Hat","japanese","Dad Hats",27.22
"2017-01-31","King of the Autumn GEN1 Dad Hat","black","Dad Hats",32.66
"2017-01-31","King of the Autumn GEN1 Dad Hat","king","Dad Hats",32.66
"2017-01-31","King of the Autumn GEN1 Dad Hat","King of the Autumn","Dad Hats",32.66
"2017-01-31",,,,0
"2017-01-31","King of the Autumn GEN1 Dad Hat","Dad Hats","Dad Hats",32.66
"2017-01-31","King of the Autumn GEN1 Dad Hat","skull","Dad Hats",32.66
"2017-02-01",,,,0
"2017-02-02",,,,0
"2017-02-03",,,,0
"2017-02-04",,,,0
"2017-02-05",,,,0
"2017-02-06",,,,0
"2017-02-07","Lamont Dad GEN1 Hat","floater","Dad Hats",25
"2017-02-07","Lamont Dad GEN1 Hat","Dad Hats","Dad Hats",25
"2017-02-07","Lamont Dad GEN1 Hat","japanese","Dad Hats",25
"2017-02-07",,,,9.95
"2017-02-07","Lamont Dad GEN1 Hat","black","Dad Hats",25
"2017-02-08",,,,0
"2017-02-09","Badge of the King GEN1 Dad Hat","Dad Hats","Dad Hats",25
"2017-02-09","Badge of the King GEN1 Dad Hat","King of the Autumn","Dad Hats",25
"2017-02-09",,,,9.95
"2017-02-10","Lamont Dad GEN1 Hat","black","Dad Hats",25
"2017-02-10",,,,9.95
"2017-02-10","Vision Quest White Seam Gris Beanie  [Out for the Season]","Beanies","Beanies",20
"2017-02-10","Lamont Dad GEN1 Hat","floater","Dad Hats",25
"2017-02-10","Vision Quest White Seam Gris Beanie  [Out for the Season]","Pre-Flight","Beanies",20
"2017-02-10","Lamont Dad GEN1 Hat","japanese","Dad Hats",25
"2017-02-10","Lamont Dad GEN1 Hat","Dad Hats","Dad Hats",25
"2017-02-11",,,,0
"2017-02-12",,,,0
"2017-02-13",,,,0
"2017-02-14",,,,0
"2017-02-15",,,,0
"2017-02-16",,,,0
"2017-02-17",,,,0
"2017-02-18","Forgotten Secret GEN1 BLK Beanie","Balloon","Beanies",21.68
"2017-02-18","Lamont Dad GEN1 Hat","Dad Hats","Dad Hats",25
"2017-02-18","Lamont Dad GEN1 Hat","japanese","Dad Hats",25
"2017-02-18","Badge of the King GEN1 Dad Hat","Dad Hats","Dad Hats",55
"2017-02-18","Forgotten Secret GEN1 BLK Beanie","Beanies","Beanies",21.68
"2017-02-18",,,,19.9
"2017-02-18","Lamont Dad GEN1 Hat","floater","Dad Hats",25
"2017-02-18","Badge of the King GEN1 Dad Hat","King of the Autumn","Dad Hats",55
"2017-02-18","Forgotten Secret GEN1 BLK Beanie","red","Beanies",21.68
"2017-02-18","Forgotten Secret GEN1 BLK Beanie","black","Beanies",21.68
"2017-02-18","Lamont Dad GEN1 Hat","black","Dad Hats",25
"2017-02-18","Forgotten Secret GEN1 BLK Beanie","beanie","Beanies",21.68
"2017-02-18","Forgotten Secret GEN1 BLK Beanie","Pre-Flight","Beanies",21.68
"2017-02-19","Lamont Dad GEN1 Hat","black","Dad Hats",25
"2017-02-19","Lamont Dad GEN1 Hat","Dad Hats","Dad Hats",25
"2017-02-19","Lamont Dad GEN1 Hat","japanese","Dad Hats",25
"2017-02-19",,,,9.95
"2017-02-19","Lamont Dad GEN1 Hat","floater","Dad Hats",25
"2017-02-20",,,,0
"2017-02-21",,,,0
"2017-02-22",,,,0
"2017-02-23",,,,0
"2017-02-24",,,,0
"2017-02-25","Badge of the King GEN1 Dad Hat","Dad Hats","Dad Hats",27.09
"2017-02-25","Badge of the King GEN1 Dad Hat","King of the Autumn","Dad Hats",27.09
"2017-02-25",,,,9.95
"2017-02-26","Forgotten Secret GEN1 BLK Beanie","Balloon","Beanies",21.73
"2017-02-26","Forgotten Secret GEN1 BLK Beanie","Beanies","Beanies",21.73
"2017-02-26","Forgotten Secret GEN1 BLK Beanie","red","Beanies",21.73
"2017-02-26","Forgotten Secret GEN1 BLK Beanie","black","Beanies",21.73
"2017-02-26",,,,9.95
"2017-02-26","Forgotten Secret GEN1 BLK Beanie","beanie","Beanies",21.73
"2017-02-26","Forgotten Secret GEN1 BLK Beanie","Pre-Flight","Beanies",21.73
"2017-02-27","Ellis GEN1 Dad Hat","Pre-Flight","Dad Hats",22.99
"2017-02-27","Granate Vision Quest GEN1 Beanie","Pre-Flight","Beanies",16.25
"2017-02-27","Lamont Dad GEN1 Hat","floater","Dad Hats",22.99
"2017-02-27","Ellis GEN1 Dad Hat","Dad Hats","Dad Hats",22.99
"2017-02-27","Forgotten Secret GEN1 BLK Beanie","Beanies","Beanies",16.25
"2017-02-27","Ellis GEN1 Dad Hat","blue","Dad Hats",22.99
"2017-02-27","Forgotten Secret GEN1 BLK Beanie","Pre-Flight","Beanies",16.25
"2017-02-27",,,,9.95
"2017-02-27","Forgotten Secret GEN1 BLK Beanie","Balloon","Beanies",16.25
"2017-02-27","Lamont Dad GEN1 Hat","japanese","Dad Hats",22.99
"2017-02-27","Lamont Dad GEN1 Hat","Dad Hats","Dad Hats",22.99
"2017-02-27","Ellis GEN1 Dad Hat","ellis","Dad Hats",22.99
"2017-02-27","Granate Vision Quest GEN1 Beanie","Beanies","Beanies",16.25
"2017-02-27","Lamont Dad GEN1 Hat","black","Dad Hats",22.99
"2017-02-27","Forgotten Secret GEN1 BLK Beanie","beanie","Beanies",16.25
"2017-02-27","Forgotten Secret GEN1 BLK Beanie","black","Beanies",16.25
"2017-02-27","Forgotten Secret GEN1 BLK Beanie","red","Beanies",16.25
"2017-02-27","Ellis GEN1 Dad Hat","black","Dad Hats",22.99
"2017-02-28","Lamont Beanie GEN1","black","Beanies",32.64
"2017-02-28","Ellis GEN1 Dad Hat","ellis","Dad Hats",22.99
"2017-02-28","Vision Quest GEN1 Dad Hat","Dad Hats","Dad Hats",22.99
"2017-02-28","Lamont Beanie GEN1","Beanie","Beanies",32.64
"2017-02-28","Ellis GEN1 Dad Hat","black","Dad Hats",22.99
"2017-02-28","Lamont Beanie GEN1","Beanies","Beanies",32.64
"2017-02-28","Vision Quest GEN1 Dad Hat","moon","Dad Hats",22.99
"2017-02-28",,,,29.85
"2017-02-28","Ellis GEN1 Dad Hat","Dad Hats","Dad Hats",22.99
"2017-02-28","Ellis GEN1 Dad Hat","Pre-Flight","Dad Hats",22.99
"2017-02-28","Ellis GEN1 Dad Hat","blue","Dad Hats",22.99
"2017-02-28","Vision Quest GEN1 Dad Hat","Pre-Flight","Dad Hats",22.99
"2017-03-01","Prestige GEN1 Dad Hat","dad hat","Dad Hats",22.99
"2017-03-01","Lamont Dad GEN1 Hat","floater","Dad Hats",68.97
"2017-03-01","Lamont Dad GEN1 Hat","japanese","Dad Hats",68.97
"2017-03-01","Lamont Dad GEN1 Hat","Dad Hats","Dad Hats",68.97
"2017-03-01","Vision Quest GEN1 Dad Hat","Pre-Flight","Dad Hats",22.99
"2017-03-01","Prestige GEN1 Dad Hat","Hats","Dad Hats",22.99
"2017-03-01","Prestige GEN1 Dad Hat","Pre-Flight","Dad Hats",22.99
"2017-03-01","Vision Quest White Seam Gris Beanie  [Out for the Season]","Beanies","Beanies",14.99
"2017-03-01","Prestige GEN1 Dad Hat","Dad Hats","Dad Hats",22.99
"2017-03-01","Lamont Dad GEN1 Hat","black","Dad Hats",68.97
"2017-03-01","Vision Quest GEN1 Dad Hat","Dad Hats","Dad Hats",22.99
"2017-03-01","Vision Quest GEN1 Dad Hat","moon","Dad Hats",22.99
"2017-03-01","Vision Quest White Seam Gris Beanie  [Out for the Season]","Pre-Flight","Beanies",14.99
"2017-03-01","Prestige GEN1 Dad Hat","hat","Dad Hats",22.99
"2017-03-01",,,,19.9
"2017-03-02",,,,0
"2017-03-03",,,,0
"2017-03-04","Badge of the King GEN1 Dad Hat","King of the Autumn","Dad Hats",18.99
"2017-03-04",,,,9.95
"2017-03-04","Badge of the King GEN1 Dad Hat","Dad Hats","Dad Hats",18.99
"2017-03-05",,,,0
"2017-03-06","Vision Quest GEN1 Dad Hat","moon","Dad Hats",22.99
"2017-03-06","Vision Quest GEN1 Dad Hat","Dad Hats","Dad Hats",22.99
"2017-03-06","Vision Quest GEN1 Dad Hat","Pre-Flight","Dad Hats",22.99
"2017-03-06",,,,0
"2017-03-07",,,,0
"2017-03-08","King of the Autumn GEN1 Dad Hat","king","Dad Hats",20.67
"2017-03-08","Forgotten Secret GEN1 BLK Beanie","Beanies","Beanies",16.32
"2017-03-08","Forgotten Secret GEN1 Dad Hat","red","Dad Hats",30.47
"2017-03-08","Prestige GEN1 Dad Hat","dad hat","Dad Hats",25.03
"2017-03-08","Forgotten Secret GEN1 Dad Hat","OG","Dad Hats",30.47
"2017-03-08","Forgotten Secret GEN1 Dad Hat","black","Dad Hats",30.47
"2017-03-08","Forgotten Secret GEN1 BLK Beanie","Balloon","Beanies",16.32
"2017-03-08","King of the Autumn GEN1 Dad Hat","skull","Dad Hats",20.67
"2017-03-08","Prestige GEN1 Dad Hat","Pre-Flight","Dad Hats",25.03
"2017-03-08","Forgotten Secret GEN1 Dad Hat","Pre-Flight","Dad Hats",30.47
"2017-03-08","Badge of the King GEN1 Dad Hat","Dad Hats","Dad Hats",26.12
"2017-03-08","King of the Autumn GEN1 Dad Hat","Dad Hats","Dad Hats",20.67
"2017-03-08","Prestige GEN1 Dad Hat","Hats","Dad Hats",25.03
"2017-03-08","Prestige GEN1 Dad Hat","Dad Hats","Dad Hats",25.03
"2017-03-08","Forgotten Secret GEN1 BLK Beanie","Pre-Flight","Beanies",16.32
"2017-03-08",,,,9.95
"2017-03-08","Forgotten Secret GEN1 BLK Beanie","beanie","Beanies",16.32
"2017-03-08","King of the Autumn GEN1 Dad Hat","King of the Autumn","Dad Hats",20.67
"2017-03-08","Forgotten Secret GEN1 Dad Hat","secret","Dad Hats",30.47
"2017-03-08","Granate Vision Quest GEN1 Beanie","Beanies","Beanies",16.32
"2017-03-08","Forgotten Secret GEN1 Dad Hat","Balloon","Dad Hats",30.47
"2017-03-08","King of the Autumn GEN1 Dad Hat","black","Dad Hats",20.67
"2017-03-08","Forgotten Secret GEN1 Dad Hat","forgotten","Dad Hats",30.47
"2017-03-08","Forgotten Secret GEN1 Dad Hat","Dad Hats","Dad Hats",30.47
"2017-03-08","Badge of the King GEN1 Dad Hat","King of the Autumn","Dad Hats",26.12
"2017-03-08","Prestige GEN1 Dad Hat","hat","Dad Hats",25.03
"2017-03-08","Forgotten Secret GEN1 BLK Beanie","black","Beanies",16.32
"2017-03-08","Granate Vision Quest GEN1 Beanie","Pre-Flight","Beanies",16.32
"2017-03-08","Forgotten Secret GEN1 BLK Beanie","red","Beanies",16.32
"2017-03-09",,,,0
"2017-03-10",,,,0
"2017-03-11",,,,0
"2017-03-12",,,,0
"2017-03-13",,,,0
"2017-03-14",,,,0
"2017-03-15",,,,0
"2017-03-16",,,,0
"2017-03-17",,,,0
"2017-03-18",,,,0
"2017-03-19",,,,0
"2017-03-20",,,,0
"2017-03-21",,,,0
"2017-03-22",,,,0
"2017-03-23",,,,0
"2017-03-24",,,,0
"2017-03-25",,,,0
"2017-03-26",,,,0
"2017-03-27",,,,0
"2017-03-28",,,,0
"2017-03-29",,,,0
"2017-03-30",,,,0
"2017-03-31",,,,0
"2017-04-01",,,,0
"2017-04-02",,,,0
"2017-04-03",,,,0
"2017-04-04",,,,0
"2017-04-05",,,,0
"2017-04-06",,,,0
"2017-04-07",,,,0
"2017-04-08",,,,0
"2017-04-09",,,,0
"2017-04-10",,,,0
"2017-04-11","Lone Sailor GEN1 Tee","sailor","Shirt",19.19
"2017-04-11","Lone Sailor GEN1 Tee","shirt","Shirt",19.19
"2017-04-11","Astro GEN1 T-Shirt","astronaut","Shirt",65.29
"2017-04-11","Lone Sailor GEN1 Tee","lost","Shirt",19.19
"2017-04-11",,,,20.95
"2017-04-11","Astro GEN1 T-Shirt","Balloon","Shirt",65.29
"2017-04-11","Lone Sailor GEN1 Tee","astronaut","Shirt",19.19
"2017-04-11","Astro GEN1 T-Shirt","shirt","Shirt",65.29
"2017-04-11","Lone Sailor GEN1 Tee","one","Shirt",19.19
"2017-04-11","Lone Sailor GEN1 Tee","lone","Shirt",19.19
"2017-04-11","Lone Sailor GEN1 Tee","Balloon","Shirt",19.19
"2017-04-12",,,,20.15
"2017-04-12","Astro GEN1 T-Shirt","shirt","Shirt",72.09
"2017-04-12","Astro GEN1 T-Shirt","Balloon","Shirt",72.09
"2017-04-12","Astro GEN1 T-Shirt","astronaut","Shirt",72.09
"2017-04-13",,,,0
"2017-04-14",,,,0
"2017-04-15",,,,0
"2017-04-16",,,,0
"2017-04-17",,,,0
"2017-04-18",,,,0
"2017-04-19",,,,0
"2017-04-20",,,,0
"2017-04-21",,,,0
"2017-04-22",,,,0
"2017-04-23",,,,0
"2017-04-24",,,,0
"2017-04-25","Lone Sailor GEN1 Tee","lone","Shirt",23.99
"2017-04-25","Lone Sailor GEN1 Tee","one","Shirt",23.99
"2017-04-25",,,,7.25
"2017-04-25","Lone Sailor GEN1 Tee","Balloon","Shirt",23.99
"2017-04-25","Lone Sailor GEN1 Tee","lost","Shirt",23.99
"2017-04-25","Lone Sailor GEN1 Tee","sailor","Shirt",23.99
"2017-04-25","Lone Sailor GEN1 Tee","shirt","Shirt",23.99
"2017-04-25","Lone Sailor GEN1 Tee","astronaut","Shirt",23.99
"2017-04-26",,,,0
"2017-04-27",,,,0
"2017-04-28",,,,0
"2017-04-29",,,,0
"2017-04-30",,,,0
"2017-05-01",,,,0
"2017-05-02",,,,0
"2017-05-03",,,,0
"2017-05-04",,,,0
"2017-05-05",,,,0
"2017-05-06",,,,0
"2017-05-07",,,,0
"2017-05-08",,,,0
"2017-05-09",,,,0
"2017-05-10",,,,0
"2017-05-11",,,,0
"2017-05-12","Lone Sailor GEN1 Tee","one","Shirt",132.3
"2017-05-12","Lone Sailor GEN1 Tee","lone","Shirt",132.3
"2017-05-12","Lone Sailor GEN1 Tee","astronaut","Shirt",132.3
"2017-05-12","Lone Sailor GEN1 Tee","Balloon","Shirt",132.3
"2017-05-12","Lone Sailor GEN1 Tee","lost","Shirt",132.3
"2017-05-12",,,,7.38
"2017-05-12","Lone Sailor GEN1 Tee","shirt","Shirt",132.3
"2017-05-12","Lone Sailor GEN1 Tee","sailor","Shirt",132.3
"2017-05-13",,,,0
"2017-05-14","Azul Ellis GEN2 Dad Hat","blue","Dad Hats",18.99
"2017-05-14","Azul Ellis GEN2 Dad Hat","black","Dad Hats",18.99
"2017-05-14","Ellis GEN1 Dad Hat","blue","Dad Hats",18.99
"2017-05-14","Azul Ellis GEN2 Dad Hat","Pre-Flight","Dad Hats",18.99
"2017-05-14","Azul Ellis GEN2 Dad Hat","ellis","Dad Hats",18.99
"2017-05-14",,,,10.28
"2017-05-14","Ellis GEN1 Dad Hat","Balloon","Dad Hats",18.99
"2017-05-14","Ellis GEN1 Dad Hat","ellis","Dad Hats",18.99
"2017-05-14","Ellis GEN1 Dad Hat","Dad Hats","Dad Hats",18.99
"2017-05-14","Ellis GEN1 Dad Hat","white","Dad Hats",18.99
"2017-05-14","Ellis GEN1 Dad Hat","Pre-Flight","Dad Hats",18.99
"2017-05-14","Ellis GEN1 Dad Hat","black","Dad Hats",18.99
"2017-05-14","Azul Ellis GEN2 Dad Hat","Dad Hats","Dad Hats",18.99
"2017-05-15",,,,0
"2017-05-16",,,,0
"2017-05-17",,,,0
"2017-05-18",,,,0
"2017-05-19",,,,0
"2017-05-20",,,,0
"2017-05-21",,,,0
"2017-05-22",,,,0
"2017-05-23",,,,0
"2017-05-24",,,,0
"2017-05-25",,,,0
"2017-05-26",,,,0
"2017-05-27",,,,0
"2017-05-28","Granate Ellis GEN1 Dad Hat","maroon","Dad Hats",20.58
"2017-05-28","Granate Ellis GEN1 Dad Hat","floater","Dad Hats",20.58
"2017-05-28","Granate Ellis GEN1 Dad Hat","dad hat","Dad Hats",20.58
"2017-05-28","Granate Ellis GEN1 Dad Hat","Balloon","Dad Hats",20.58
"2017-05-28","Granate Ellis GEN1 Dad Hat","ellis","Dad Hats",20.58
"2017-05-29",,,,0
"2017-05-30",,,,0
"2017-05-31","Granate Ellis GEN1 Dad Hat","maroon","Dad Hats",15.19
"2017-05-31","Astro GEN1 T-Shirt","astronaut","Shirt",19.2
"2017-05-31","Granate Ellis GEN1 Dad Hat","ellis","Dad Hats",15.19
"2017-05-31","Astro GEN1 T-Shirt","shirt","Shirt",19.2
"2017-05-31","Granate Ellis GEN1 Dad Hat","floater","Dad Hats",15.19
"2017-05-31","Las Riveras GEN1 White/Blue Boxing Gloves","Gloves","Gloves",150
"2017-05-31","Las Riveras GEN1 White/Blue Boxing Gloves","Boxing","Gloves",150
"2017-05-31","Astro GEN1 T-Shirt","Balloon","Shirt",19.2
"2017-05-31","Las Riveras GEN1 White/Blue Boxing Gloves","box","Gloves",150
"2017-05-31",,,,15.4
"2017-05-31","Granate Ellis GEN1 Dad Hat","dad hat","Dad Hats",15.19
"2017-05-31","Granate Ellis GEN1 Dad Hat","Balloon","Dad Hats",15.19
"2017-05-31","Las Riveras GEN1 White/Blue Boxing Gloves","Pre-Flight","Gloves",150
"2017-05-31","Las Riveras GEN1 White/Blue Boxing Gloves","Boxing Gloves","Gloves",150
"2017-05-31","Las Riveras GEN1 White/Blue Boxing Gloves","Boxing Glovves","Gloves",150
"2017-06-01",,,,0
"2017-06-02",,,,0
"2017-06-03",,,,0
"2017-06-04",,,,0
"2017-06-05",,,,0
"2017-06-06",,,,0
"2017-06-07",,,,0
"2017-06-08",,,,0
"2017-06-09",,,,0
"2017-06-10",,,,0
"2017-06-11","Lone Sailor GEN1 Tee","Balloon","Shirt",19.6
"2017-06-11","Lone Sailor GEN1 Tee","one","Shirt",19.6
"2017-06-11","Lone Sailor GEN1 Tee","lone","Shirt",19.6
"2017-06-11","Lone Sailor GEN1 Tee","astronaut","Shirt",19.6
"2017-06-11","Lone Sailor GEN1 Tee","sailor","Shirt",19.6
"2017-06-11","Lone Sailor GEN1 Tee","shirt","Shirt",19.6
"2017-06-11",,,,7.1
"2017-06-11","Lone Sailor GEN1 Tee","lost","Shirt",19.6
"2017-06-12","Astro GEN1 T-Shirt","astronaut","Shirt",14.39
"2017-06-12","EGO DEATH. WHT","tee","T-Shirt",20.81
"2017-06-12","EGO DEATH. WHT","white","T-Shirt",20.81
"2017-06-12","EGO DEATH. WHT","Death","T-Shirt",20.81
"2017-06-12","EGO DEATH. WHT","Ego","T-Shirt",20.81
"2017-06-12","Astro GEN1 T-Shirt","Balloon","Shirt",14.39
"2017-06-12",,,,10.28
"2017-06-12","Astro GEN1 T-Shirt","shirt","Shirt",14.39
"2017-06-13",,,,7.25
"2017-06-13","Womens EGO DEATH. BLK",,"T-Shirt",20.8
"2017-06-14",,,,0
"2017-06-15",,,,0
"2017-06-16",,,,0
"2017-06-17",,,,0
"2017-06-18",,,,0
"2017-06-19",,,,0
"2017-06-20",,,,0
"2017-06-21",,,,0
"2017-06-22",,,,0
"2017-06-23",,,,0
"2017-06-24",,,,0
"2017-06-25",,,,0
"2017-06-26",,,,0
"2017-06-27",,,,0
"2017-06-28","Las Riveras GEN1 White/Blue Boxing Gloves","Pre-Flight","Gloves",150
"2017-06-28","Las Riveras GEN1 White/Blue Boxing Gloves","Boxing Glovves","Gloves",150
"2017-06-28","Las Riveras GEN1 White/Blue Boxing Gloves","Boxing Gloves","Gloves",150
"2017-06-28","Las Riveras GEN1 White/Blue Boxing Gloves","box","Gloves",150
"2017-06-28",,,,7.25
"2017-06-28","Las Riveras GEN1 White/Blue Boxing Gloves","Boxing","Gloves",150
"2017-06-28","Las Riveras GEN1 White/Blue Boxing Gloves","Gloves","Gloves",150
"2017-06-29",,,,0
"2017-06-30","Rosado Ellis GEN1 Dad Hat","floater","Dad Hats",20.58
"2017-06-30","Rosado Ellis GEN1 Dad Hat","Dad Hats","Dad Hats",20.58
"2017-06-30","Rosado Ellis GEN1 Dad Hat","forgotten","Dad Hats",20.58
"2017-06-30","Rosado Ellis GEN1 Dad Hat","Balloon","Dad Hats",20.58
"2017-06-30","Rosado Ellis GEN1 Dad Hat","pink","Dad Hats",20.58
"2017-06-30","Rosado Ellis GEN1 Dad Hat","ellis","Dad Hats",20.58
"2017-07-01",,,,0
"2017-07-02",,,,0
"2017-07-03",,,,0
"2017-07-04","EGO DEATH. WHT","Ego","T-Shirt",22
"2017-07-04","EGO DEATH. WHT","Death","T-Shirt",22
"2017-07-04","Lone Sailor GEN1 Tee","lost","Shirt",16
"2017-07-04","Azul Ellis GEN2 Dad Hat","ellis","Dad Hats",24
"2017-07-04","EGO DEATH. WHT","tee","T-Shirt",22
"2017-07-04","Granate Ellis GEN1 Dad Hat","Balloon","Dad Hats",20
"2017-07-04","Ellis GEN1 Dad Hat","black","Dad Hats",40
"2017-07-04","Lone Sailor GEN1 Tee","astronaut","Shirt",16
"2017-07-04","Granate Ellis GEN1 Dad Hat","dad hat","Dad Hats",20
"2017-07-04","EGO DEATH. WHT","white","T-Shirt",22
"2017-07-04","Azul Ellis GEN2 Dad Hat","black","Dad Hats",24
"2017-07-04","Ellis GEN1 Dad Hat","white","Dad Hats",40
"2017-07-04","Lone Sailor GEN1 Tee","shirt","Shirt",16
"2017-07-04","Azul Ellis GEN2 Dad Hat","blue","Dad Hats",24
"2017-07-04","Lone Sailor GEN1 Tee","sailor","Shirt",16
"2017-07-04","Ellis GEN1 Dad Hat","ellis","Dad Hats",40
"2017-07-04","Lone Sailor GEN1 Tee","Balloon","Shirt",16
"2017-07-04","Granate Ellis GEN1 Dad Hat","maroon","Dad Hats",20
"2017-07-04","Azul Ellis GEN2 Dad Hat","Dad Hats","Dad Hats",24
"2017-07-04","Ellis GEN1 Dad Hat","blue","Dad Hats",40
"2017-07-04","Lone Sailor GEN1 Tee","one","Shirt",16
"2017-07-04","Lone Sailor GEN1 Tee","lone","Shirt",16
"2017-07-04","Granate Ellis GEN1 Dad Hat","ellis","Dad Hats",20
"2017-07-04",,,,19.81
"2017-07-04","EGO DEATH. BLK",,"T-Shirt",22
"2017-07-04","Ellis GEN1 Dad Hat","Dad Hats","Dad Hats",40
"2017-07-04","Ellis GEN1 Dad Hat","Pre-Flight","Dad Hats",40
"2017-07-04","Granate Ellis GEN1 Dad Hat","floater","Dad Hats",20
"2017-07-04","Ellis GEN1 Dad Hat","Balloon","Dad Hats",40
"2017-07-04","Azul Ellis GEN2 Dad Hat","Pre-Flight","Dad Hats",24
"2017-07-05","Ellis GEN1 Dad Hat","blue","Dad Hats",20
"2017-07-05",,,,7.25
"2017-07-05","Ellis GEN1 Dad Hat","ellis","Dad Hats",20
"2017-07-05","Ellis GEN1 Dad Hat","white","Dad Hats",20
"2017-07-05","Ellis GEN1 Dad Hat","Dad Hats","Dad Hats",20
"2017-07-05","Ellis GEN1 Dad Hat","Pre-Flight","Dad Hats",20
"2017-07-05","Ellis GEN1 Dad Hat","black","Dad Hats",20
"2017-07-05","Ellis GEN1 Dad Hat","Balloon","Dad Hats",20
"2017-07-06",,,,0
"2017-07-07",,,,0
"2017-07-08",,,,0
"2017-07-09","FS GEN2  CMO","Balloon","Dad Hats",29.25
"2017-07-09","Lone Sailor GEN1 Tee","Balloon","Shirt",34.68
"2017-07-09","FS GEN2  CMO","red","Dad Hats",29.25
"2017-07-09","FS GEN2  CMO","denim","Dad Hats",29.25
"2017-07-09","Lone Sailor GEN1 Tee","sailor","Shirt",34.68
"2017-07-09","Lone Sailor GEN1 Tee","shirt","Shirt",34.68
"2017-07-09","Granate Ellis GEN1 Dad Hat","floater","Dad Hats",26.01
"2017-07-09",,,,6.45
"2017-07-09","Granate Ellis GEN1 Dad Hat","maroon","Dad Hats",26.01
"2017-07-09","Lone Sailor GEN1 Tee","astronaut","Shirt",34.68
"2017-07-09","Lone Sailor GEN1 Tee","lost","Shirt",34.68
"2017-07-09","FS GEN2  CMO","camo","Dad Hats",29.25
"2017-07-09","FS GEN2  CMO","Verishop","Dad Hats",29.25
"2017-07-09","Granate Ellis GEN1 Dad Hat","ellis","Dad Hats",26.01
"2017-07-09","FS GEN2  CMO","Dad Hats","Dad Hats",29.25
"2017-07-09","Lone Sailor GEN1 Tee","one","Shirt",34.68
"2017-07-09","Lone Sailor GEN1 Tee","lone","Shirt",34.68
"2017-07-09","Granate Ellis GEN1 Dad Hat","Balloon","Dad Hats",26.01
"2017-07-09","Granate Ellis GEN1 Dad Hat","dad hat","Dad Hats",26.01
"2017-07-10","FS GEN2  RED","red","Dad Hats",26
"2017-07-10","FS GEN2  RED","Balloon","Dad Hats",26
"2017-07-10","FS GEN2  RED","Dad Hats","Dad Hats",26
"2017-07-10","FS GEN2  RED","Verishop","Dad Hats",26
"2017-07-11",,,,0
"2017-07-12",,,,0
"2017-07-13",,,,0
"2017-07-14",,,,0
"2017-07-15",,,,0
"2017-07-16",,,,0
"2017-07-17",,,,0
"2017-07-18","Ellis GEN1 Dad Hat","blue","Dad Hats",20.4
"2017-07-18","Ellis GEN1 Dad Hat","Balloon","Dad Hats",20.4
"2017-07-18","Ellis GEN1 Dad Hat","Pre-Flight","Dad Hats",20.4
"2017-07-18","Ellis GEN1 Dad Hat","black","Dad Hats",20.4
"2017-07-18","Ellis GEN1 Dad Hat","Dad Hats","Dad Hats",20.4
"2017-07-18","Ellis GEN1 Dad Hat","white","Dad Hats",20.4
"2017-07-18","Ellis GEN1 Dad Hat","ellis","Dad Hats",20.4
"2017-07-18",,,,7.25
"2017-07-19",,,,0
"2017-07-20","Rosado Ellis GEN1 Dad Hat","Dad Hats","Dad Hats",20
"2017-07-20","Azul Ellis GEN2 Dad Hat","black","Dad Hats",20.39
"2017-07-20","Granate Ellis GEN1 Dad Hat","dad hat","Dad Hats",20
"2017-07-20","Granate Ellis GEN1 Dad Hat","Balloon","Dad Hats",20
"2017-07-20","Azul Ellis GEN2 Dad Hat","blue","Dad Hats",20.39
"2017-07-20","Rosado Ellis GEN1 Dad Hat","forgotten","Dad Hats",20
"2017-07-20",,,,13.71
"2017-07-20","Womens EGO DEATH. BLK",,"T-Shirt",18.71
"2017-07-20","Azul Ellis GEN2 Dad Hat","ellis","Dad Hats",20.39
"2017-07-20","Rosado Ellis GEN1 Dad Hat","Balloon","Dad Hats",20
"2017-07-20","Granate Ellis GEN1 Dad Hat","ellis","Dad Hats",20
"2017-07-20","Rosado Ellis GEN1 Dad Hat","floater","Dad Hats",20
"2017-07-20","Granate Ellis GEN1 Dad Hat","maroon","Dad Hats",20
"2017-07-20","Azul Ellis GEN2 Dad Hat","Pre-Flight","Dad Hats",20.39
"2017-07-20","Granate Ellis GEN1 Dad Hat","floater","Dad Hats",20
"2017-07-20","Rosado Ellis GEN1 Dad Hat","ellis","Dad Hats",20
"2017-07-20","Azul Ellis GEN2 Dad Hat","Dad Hats","Dad Hats",20.39
"2017-07-20","Rosado Ellis GEN1 Dad Hat","pink","Dad Hats",20
"2017-07-21","Lone Sailor GEN1 Tee","lone","Shirt",17.42
"2017-07-21","Lone Sailor GEN1 Tee","one","Shirt",17.42
"2017-07-21","Azul Ellis GEN2 Dad Hat","black","Dad Hats",20
"2017-07-21","Ellis GEN1 Dad Hat","blue","Dad Hats",20
"2017-07-21","Azul Ellis GEN2 Dad Hat","blue","Dad Hats",20
"2017-07-21","Lone Sailor GEN1 Tee","Balloon","Shirt",17.42
"2017-07-21","Astro GEN1 T-Shirt","shirt","Shirt",17.42
"2017-07-21","Azul Ellis GEN2 Dad Hat","ellis","Dad Hats",20
"2017-07-21","Granate Ellis GEN1 Dad Hat","Balloon","Dad Hats",43.97
"2017-07-21","Granate Ellis GEN1 Dad Hat","dad hat","Dad Hats",43.97
"2017-07-21","Astro GEN1 T-Shirt","Balloon","Shirt",17.42
"2017-07-21","Lone Sailor GEN1 Tee","astronaut","Shirt",17.42
"2017-07-21","Astro GEN1 T-Shirt","astronaut","Shirt",17.42
"2017-07-21","Ellis GEN1 Dad Hat","Pre-Flight","Dad Hats",20
"2017-07-21","Ellis GEN1 Dad Hat","black","Dad Hats",20
"2017-07-21","Ellis GEN1 Dad Hat","Dad Hats","Dad Hats",20
"2017-07-21","Granate Ellis GEN1 Dad Hat","ellis","Dad Hats",43.97
"2017-07-21","Lone Sailor GEN1 Tee","lost","Shirt",17.42
"2017-07-21","Granate Ellis GEN1 Dad Hat","floater","Dad Hats",43.97
"2017-07-21","Ellis GEN1 Dad Hat","Balloon","Dad Hats",20
"2017-07-21","Azul Ellis GEN2 Dad Hat","Pre-Flight","Dad Hats",20
"2017-07-21","Granate Ellis GEN1 Dad Hat","maroon","Dad Hats",43.97
"2017-07-21","Azul Ellis GEN2 Dad Hat","Dad Hats","Dad Hats",20
"2017-07-21","Ellis GEN1 Dad Hat","ellis","Dad Hats",20
"2017-07-21","Lone Sailor GEN1 Tee","shirt","Shirt",17.42
"2017-07-21","Lone Sailor GEN1 Tee","sailor","Shirt",17.42
"2017-07-21",,,,13.58
"2017-07-21","Ellis GEN1 Dad Hat","white","Dad Hats",20
"2017-07-22","VQ GEN2 BLK SPBK","moon","Snapback",29.25
"2017-07-22","VQ GEN2 BLK SPBK","red","Snapback",29.25
"2017-07-22","FS GEN2  CMO","camo","Dad Hats",29.25
"2017-07-22","FS GEN2  CMO","Balloon","Dad Hats",29.25
"2017-07-22","VQ GEN2 BLK SPBK","black","Snapback",29.25
"2017-07-22","VQ GEN2 BLK SPBK","Pre-Flight","Snapback",29.25
"2017-07-22","FS GEN2  CMO","denim","Dad Hats",29.25
"2017-07-22","FS GEN2  CMO","Dad Hats","Dad Hats",29.25
"2017-07-22","VQ GEN2 BLK SPBK","Balloon","Snapback",29.25
"2017-07-22","VQ GEN2 BLK SPBK","Verishop","Snapback",29.25
"2017-07-22","FS GEN2  CMO","Verishop","Dad Hats",29.25
"2017-07-22","FS GEN2  CMO","red","Dad Hats",29.25
"2017-07-22","VQ GEN2 BLK SPBK","green brim","Snapback",29.25
"2017-07-22","VQ GEN2 BLK SPBK","Dad Hats","Snapback",29.25
"2017-07-22","VQ GEN2 BLK SPBK","snapback","Snapback",29.25
"2017-07-23",,,,0
"2017-07-24",,,,5.95
"2017-07-24","Rosado Ellis GEN1 Dad Hat","floater","Dad Hats",20
"2017-07-24","Rosado Ellis GEN1 Dad Hat","pink","Dad Hats",20
"2017-07-24","Rosado Ellis GEN1 Dad Hat","ellis","Dad Hats",20
"2017-07-24","Rosado Ellis GEN1 Dad Hat","Balloon","Dad Hats",20
"2017-07-24","Rosado Ellis GEN1 Dad Hat","Dad Hats","Dad Hats",20
"2017-07-24","Rosado Ellis GEN1 Dad Hat","forgotten","Dad Hats",20
"2017-07-25",,,,0
"2017-07-26",,,,0
"2017-07-27",,,,0
"2017-07-28",,,,0
"2017-07-29",,,,0
"2017-07-30",,,,0
"2017-07-31","Forgotten Secret GEN1 Dad Hat","secret","Dad Hats",37.98
"2017-07-31","Forgotten Secret GEN1 Dad Hat","Balloon","Dad Hats",37.98
"2017-07-31","FS GEN2  CMO","Dad Hats","Dad Hats",21.6
"2017-07-31","Forgotten Secret GEN1 Dad Hat","forgotten","Dad Hats",37.98
"2017-07-31","Forgotten Secret GEN1 Dad Hat","Dad Hats","Dad Hats",37.98
"2017-07-31","FS GEN2  CMO","Verishop","Dad Hats",21.6
"2017-07-31","Forgotten Secret GEN1 Dad Hat","OG","Dad Hats",37.98
"2017-07-31","FS GEN2  CMO","camo","Dad Hats",21.6
"2017-07-31","Forgotten Secret GEN1 Dad Hat","red","Dad Hats",37.98
"2017-07-31",,,,7.25
"2017-07-31","Forgotten Secret GEN1 Dad Hat","black","Dad Hats",37.98
"2017-07-31","FS GEN2  CMO","red","Dad Hats",21.6
"2017-07-31","FS GEN2  CMO","denim","Dad Hats",21.6
"2017-07-31","Forgotten Secret GEN1 Dad Hat","Pre-Flight","Dad Hats",37.98
"2017-07-31","FS GEN2  CMO","Balloon","Dad Hats",21.6
"2017-08-01",,,,0
"2017-08-02",,,,0
"2017-08-03",,,,0
"2017-08-04","Granate Ellis GEN1 Dad Hat","ellis","Dad Hats",22.1
"2017-08-04","FS GEN2  CMO","camo","Dad Hats",29.25
"2017-08-04","Granate Ellis GEN1 Dad Hat","dad hat","Dad Hats",22.1
"2017-08-04","Granate Ellis GEN1 Dad Hat","Balloon","Dad Hats",22.1
"2017-08-04","FS GEN2  CMO","denim","Dad Hats",29.25
"2017-08-04","FS GEN2  CMO","Balloon","Dad Hats",29.25
"2017-08-04","Granate Ellis GEN1 Dad Hat","maroon","Dad Hats",22.1
"2017-08-04","FS GEN2  CMO","red","Dad Hats",29.25
"2017-08-04","FS GEN2  CMO","Dad Hats","Dad Hats",29.25
"2017-08-04",,,,12.9
"2017-08-04","FS GEN2  CMO","Verishop","Dad Hats",29.25
"2017-08-04","Granate Ellis GEN1 Dad Hat","floater","Dad Hats",22.1
"2017-08-05",,,,0
"2017-08-06","Granate Ellis GEN1 Dad Hat","Balloon","Dad Hats",17
"2017-08-06","Granate Ellis GEN1 Dad Hat","dad hat","Dad Hats",17
"2017-08-06","Granate Ellis GEN1 Dad Hat","maroon","Dad Hats",17
"2017-08-06",,,,7.25
"2017-08-06","Granate Ellis GEN1 Dad Hat","ellis","Dad Hats",17
"2017-08-06","Granate Ellis GEN1 Dad Hat","floater","Dad Hats",17
"2017-08-07","FS GEN2 BLK","black","Dad Hats",54.99
"2017-08-07","FS GEN2 BLK","Verishop","Dad Hats",54.99
"2017-08-07","FS GEN2 BLK","Balloon","Dad Hats",54.99
"2017-08-07",,,,39.63
"2017-08-07","FS GEN2 BLK","red","Dad Hats",54.99
"2017-08-07","FS GEN2 BLK","Dad Hats","Dad Hats",54.99
"2017-08-08","FS GEN2  DNM","Dad Hats","Dad Hats",26
"2017-08-08","FS GEN2  DNM","red","Dad Hats",26
"2017-08-08","FS GEN2  DNM","denim","Dad Hats",26
"2017-08-08",,,,6.45
"2017-08-08","FS GEN2  DNM","Balloon","Dad Hats",26
"2017-08-09","FS GEN2 BLK","red","Dad Hats",23.99
"2017-08-09","Rah MMA","fiht","Gloves",68
"2017-08-09","FS GEN2 BLK","Dad Hats","Dad Hats",23.99
"2017-08-09","Astro GEN1 T-Shirt","astronaut","Shirt",16
"2017-08-09","FS GEN2 BLK","Balloon","Dad Hats",23.99
"2017-08-09","Rah MMA","gloves","Gloves",68
"2017-08-09",,,,16.23
"2017-08-09","Astro GEN1 T-Shirt","shirt","Shirt",16
"2017-08-09","Rah MMA","fight","Gloves",68
"2017-08-09","FS GEN2 BLK","black","Dad Hats",23.99
"2017-08-09","Astro GEN1 T-Shirt","Balloon","Shirt",16
"2017-08-09","Rah MMA","boxing","Gloves",68
"2017-08-09","FS GEN2 BLK","Verishop","Dad Hats",23.99
"2017-08-09","Rah MMA","mma","Gloves",68
"2017-08-10",,,,0
"2017-08-11",,,,0
"2017-08-12","Las Riveras GEN1 White/RED Boxing Gloves","Boxing","Gloves",150
"2017-08-12","Las Riveras GEN1 White/RED Boxing Gloves","Pre-Flight","Gloves",150
"2017-08-12","Las Riveras GEN1 White/RED Boxing Gloves","Boxing Gloves","Gloves",150
"2017-08-12",,,,7.25
"2017-08-12","Las Riveras GEN1 White/RED Boxing Gloves","box","Gloves",150
"2017-08-12","Las Riveras GEN1 White/RED Boxing Gloves","Gloves","Gloves",150
"2017-08-13",,,,0
"2017-08-14",,,,0
"2017-08-15","Las Riveras GEN1 Black Boxing Gloves","Boxing","Gloves",150
"2017-08-15","Las Riveras GEN1 Black Boxing Gloves","fight","Gloves",150
"2017-08-15","Las Riveras GEN1 Black Boxing Gloves","Boxing Gloves","Gloves",150
"2017-08-15","Las Riveras GEN1 Black Boxing Gloves","Pre-Flight","Gloves",150
"2017-08-15",,,,7.04
"2017-08-15","Las Riveras GEN1 Black Boxing Gloves","Gloves","Gloves",150
"2017-08-15","Las Riveras GEN1 Black Boxing Gloves","box","Gloves",150
"2017-08-15","Las Riveras GEN1 Black Boxing Gloves","fitness","Gloves",150
"2017-08-16",,,,0
"2017-08-17","FS GEN2  DNM","Balloon","Dad Hats",20.4
"2017-08-17","FS GEN2  DNM","denim","Dad Hats",20.4
"2017-08-17",,,,7.04
"2017-08-17","FS GEN2  DNM","Dad Hats","Dad Hats",20.4
"2017-08-17","FS GEN2  DNM","red","Dad Hats",20.4
"2017-08-18",,,,0
"2017-08-19",,,,0
"2017-08-20",,,,0
"2017-08-21",,,,0
"2017-08-22",,,,0
"2017-08-23",,,,6.23
"2017-08-23","FS GEN2 BLK","red","Dad Hats",26
"2017-08-23","FS GEN2 BLK","black","Dad Hats",26
"2017-08-23","FS GEN2 BLK","Verishop","Dad Hats",26
"2017-08-23","FS GEN2 BLK","Dad Hats","Dad Hats",26
"2017-08-23","FS GEN2 BLK","Balloon","Dad Hats",26
"2017-08-24",,,,0
"2017-08-25",,,,0
"2017-08-26",,,,0
"2017-08-27","Lamont GEN2","Dad Hats","Dad Hats",20.81
"2017-08-27","FS GEN2  WHT","Balloon","Dad Hats",20.8
"2017-08-27","FS GEN2  CMO","camo","Dad Hats",23.39
"2017-08-27","FS GEN2  WHT","red","Dad Hats",20.8
"2017-08-27","Lamont GEN2","denim","Dad Hats",20.81
"2017-08-27","FS GEN2  DNM","denim","Dad Hats",20.8
"2017-08-27","FS GEN2  CMO","Balloon","Dad Hats",23.39
"2017-08-27","FS GEN2  CMO","red","Dad Hats",23.39
"2017-08-27","Lamont GEN2","Balloon","Dad Hats",20.81
"2017-08-27","FS GEN2  CMO","denim","Dad Hats",23.39
"2017-08-27","FS GEN2  DNM","Balloon","Dad Hats",20.8
"2017-08-27","FS GEN2  CMO","Dad Hats","Dad Hats",23.39
"2017-08-27","FS GEN2  WHT","white","Dad Hats",20.8
"2017-08-27","FS GEN2  WHT","Verishop","Dad Hats",20.8
"2017-08-27","FS GEN2  DNM","Dad Hats","Dad Hats",20.8
"2017-08-27","FS GEN2  DNM","red","Dad Hats",20.8
"2017-08-27","FS GEN2  CMO","Verishop","Dad Hats",23.39
"2017-08-27","FS GEN2  WHT","Dad Hats","Dad Hats",20.8
"2017-08-27","Lamont GEN2","camo","Dad Hats",20.81
"2017-08-27","Lamont GEN2","red","Dad Hats",20.81
"2017-08-28",,,,0
"2017-08-29",,,,0
"2017-08-30",,,,0
"2017-08-31","FS GEN2 BLU","red","Dad Hats",26
"2017-08-31",,,,23.84
"2017-08-31","FS GEN2 BLU","Dad Hats","Dad Hats",26
"2017-08-31","FS GEN2 BLU","Balloon","Dad Hats",26
"2017-08-31","FS GEN2 BLU","blue","Dad Hats",26
"2017-08-31","FS GEN2 BLU","Verishop","Dad Hats",26
"2017-09-01",,,,0
"2017-09-02",,,,0
"2017-09-03",,,,0
"2017-09-04","Granate Ellis GEN1 Dad Hat","maroon","Dad Hats",18
"2017-09-04",,,,5.75
"2017-09-04","Ellis GEN1 Dad Hat","Pre-Flight","Dad Hats",22
"2017-09-04","Ellis GEN1 Dad Hat","blue","Dad Hats",22
"2017-09-04","Ellis GEN1 Dad Hat","Dad Hats","Dad Hats",22
"2017-09-04","Granate Ellis GEN1 Dad Hat","ellis","Dad Hats",18
"2017-09-04","Granate Ellis GEN1 Dad Hat","floater","Dad Hats",18
"2017-09-04","Ellis GEN1 Dad Hat","Balloon","Dad Hats",22
"2017-09-04","Ellis GEN1 Dad Hat","ellis","Dad Hats",22
"2017-09-04","Granate Ellis GEN1 Dad Hat","dad hat","Dad Hats",18
"2017-09-04","Granate Ellis GEN1 Dad Hat","Balloon","Dad Hats",18
"2017-09-04","Ellis GEN1 Dad Hat","white","Dad Hats",22
"2017-09-04","Ellis GEN1 Dad Hat","black","Dad Hats",22
"2017-09-05",,,,0
"2017-09-06","FS GEN2  WHT","Balloon","Dad Hats",21.19
"2017-09-06","Floater Jersey","jersey","Jersey",26.72
"2017-09-06","Floater Jersey","51","Jersey",26.72
"2017-09-06","Floater Jersey","moon","Jersey",26.72
"2017-09-06","Floater Jersey","stripes","Jersey",26.72
"2017-09-06","Floater Jersey","humvn","Jersey",26.72
"2017-09-06","FS GEN2  WHT","red","Dad Hats",21.19
"2017-09-06","Floater Jersey","Verishop","Jersey",26.72
"2017-09-06","Floater Jersey","floater","Jersey",26.72
"2017-09-06","FS GEN2  WHT","white","Dad Hats",21.19
"2017-09-06","FS GEN2  WHT","Verishop","Dad Hats",21.19
"2017-09-06","Floater Jersey","red","Jersey",26.72
"2017-09-06","Floater Jersey","black","Jersey",26.72
"2017-09-06","FS GEN2  WHT","Dad Hats","Dad Hats",21.19
"2017-09-06","Floater Jersey","still","Jersey",26.72
"2017-09-06",,,,12.46
"2017-09-07",,,,0
"2017-09-08",,,,0
"2017-09-09",,,,0
"2017-09-10",,,,0
"2017-09-11",,,,0
"2017-09-12",,,,0
"2017-09-13","Floater Jersey","red","Jersey",31.43
"2017-09-13",,,,6.23
"2017-09-13","Floater Jersey","black","Jersey",31.43
"2017-09-13","Floater Jersey","still","Jersey",31.43
"2017-09-13","Floater Jersey","moon","Jersey",31.43
"2017-09-13","Floater Jersey","stripes","Jersey",31.43
"2017-09-13","Floater Jersey","51","Jersey",31.43
"2017-09-13","Floater Jersey","jersey","Jersey",31.43
"2017-09-13","Floater Jersey","humvn","Jersey",31.43
"2017-09-13","Floater Jersey","floater","Jersey",31.43
"2017-09-13","Floater Jersey","Verishop","Jersey",31.43
"2017-09-14","Floater Jersey","moon","Jersey",29
"2017-09-14","FS GEN2 BLK","Dad Hats","Dad Hats",28
"2017-09-14","Floater Jersey","stripes","Jersey",29
"2017-09-14",,,,0
"2017-09-14","FS GEN2  RED","Verishop","Dad Hats",23
"2017-09-14","Azul Ellis GEN2 Dad Hat","blue","Dad Hats",-20.39
"2017-09-14","FS GEN2  WHT","Balloon","Dad Hats",23
"2017-09-14","Azul Ellis GEN2 Dad Hat","black","Dad Hats",-20.39
"2017-09-14","Floater Jersey","red","Jersey",29
"2017-09-14","FS GEN2  DNM","red","Dad Hats",23
"2017-09-14","Floater Jersey","jersey","Jersey",29
"2017-09-14","Floater Jersey","humvn","Jersey",29
"2017-09-14","Floater Jersey","Verishop","Jersey",29
"2017-09-14","FS GEN2  DNM","Balloon","Dad Hats",23
"2017-09-14","Floater Jersey","floater","Jersey",29
"2017-09-14","FS GEN2  RED","Dad Hats","Dad Hats",23
"2017-09-14","FS GEN2 BLK","Balloon","Dad Hats",28
"2017-09-14","Azul Ellis GEN2 Dad Hat","ellis","Dad Hats",-20.39
"2017-09-14","FS GEN2  DNM","denim","Dad Hats",23
"2017-09-14","FS GEN2  RED","Balloon","Dad Hats",23
"2017-09-14","FS GEN2  DNM","Dad Hats","Dad Hats",23
"2017-09-14","FS GEN2  WHT","white","Dad Hats",23
"2017-09-14","Floater Jersey","51","Jersey",29
"2017-09-14","FS GEN2  WHT","Verishop","Dad Hats",23
"2017-09-14","FS GEN2  RED","red","Dad Hats",23
"2017-09-14","Azul Ellis GEN2 Dad Hat","Pre-Flight","Dad Hats",-20.39
"2017-09-14","FS GEN2  WHT","red","Dad Hats",23
"2017-09-14","FS GEN2 BLK","Verishop","Dad Hats",28
"2017-09-14","Azul Ellis GEN2 Dad Hat","Dad Hats","Dad Hats",-20.39
"2017-09-14","FS GEN2 BLK","black","Dad Hats",28
"2017-09-14","Floater Jersey","black","Jersey",29
"2017-09-14","Floater Jersey","still","Jersey",29
"2017-09-14","FS GEN2 BLK","red","Dad Hats",28
"2017-09-14","FS GEN2  WHT","Dad Hats","Dad Hats",23
"2017-09-15",,,,0
"2017-09-16",,,,0
"2017-09-17",,,,0
"2017-09-18",,,,0
"2017-09-19","FS GEN2 BLU","Balloon","Dad Hats",18.4
"2017-09-19","Floater Jersey","jersey","Jersey",24.66
"2017-09-19",,,,13.75
"2017-09-19","Floater Jersey","moon","Jersey",24.66
"2017-09-19","Floater Jersey","stripes","Jersey",24.66
"2017-09-19","FS GEN2  RED","Verishop","Dad Hats",19.54
"2017-09-19","FS GEN2  RED","red","Dad Hats",19.54
"2017-09-19","Floater Jersey","51","Jersey",24.66
"2017-09-19","FS GEN2 BLU","Dad Hats","Dad Hats",18.4
"2017-09-19","Floater Jersey","humvn","Jersey",24.66
"2017-09-19","Floater Jersey","floater","Jersey",24.66
"2017-09-19","FS GEN2  RED","Dad Hats","Dad Hats",19.54
"2017-09-19","Floater Jersey","Verishop","Jersey",24.66
"2017-09-19","FS GEN2  RED","Balloon","Dad Hats",19.54
"2017-09-19","FS GEN2 BLU","Verishop","Dad Hats",18.4
"2017-09-19","FS GEN2 BLU","blue","Dad Hats",18.4
"2017-09-19","Floater Jersey","black","Jersey",24.66
"2017-09-19","Floater Jersey","red","Jersey",24.66
"2017-09-19","Floater Jersey","still","Jersey",24.66
"2017-09-19","FS GEN2 BLU","red","Dad Hats",18.4
"2017-09-20",,,,0
"2017-09-21",,,,0
"2017-09-22",,,,0
"2017-09-23",,,,0
"2017-09-24",,,,0
"2017-09-25",,,,0
"2017-09-26",,,,0
"2017-09-27",,,,0
"2017-09-28",,,,0
"2017-09-29",,,,0
"2017-09-30",,,,29.04
"2017-10-01",,,,0
"2017-10-02","Astro GEN1 T-Shirt","Balloon","Shirt",16
"2017-10-02",,,,5.75
"2017-10-02","Astro GEN1 T-Shirt","shirt","Shirt",16
"2017-10-02","Astro GEN1 T-Shirt","astronaut","Shirt",16
"2017-10-03",,,,0
"2017-10-04",,,,0
"2017-10-05",,,,6.26
"2017-10-05","FS GEN2 BLU","Verishop","Dad Hats",21.29
"2017-10-05","Lamont GEN2","red","Dad Hats",22.21
"2017-10-05","Lamont GEN2","camo","Dad Hats",22.21
"2017-10-05","FS GEN2 BLU","red","Dad Hats",21.29
"2017-10-05","Lamont GEN2","Balloon","Dad Hats",22.21
"2017-10-05","FS GEN2 BLU","Dad Hats","Dad Hats",21.29
"2017-10-05","FS GEN2 BLU","blue","Dad Hats",21.29
"2017-10-05","FS GEN2 BLU","Balloon","Dad Hats",21.29
"2017-10-05","Lamont GEN2","Dad Hats","Dad Hats",22.21
"2017-10-05","Lamont GEN2","denim","Dad Hats",22.21
"2017-10-06","FS GEN2  DNM","denim","Dad Hats",23
"2017-10-06","FS GEN2  DNM","Balloon","Dad Hats",23
"2017-10-06",,,,7.04
"2017-10-06","FS GEN2  DNM","red","Dad Hats",23
"2017-10-06","FS GEN2  DNM","Dad Hats","Dad Hats",23
"2017-10-07","VQ GEN2 BLK SPBK","red","Snapback",21.6
"2017-10-07","VQ GEN2 BLK SPBK","moon","Snapback",21.6
"2017-10-07","VQ GEN2 BLK SPBK","snapback","Snapback",21.6
"2017-10-07","VQ GEN2 BLK SPBK","black","Snapback",21.6
"2017-10-07","VQ GEN2 BLK SPBK","Dad Hats","Snapback",21.6
"2017-10-07","VQ GEN2 BLK SPBK","green brim","Snapback",21.6
"2017-10-07","VQ GEN2 BLK SPBK","Verishop","Snapback",21.6
"2017-10-07",,,,9.97
"2017-10-07","Astro GEN1 T-Shirt","shirt","Shirt",12.8
"2017-10-07","Astro GEN1 T-Shirt","astronaut","Shirt",12.8
"2017-10-07","VQ GEN2 BLK SPBK","Pre-Flight","Snapback",21.6
"2017-10-07","VQ GEN2 BLK SPBK","Balloon","Snapback",21.6
"2017-10-07","Astro GEN1 T-Shirt","Balloon","Shirt",12.8
"2017-10-08",,,,0
"2017-10-09",,,,0
"2017-10-10",,,,0
"2017-10-11","FS GEN2  RED","Balloon","Dad Hats",23
"2017-10-11","STILL HUMVN Jersey","jersey","Jersey",26.84
"2017-10-11","STILL HUMVN Jersey","still","Jersey",26.84
"2017-10-11","STILL HUMVN Jersey","humvn","Jersey",26.84
"2017-10-11","STILL HUMVN Jersey","black","Jersey",26.84
"2017-10-11","FS GEN2  RED","red","Dad Hats",23
"2017-10-11","STILL HUMVN Jersey","Verishop","Jersey",26.84
"2017-10-11","FS GEN2  RED","Verishop","Dad Hats",23
"2017-10-11","STILL HUMVN Jersey","51","Jersey",26.84
"2017-10-11","STILL HUMVN Jersey","moon","Jersey",26.84
"2017-10-11","FS GEN2  RED","Dad Hats","Dad Hats",23
"2017-10-11",,,,13.3
"2017-10-12","STILL HUMVN Jersey","Verishop","Jersey",29
"2017-10-12","STILL HUMVN Jersey","51","Jersey",29
"2017-10-12","STILL HUMVN Jersey","moon","Jersey",29
"2017-10-12",,,,6.26
"2017-10-12","STILL HUMVN Jersey","still","Jersey",29
"2017-10-12","STILL HUMVN Jersey","jersey","Jersey",29
"2017-10-12","STILL HUMVN Jersey","humvn","Jersey",29
"2017-10-12","STILL HUMVN Jersey","black","Jersey",29
"2017-10-13",,,,0
"2017-10-14",,,,0
"2017-10-15","FS GEN2  DNM","Balloon","Dad Hats",22.44
"2017-10-15","FS GEN2  DNM","denim","Dad Hats",22.44
"2017-10-15","FS GEN2  DNM","Dad Hats","Dad Hats",22.44
"2017-10-15","FS GEN2  DNM","red","Dad Hats",22.44
"2017-10-16",,,,0
"2017-10-17",,,,0
"2017-10-18",,,,0
"2017-10-19",,,,0
"2017-10-20","Rosado Ellis GEN1 Dad Hat","floater","Dad Hats",0
"2017-10-20","Rosado Ellis GEN1 Dad Hat","ellis","Dad Hats",0
"2017-10-20","Rosado Ellis GEN1 Dad Hat","pink","Dad Hats",0
"2017-10-20","Rosado Ellis GEN1 Dad Hat","Dad Hats","Dad Hats",0
"2017-10-20","Rosado Ellis GEN1 Dad Hat","forgotten","Dad Hats",0
"2017-10-20","Rosado Ellis GEN1 Dad Hat","Balloon","Dad Hats",0
"2017-10-21","Camo Floater Raglan Tee","baseball","Shirt",24.93
"2017-10-21","VQ GEN2 BLK SPBK","Verishop","Snapback",27.08
"2017-10-21","Lamont GEN2","camo","Dad Hats",68.97
"2017-10-21","Azul Ellis GEN2 Dad Hat","ellis","Dad Hats",14.99
"2017-10-21","Ellis GEN1 Dad Hat","blue","Dad Hats",14.99
"2017-10-21","VQ GEN2 BLK SPBK","green brim","Snapback",27.08
"2017-10-21","VQ GEN2 BLK SPBK","Dad Hats","Snapback",27.08
"2017-10-21","Lamont GEN2","red","Dad Hats",68.97
"2017-10-21","FS GEN2  CMO","Dad Hats","Dad Hats",28.18
"2017-10-21","STILL HUMVN Jersey","jersey","Jersey",31.42
"2017-10-21","Floater Jersey","red","Jersey",54.61
"2017-10-21","Camo Floater Raglan Tee","tee","Shirt",24.93
"2017-10-21","FS GEN2  DNM","red","Dad Hats",24.92
"2017-10-21","STILL HUMVN Jersey","still","Jersey",31.42
"2017-10-21","FS GEN2  DNM","Dad Hats","Dad Hats",24.92
"2017-10-21","FS GEN2  RED","Balloon","Dad Hats",22.99
"2017-10-21","VQ GEN2 BLK SPBK","snapback","Snapback",27.08
"2017-10-21","Camo Floater Raglan Tee","shirt","Shirt",24.93
"2017-10-21","Azul Ellis GEN2 Dad Hat","blue","Dad Hats",14.99
"2017-10-21","Azul Ellis GEN2 Dad Hat","Pre-Flight","Dad Hats",14.99
"2017-10-21","Floater Jersey","still","Jersey",54.61
"2017-10-21","STILL HUMVN Jersey","black","Jersey",31.42
"2017-10-21","Azul Ellis GEN2 Dad Hat","black","Dad Hats",14.99
"2017-10-21","STILL HUMVN Jersey","Verishop","Jersey",31.42
"2017-10-21","VQ GEN2 BLK SPBK","Balloon","Snapback",27.08
"2017-10-21","Floater Jersey","black","Jersey",54.61
"2017-10-21","FS GEN2  CMO","Verishop","Dad Hats",28.18
"2017-10-21","STILL HUMVN Jersey","humvn","Jersey",31.42
"2017-10-21","Ellis GEN1 Dad Hat","black","Dad Hats",14.99
"2017-10-21","VQ GEN2 BLK SPBK","moon","Snapback",27.08
"2017-10-21","Floater Jersey","jersey","Jersey",54.61
"2017-10-21","VQ GEN2 BLK SPBK","red","Snapback",27.08
"2017-10-21","FS GEN2  CMO","red","Dad Hats",28.18
"2017-10-21","Azul Ellis GEN2 Dad Hat","Dad Hats","Dad Hats",14.99
"2017-10-21","Lamont GEN2","Dad Hats","Dad Hats",68.97
"2017-10-21","Camo Floater Raglan Tee","camoflauge","Shirt",24.93
"2017-10-21","Lamont GEN2","denim","Dad Hats",68.97
"2017-10-21","FS GEN2  RED","Verishop","Dad Hats",22.99
"2017-10-21","Floater Jersey","51","Jersey",54.61
"2017-10-21","Floater Jersey","stripes","Jersey",54.61
"2017-10-21","Floater Jersey","moon","Jersey",54.61
"2017-10-21","FS GEN2  CMO","camo","Dad Hats",28.18
"2017-10-21","VQ GEN2 BLK SPBK","Pre-Flight","Snapback",27.08
"2017-10-21","Ellis GEN1 Dad Hat","Dad Hats","Dad Hats",14.99
"2017-10-21","Camo Floater Raglan Tee","Verishop","Shirt",24.93
"2017-10-21","FS GEN2  DNM","denim","Dad Hats",24.92
"2017-10-21","VQ GEN2 BLK SPBK","black","Snapback",27.08
"2017-10-21","Ellis GEN1 Dad Hat","Pre-Flight","Dad Hats",14.99
"2017-10-21","FS GEN2  CMO","Balloon","Dad Hats",28.18
"2017-10-21","Ellis GEN1 Dad Hat","ellis","Dad Hats",14.99
"2017-10-21","Camo Floater Raglan Tee","camo","Shirt",24.93
"2017-10-21","FS GEN2  RED","red","Dad Hats",22.99
"2017-10-21","Ellis GEN1 Dad Hat","Balloon","Dad Hats",14.99
"2017-10-21","FS GEN2  CMO","denim","Dad Hats",28.18
"2017-10-21","STILL HUMVN Jersey","moon","Jersey",31.42
"2017-10-21","Floater Jersey","Verishop","Jersey",54.61
"2017-10-21","FS GEN2  RED","Dad Hats","Dad Hats",22.99
"2017-10-21","Floater Jersey","floater","Jersey",54.61
"2017-10-21","Camo Floater Raglan Tee","floater","Shirt",24.93
"2017-10-21","Ellis GEN1 Dad Hat","white","Dad Hats",14.99
"2017-10-21","FS GEN2  DNM","Balloon","Dad Hats",24.92
"2017-10-21","Floater Jersey","humvn","Jersey",54.61
"2017-10-21","Lamont GEN2","Balloon","Dad Hats",68.97
"2017-10-21","STILL HUMVN Jersey","51","Jersey",31.42
"2017-10-22",,,,0
"2017-10-23","VQ GEN2 BLK SPBK","black","Snapback",74.97
"2017-10-23","FS GEN2  DNM","denim","Dad Hats",22.99
"2017-10-23","VQ GEN2 BLK SPBK","snapback","Snapback",74.97
"2017-10-23","Floater Jersey","floater","Jersey",57.98
"2017-10-23","FS GEN2  DNM","Balloon","Dad Hats",22.99
"2017-10-23","VQ GEN2 BLK SPBK","Dad Hats","Snapback",74.97
"2017-10-23","VQ GEN2 BLK SPBK","green brim","Snapback",74.97
"2017-10-23","STILL HUMVN Jersey","moon","Jersey",58
"2017-10-23","Floater Jersey","Verishop","Jersey",57.98
"2017-10-23","VQ GEN2 BLK SPBK","Verishop","Snapback",74.97
"2017-10-23","STILL HUMVN Jersey","51","Jersey",58
"2017-10-23","Floater Jersey","humvn","Jersey",57.98
"2017-10-23","VQ GEN2 BLK SPBK","red","Snapback",74.97
"2017-10-23","Floater Jersey","jersey","Jersey",57.98
"2017-10-23","VQ GEN2 BLK SPBK","moon","Snapback",74.97
"2017-10-23","Granate Ellis GEN1 Dad Hat","Balloon","Dad Hats",14.99
"2017-10-23","Granate Ellis GEN1 Dad Hat","dad hat","Dad Hats",14.99
"2017-10-23","Floater Jersey","stripes","Jersey",57.98
"2017-10-23","STILL HUMVN Jersey","Verishop","Jersey",58
"2017-10-23","Floater Jersey","51","Jersey",57.98
"2017-10-23","Floater Jersey","moon","Jersey",57.98
"2017-10-23","VQ GEN2 BLK SPBK","Pre-Flight","Snapback",74.97
"2017-10-23","Floater Jersey","still","Jersey",57.98
"2017-10-23","VQ GEN2 BLK SPBK","Balloon","Snapback",74.97
"2017-10-23","Floater Jersey","black","Jersey",57.98
"2017-10-23","Granate Ellis GEN1 Dad Hat","floater","Dad Hats",14.99
"2017-10-23","STILL HUMVN Jersey","black","Jersey",58
"2017-10-23","STILL HUMVN Jersey","humvn","Jersey",58
"2017-10-23","STILL HUMVN Jersey","still","Jersey",58
"2017-10-23","Floater Jersey","red","Jersey",57.98
"2017-10-23","STILL HUMVN Jersey","jersey","Jersey",58
"2017-10-23","Granate Ellis GEN1 Dad Hat","maroon","Dad Hats",14.99
"2017-10-23","FS GEN2  DNM","red","Dad Hats",22.99
"2017-10-23","FS GEN2  DNM","Dad Hats","Dad Hats",22.99
"2017-10-23","Granate Ellis GEN1 Dad Hat","ellis","Dad Hats",14.99
"2017-10-24",,,,28.71
"2017-10-25","Floater Jersey","moon","Jersey",31.42
"2017-10-25","Floater Jersey","stripes","Jersey",31.42
"2017-10-25","Floater Jersey","jersey","Jersey",31.42
"2017-10-25","Floater Jersey","humvn","Jersey",31.42
"2017-10-25","Floater Jersey","Verishop","Jersey",31.42
"2017-10-25","Floater Jersey","51","Jersey",31.42
"2017-10-25","Floater Jersey","floater","Jersey",31.42
"2017-10-25",,,,6.23
"2017-10-25","Floater Jersey","red","Jersey",31.42
"2017-10-25","Floater Jersey","black","Jersey",31.42
"2017-10-25","Floater Jersey","still","Jersey",31.42
"2017-10-26","Rosado Ellis GEN1 Dad Hat","forgotten","Dad Hats",13.49
"2017-10-26","FS GEN2 BLK","red","Dad Hats",20.69
"2017-10-26","Rosado Ellis GEN1 Dad Hat","Dad Hats","Dad Hats",13.49
"2017-10-26","Rosado Ellis GEN1 Dad Hat","Balloon","Dad Hats",13.49
"2017-10-26","FS GEN2 BLK","Verishop","Dad Hats",20.69
"2017-10-26","FS GEN2 BLK","black","Dad Hats",20.69
"2017-10-26","FS GEN2 BLK","Dad Hats","Dad Hats",20.69
"2017-10-26","Rosado Ellis GEN1 Dad Hat","pink","Dad Hats",13.49
"2017-10-26","Rosado Ellis GEN1 Dad Hat","ellis","Dad Hats",13.49
"2017-10-26","Rosado Ellis GEN1 Dad Hat","floater","Dad Hats",13.49
"2017-10-26","FS GEN2 BLK","Balloon","Dad Hats",20.69
"2017-10-27",,,,0
"2017-10-28",,,,0
"2017-10-29","Floater Jersey","51","Jersey",28.99
"2017-10-29","Floater Jersey","still","Jersey",28.99
"2017-10-29","VQ GEN2 BLK SPBK","Balloon","Snapback",24.99
"2017-10-29","Floater Jersey","black","Jersey",28.99
"2017-10-29","VQ GEN2 BLK SPBK","Pre-Flight","Snapback",24.99
"2017-10-29","Floater Jersey","red","Jersey",28.99
"2017-10-29","Floater Jersey","stripes","Jersey",28.99
"2017-10-29","Floater Jersey","moon","Jersey",28.99
"2017-10-29","VQ GEN2 BLK SPBK","red","Snapback",24.99
"2017-10-29","VQ GEN2 BLK SPBK","moon","Snapback",24.99
"2017-10-29","Floater Jersey","jersey","Jersey",28.99
"2017-10-29","Floater Jersey","Verishop","Jersey",28.99
"2017-10-29","VQ GEN2 BLK SPBK","Verishop","Snapback",24.99
"2017-10-29","Floater Jersey","floater","Jersey",28.99
"2017-10-29","Floater Jersey","humvn","Jersey",28.99
"2017-10-29","VQ GEN2 BLK SPBK","green brim","Snapback",24.99
"2017-10-29","VQ GEN2 BLK SPBK","Dad Hats","Snapback",24.99
"2017-10-29","VQ GEN2 BLK SPBK","black","Snapback",24.99
"2017-10-29","VQ GEN2 BLK SPBK","snapback","Snapback",24.99
"2017-10-30",,,,0
"2017-10-31",,,,0
"2017-11-01",,,,0
"2017-11-02",,,,0
"2017-11-02","FS GEN2  WHT","red","Dad Hats",22.99
"2017-11-02","FS GEN2 BLU","Balloon","Dad Hats",22.99
"2017-11-02","FS GEN2  WHT","Balloon","Dad Hats",22.99
"2017-11-02","FS GEN2 BLU","Dad Hats","Dad Hats",22.99
"2017-11-02","FS GEN2 BLU","Verishop","Dad Hats",22.99
"2017-11-02","FS GEN2  WHT","white","Dad Hats",22.99
"2017-11-02","FSVQ Laptop Sleeve",,"Laptop Sleeve",30
"2017-11-02","FS GEN2  WHT","Verishop","Dad Hats",22.99
"2017-11-02","FS GEN2 BLU","blue","Dad Hats",22.99
"2017-11-02","FS GEN2 BLU","red","Dad Hats",22.99
"2017-11-02","FS GEN2  WHT","Dad Hats","Dad Hats",22.99
"2017-11-03",,,,0
"2017-11-04","Lamont GEN2","camo","Dad Hats",22.99
"2017-11-04","FS GEN2  CMO","Verishop","Dad Hats",27.08
"2017-11-04","Lamont GEN2","red","Dad Hats",22.99
"2017-11-04","FS GEN2  CMO","Dad Hats","Dad Hats",27.08
"2017-11-04","FS GEN2  CMO","denim","Dad Hats",27.08
"2017-11-04","Lamont GEN2","Balloon","Dad Hats",22.99
"2017-11-04","FS GEN2  CMO","red","Dad Hats",27.08
"2017-11-04","FS GEN2  CMO","Balloon","Dad Hats",27.08
"2017-11-04","Lamont GEN2","denim","Dad Hats",22.99
"2017-11-04","FS GEN2  CMO","camo","Dad Hats",27.08
"2017-11-04",,,,13.27
"2017-11-04","Lamont GEN2","Dad Hats","Dad Hats",22.99
"2017-11-05","VQ GEN2 BLK SPBK","black","Snapback",24.99
"2017-11-05","VQ GEN2 BLK SPBK","Dad Hats","Snapback",24.99
"2017-11-05","VQ GEN2 BLK SPBK","green brim","Snapback",24.99
"2017-11-05","VQ GEN2 BLK SPBK","Verishop","Snapback",24.99
"2017-11-05","VQ GEN2 BLK SPBK","snapback","Snapback",24.99
"2017-11-05","VQ GEN2 BLK SPBK","red","Snapback",24.99
"2017-11-05","VQ GEN2 BLK SPBK","moon","Snapback",24.99
"2017-11-05","VQ GEN2 BLK SPBK","Balloon","Snapback",24.99
"2017-11-05","VQ GEN2 BLK SPBK","Pre-Flight","Snapback",24.99
"2017-11-06","Floater Jersey","51","Jersey",28.99
"2017-11-06","FS GEN2 BLK","red","Dad Hats",20.04
"2017-11-06","FS GEN2 BLK","Verishop","Dad Hats",20.04
"2017-11-06",,,,6.26
"2017-11-06","Floater Jersey","black","Jersey",28.99
"2017-11-06","FS GEN2 BLK","black","Dad Hats",20.04
"2017-11-06","Floater Jersey","still","Jersey",28.99
"2017-11-06","Floater Jersey","moon","Jersey",28.99
"2017-11-06","FS GEN2 BLK","Dad Hats","Dad Hats",20.04
"2017-11-06","Floater Jersey","red","Jersey",28.99
"2017-11-06","Floater Jersey","stripes","Jersey",28.99
"2017-11-06","Floater Jersey","jersey","Jersey",28.99
"2017-11-06","Floater Jersey","humvn","Jersey",28.99
"2017-11-06","Floater Jersey","Verishop","Jersey",28.99
"2017-11-06","Floater Jersey","floater","Jersey",28.99
"2017-11-06","FS GEN2 BLK","Balloon","Dad Hats",20.04
"2017-11-07",,,,0
"2017-11-08",,,,0
"2017-11-09",,,,0
"2017-11-10",,,,0
"2017-11-11",,,,0
"2017-11-12",,,,0
"2017-11-13",,,,0
"2017-11-14",,,,0
"2017-11-15",,,,0
"2017-11-16","FS GEN2 BLK","Balloon","Dad Hats",37.37
"2017-11-16","Lamont GEN2","Balloon","Dad Hats",37.38
"2017-11-16","FS GEN2 BLK","red","Dad Hats",37.37
"2017-11-16","Lamont GEN2","Dad Hats","Dad Hats",37.38
"2017-11-16","FS GEN2 BLK","Dad Hats","Dad Hats",37.37
"2017-11-16","Lamont GEN2","denim","Dad Hats",37.38
"2017-11-16","FS GEN2 BLK","black","Dad Hats",37.37
"2017-11-16","FS GEN2 BLK","Verishop","Dad Hats",37.37
"2017-11-16","Lamont GEN2","red","Dad Hats",37.38
"2017-11-16","Lamont GEN2","camo","Dad Hats",37.38
"2017-11-17",,,,0
"2017-11-18",,,,0
"2017-11-19",,,,0
"2017-11-20",,,,0
"2017-11-21",,,,0
"2017-11-22",,,,0
"2017-11-23",,,,0
"2017-11-24","Camo Floater Raglan Tee","floater","Shirt",14.95
"2017-11-24","FS GEN2  CMO","camo","Dad Hats",15.6
"2017-11-24","Lamont GEN2","denim","Dad Hats",14.95
"2017-11-24","Lamont GEN2","Dad Hats","Dad Hats",14.95
"2017-11-24","Camo Floater Raglan Tee","Verishop","Shirt",14.95
"2017-11-24","Camo Floater Raglan Tee","camo","Shirt",14.95
"2017-11-24","Lamont GEN2","Balloon","Dad Hats",14.95
"2017-11-24","STILL HUMVN Jersey","51","Jersey",18.85
"2017-11-24","FS GEN2  CMO","denim","Dad Hats",15.6
"2017-11-24","STILL HUMVN Jersey","moon","Jersey",18.85
"2017-11-24","FS GEN2  CMO","red","Dad Hats",15.6
"2017-11-24","Camo Floater Raglan Tee","camoflauge","Shirt",14.95
"2017-11-24","FS GEN2  CMO","Balloon","Dad Hats",15.6
"2017-11-24","STILL HUMVN Jersey","jersey","Jersey",18.85
"2017-11-24","Camo Floater Raglan Tee","tee","Shirt",14.95
"2017-11-24","STILL HUMVN Jersey","still","Jersey",18.85
"2017-11-24",,,,13.37
"2017-11-24","Camo Floater Raglan Tee","shirt","Shirt",14.95
"2017-11-24","FS GEN2  CMO","Dad Hats","Dad Hats",15.6
"2017-11-24","STILL HUMVN Jersey","Verishop","Jersey",18.85
"2017-11-24","STILL HUMVN Jersey","humvn","Jersey",18.85
"2017-11-24","STILL HUMVN Jersey","black","Jersey",18.85
"2017-11-24","Lamont GEN2","camo","Dad Hats",14.95
"2017-11-24","Camo Floater Raglan Tee","baseball","Shirt",14.95
"2017-11-24","FS GEN2  CMO","Verishop","Dad Hats",15.6
"2017-11-24","Lamont GEN2","red","Dad Hats",14.95
"2017-11-25",,,,9.56
"2017-11-25","Camo Floater Raglan Tee","tee","Shirt",16.2
"2017-11-25","Camo Floater Raglan Tee","shirt","Shirt",16.2
"2017-11-25","Camo Floater Raglan Tee","baseball","Shirt",16.2
"2017-11-25","Camo Floater Raglan Tee","floater","Shirt",16.2
"2017-11-25","Camo Floater Raglan Tee","camo","Shirt",16.2
"2017-11-25","Camo Floater Raglan Tee","Verishop","Shirt",16.2
"2017-11-25","Camo Floater Raglan Tee","camoflauge","Shirt",16.2
"2017-11-26",,,,0
"2017-11-27",,,,0
"2017-11-28","VQ GEN2 BLK SPBK","Verishop","Snapback",20.32
"2017-11-28",,,,6.23
"2017-11-28","VQ GEN2 BLK SPBK","Dad Hats","Snapback",20.32
"2017-11-28","VQ GEN2 BLK SPBK","green brim","Snapback",20.32
"2017-11-28","VQ GEN2 BLK SPBK","Balloon","Snapback",20.32
"2017-11-28","VQ GEN2 BLK SPBK","snapback","Snapback",20.32
"2017-11-28","VQ GEN2 BLK SPBK","moon","Snapback",20.32
"2017-11-28","VQ GEN2 BLK SPBK","red","Snapback",20.32
"2017-11-28","VQ GEN2 BLK SPBK","black","Snapback",20.32
"2017-11-28","VQ GEN2 BLK SPBK","Pre-Flight","Snapback",20.32
"2017-11-29",,,,0
"2017-11-30",,,,0
"2017-12-01",,,,0
"2017-12-02",,,,0
"2017-12-03",,,,0
"2017-12-04",,,,0
"2017-12-05",,,,0
"2017-12-06",,,,0
"2017-12-07",,,,0
"2017-12-08",,,,0
"2017-12-09",,,,0
"2017-12-10",,,,0
"2017-12-11",,,,0
"2017-12-12",,,,0
"2017-12-13","FS GEN2  CMO","camo","Dad Hats",52.11
"2017-12-13",,,,12.79
"2017-12-13","FS GEN2  CMO","red","Dad Hats",52.11
"2017-12-13","FS GEN2  CMO","Balloon","Dad Hats",52.11
"2017-12-13","FS GEN2  CMO","denim","Dad Hats",52.11
"2017-12-13","FS GEN2  CMO","Dad Hats","Dad Hats",52.11
"2017-12-13","FS GEN2  CMO","Verishop","Dad Hats",52.11
"2017-12-14",,,,0
"2017-12-15",,,,0
"2017-12-16",,,,0
"2017-12-17",,,,0
"2017-12-18",,,,0
"2017-12-19",,,,0
"2017-12-20",,,,7.04
"2017-12-20","FS GEN2  CMO","red","Dad Hats",25.99
"2017-12-20","FS GEN2  CMO","Verishop","Dad Hats",25.99
"2017-12-20","FS GEN2  CMO","Dad Hats","Dad Hats",25.99
"2017-12-20","FS GEN2  CMO","denim","Dad Hats",25.99
"2017-12-20","FS GEN2  CMO","Balloon","Dad Hats",25.99
"2017-12-20","FS GEN2  CMO","camo","Dad Hats",25.99
"2017-12-21",,,,0
"2017-12-22",,,,0
"2017-12-23",,,,0
"2017-12-24",,,,0
"2017-12-25",,,,0
"2017-12-26","OOOM Socks","Accessories","Accessories",12
"2017-12-26","Balance  Sweatshirt",,"Sweatshirt",19.19
"2017-12-26","OOOM Socks","Socks","Accessories",12
"2017-12-26",,,,9.97
"2017-12-27",,,,0
"2017-12-28",,,,0
"2017-12-29",,,,0
"2017-12-30",,,,0
"2017-12-31",,,,0
"2017-12-31","Women's Focus Bear  Hoodie",,"Hoodie",37.92
"2017-12-31","LMNT Woman's  Leggings",,"All Over Prints",37.92
"2017-12-31","Women's Creature of the Night Long Sleeve Tee",,"Long-sleeve",22.75
"2018-01-01",,,,0
"2018-01-02",,,,0
"2018-01-03",,,,0
"2018-01-04",,,,0
"2018-01-05",,,,0
"2018-01-06",,,,0
"2018-01-07",,,,0
"2018-01-08",,,,0
"2018-01-09",,,,0
"2018-01-10",,,,0
"2018-01-11","Lamont GEN2","red","Dad Hats",21.17
"2018-01-11","Lamont GEN2","camo","Dad Hats",21.17
"2018-01-11","Lamont GEN2","Dad Hats","Dad Hats",21.17
"2018-01-11","Lamont GEN2","denim","Dad Hats",21.17
"2018-01-11","Lamont GEN2","Balloon","Dad Hats",21.17
"2018-01-12","Dolo LMNT Hoodie",,"Hoodie",43.34
"2018-01-12",,,,0
"2018-01-13","FS GEN2  DNM","red","Dad Hats",21.25
"2018-01-13","FS GEN2  DNM","Dad Hats","Dad Hats",21.25
"2018-01-13","FS GEN2  DNM","Balloon","Dad Hats",21.25
"2018-01-13",,,,6.66
"2018-01-13","FS GEN2  DNM","denim","Dad Hats",21.25
"2018-01-14",,,,0
"2018-01-15",,,,7.04
"2018-01-15","LMNT Woman's  Leggings",,"All Over Prints",34.99
"2018-01-16",,,,0
"2018-01-17",,,,0
"2018-01-18",,,,0
"2018-01-19",,,,0
"2018-01-20","Limited Edition Astro Tee",,"All Over Prints",28.43
"2018-01-20","Women's Focus Bear  Hoodie",,"Hoodie",28.45
"2018-01-20",,,,6.86
"2018-01-21",,,,0
"2018-01-22",,,,0
"2018-01-23",,,,0
"2018-01-24",,,,0
"2018-01-25",,,,0
"2018-01-26",,,,10.48
"2018-01-26","Astro GEN1 T-Shirt","shirt","Shirt",13.6
"2018-01-26","Camo Floater Raglan Tee","baseball","Shirt",19.55
"2018-01-26","Camo Floater Raglan Tee","tee","Shirt",19.55
"2018-01-26","Astro GEN1 T-Shirt","Balloon","Shirt",13.6
"2018-01-26","Camo Floater Raglan Tee","shirt","Shirt",19.55
"2018-01-26","OOOM Socks","Socks","Accessories",29.98
"2018-01-26","Camo Floater Raglan Tee","camoflauge","Shirt",19.55
"2018-01-26","Camo Floater Raglan Tee","floater","Shirt",19.55
"2018-01-26","OOOM Socks","Accessories","Accessories",29.98
"2018-01-26","Astro GEN1 T-Shirt","astronaut","Shirt",13.6
"2018-01-26","Camo Floater Raglan Tee","Verishop","Shirt",19.55
"2018-01-26","Camo Floater Raglan Tee","camo","Shirt",19.55
"2018-01-27",,,,0
"2018-01-28",,,,0
"2018-01-29","Astro GEN1 T-Shirt","shirt","Shirt",16
"2018-01-29","Astro GEN1 T-Shirt","Balloon","Shirt",16
"2018-01-29","Astro GEN1 T-Shirt","astronaut","Shirt",16
"2018-01-29",,,,6.89
"2018-01-30",,,,0
"2018-01-31","Limited Edition Astro Tee",,"All Over Prints",26.25
"2018-01-31",,,,-0.54
"2018-01-31","Astro GEN1 T-Shirt","Balloon","Shirt",-16
"2018-01-31","Astro GEN1 T-Shirt","shirt","Shirt",-16
"2018-01-31","Astro GEN1 T-Shirt","astronaut","Shirt",-16
"2018-02-01",,,,0
"2018-02-02",,,,0
"2018-02-03",,,,0
"2018-02-04",,,,0
"2018-02-05",,,,0
"2018-02-06",,,,0
"2018-02-07",,,,0
"2018-02-08",,,,7.47
"2018-02-08","Mr. Smiley Long Sleeve",,"Long-sleeve",27.08
"2018-02-08","Women's Focus Bear  Hoodie",,"Hoodie",37.92
"2018-02-09",,,,0
"2018-02-10","VQ GEN2 BLK SPBK","Balloon","Snapback",24.99
"2018-02-10","VQ GEN2 BLK SPBK","Pre-Flight","Snapback",24.99
"2018-02-10","Camo Floater Raglan Tee","camoflauge","Shirt",22.99
"2018-02-10",,,,38.57
"2018-02-10","Camo Floater Raglan Tee","floater","Shirt",22.99
"2018-02-10","Camo Floater Raglan Tee","camo","Shirt",22.99
"2018-02-10","Camo Floater Raglan Tee","Verishop","Shirt",22.99
"2018-02-10","Camo Floater Raglan Tee","tee","Shirt",22.99
"2018-02-10","VQ GEN2 BLK SPBK","snapback","Snapback",24.99
"2018-02-10","Limited Edition Astro Tee",,"All Over Prints",34.99
"2018-02-10","VQ GEN2 BLK SPBK","black","Snapback",24.99
"2018-02-10","VQ GEN2 BLK SPBK","green brim","Snapback",24.99
"2018-02-10","VQ GEN2 BLK SPBK","Dad Hats","Snapback",24.99
"2018-02-10","Camo Floater Raglan Tee","baseball","Shirt",22.99
"2018-02-10","VQ GEN2 BLK SPBK","Verishop","Snapback",24.99
"2018-02-10","VQ GEN2 BLK SPBK","moon","Snapback",24.99
"2018-02-10","VQ GEN2 BLK SPBK","red","Snapback",24.99
"2018-02-10","Camo Floater Raglan Tee","shirt","Shirt",22.99
"2018-02-11",,,,0
"2018-02-12","STILL HUMVN Jersey","51","Jersey",28.99
"2018-02-12","STILL HUMVN Jersey","moon","Jersey",28.99
"2018-02-12","STILL HUMVN Jersey","jersey","Jersey",28.99
"2018-02-12",,,,0
"2018-02-12","STILL HUMVN Jersey","still","Jersey",28.99
"2018-02-12","STILL HUMVN Jersey","black","Jersey",28.99
"2018-02-12","STILL HUMVN Jersey","Verishop","Jersey",28.99
"2018-02-12","STILL HUMVN Jersey","humvn","Jersey",28.99
"2018-02-13",,,,0
"2018-02-14","Rosado Ellis GEN1 Dad Hat","Dad Hats","Dad Hats",14.99
"2018-02-14","Rosado Ellis GEN1 Dad Hat","forgotten","Dad Hats",14.99
"2018-02-14","Rosado Ellis GEN1 Dad Hat","Balloon","Dad Hats",14.99
"2018-02-14","Rosado Ellis GEN1 Dad Hat","floater","Dad Hats",14.99
"2018-02-14","Rosado Ellis GEN1 Dad Hat","ellis","Dad Hats",14.99
"2018-02-14","Rosado Ellis GEN1 Dad Hat","pink","Dad Hats",14.99
"2018-02-14",,,,7.53
"2018-02-15",,,,7.53
"2018-02-15","Amethyst Crystal Pipe","secret menu","Stones",12.9
"2018-02-16",,,,0
"2018-02-17","Floater Jersey","stripes","Jersey",26.84
"2018-02-17","Floater Jersey","red","Jersey",26.84
"2018-02-17","Floater Jersey","moon","Jersey",26.84
"2018-02-17","Floater Jersey","jersey","Jersey",26.84
"2018-02-17","Floater Jersey","floater","Jersey",26.84
"2018-02-17","Floater Jersey","Verishop","Jersey",26.84
"2018-02-17","Floater Jersey","humvn","Jersey",26.84
"2018-02-17","Floater Jersey","51","Jersey",26.84
"2018-02-17","Floater Jersey","still","Jersey",26.84
"2018-02-17",,,,8.49
"2018-02-17","Floater Jersey","black","Jersey",26.84
"2018-02-18",,,,1.01
"2018-02-19",,,,0
"2018-02-20",,,,0
"2018-02-21",,,,0
"2018-02-22",,,,0
"2018-02-23",,,,0
"2018-02-24",,,,0
"2018-02-25","STILL HUMVN Jersey","moon","Jersey",31.42
"2018-02-25","STILL HUMVN Jersey","51","Jersey",31.42
"2018-02-25","STILL HUMVN Jersey","Verishop","Jersey",31.42
"2018-02-25","STILL HUMVN Jersey","black","Jersey",31.42
"2018-02-25","STILL HUMVN Jersey","humvn","Jersey",31.42
"2018-02-25",,,,6.88
"2018-02-25","STILL HUMVN Jersey","jersey","Jersey",31.42
"2018-02-25","STILL HUMVN Jersey","still","Jersey",31.42
"2018-02-26",,,,0
"2018-02-27",,,,0
"2018-02-28",,,,0
"2018-03-01",,,,0
"2018-03-02",,,,0
"2018-03-03",,,,0
"2018-03-04",,,,0
"2018-03-05",,,,0
"2018-03-06",,,,0
"2018-03-07",,,,0
"2018-03-08",,,,0
"2018-03-09",,,,0
"2018-03-10",,,,0
"2018-03-11",,,,0
"2018-03-12",,,,0
"2018-03-13",,,,0
"2018-03-14",,,,0
"2018-03-15",,,,0
"2018-03-16",,,,0
"2018-03-17",,,,0
"2018-03-18",,,,0
"2018-03-19",,,,0
"2018-03-20",,,,0
"2018-03-21",,,,0
"2018-03-22","FS GEN2  CMO","red","Dad Hats",21.12
"2018-03-22","FS GEN2  CMO","Dad Hats","Dad Hats",21.12
"2018-03-22","FS GEN2  CMO","Verishop","Dad Hats",21.12
"2018-03-22","FS GEN2 BLK","black","Dad Hats",18.69
"2018-03-22","FS GEN2 BLK","Verishop","Dad Hats",18.69
"2018-03-22",,,,7.47
"2018-03-22","FS GEN2 BLK","red","Dad Hats",18.69
"2018-03-22","FS GEN2  CMO","camo","Dad Hats",21.12
"2018-03-22","FS GEN2 BLK","Dad Hats","Dad Hats",18.69
"2018-03-22","LMNT Woman's  Leggings",,"All Over Prints",28.44
"2018-03-22","FS GEN2  CMO","Balloon","Dad Hats",21.12
"2018-03-22","FS GEN2 BLK","Balloon","Dad Hats",18.69
"2018-03-22","FS GEN2  CMO","denim","Dad Hats",21.12
"2018-03-23",,,,0
"2018-03-24",,,,0
"2018-03-25",,,,0
"2018-03-26",,,,0
"2018-03-27",,,,0
"2018-03-28",,,,0
"2018-03-29",,,,0
"2018-03-30",,,,0
"2018-03-31",,,,0
"2018-04-01",,,,0
"2018-04-02",,,,0
"2018-04-03","FS GEN2 BLU","blue","Dad Hats",19.54
"2018-04-03","FS GEN2 BLK","Balloon","Dad Hats",21.24
"2018-04-03","Loboy Tee",,"T-Shirt",49.28
"2018-04-03","Camo Floater Raglan Tee","camoflauge","Shirt",19.54
"2018-04-03","FS GEN2  CMO","Balloon","Dad Hats",22.09
"2018-04-03","VQ GEN2 BLK SPBK","black","Snapback",21.24
"2018-04-03","Limited Edition Astro Tee",,"All Over Prints",29.75
"2018-04-03","Mr. Smiley Long Sleeve",,"Long-sleeve",42.48
"2018-04-03","FS GEN2  DNM","denim","Dad Hats",21.24
"2018-04-03","Lamont GEN2","Balloon","Dad Hats",21.24
"2018-04-03","FS GEN2 BLU","Dad Hats","Dad Hats",19.54
"2018-04-03","FS GEN2  RED","Dad Hats","Dad Hats",21.24
"2018-04-03","FS GEN2  DNM","Balloon","Dad Hats",21.24
"2018-04-03","FS GEN2  CMO","denim","Dad Hats",22.09
"2018-04-03","VQ GEN2 BLK SPBK","Pre-Flight","Snapback",21.24
"2018-04-03","OOOM Socks","Accessories","Accessories",12.74
"2018-04-03","FS GEN2  WHT","Balloon","Dad Hats",21.24
"2018-04-03","FS GEN2 BLU","Balloon","Dad Hats",19.54
"2018-04-03","Lamont GEN2","Dad Hats","Dad Hats",21.24
"2018-04-03","Camo Floater Raglan Tee","Verishop","Shirt",19.54
"2018-04-03","Lamont GEN2","red","Dad Hats",21.24
"2018-04-03","OOOM Socks","Socks","Accessories",12.74
"2018-04-03","Camo Floater Raglan Tee","camo","Shirt",19.54
"2018-04-03","Lamont GEN2","camo","Dad Hats",21.24
"2018-04-03","VQ GEN2 BLK SPBK","red","Snapback",21.24
"2018-04-03","VQ GEN2 BLK SPBK","moon","Snapback",21.24
"2018-04-03","FS GEN2 BLU","red","Dad Hats",19.54
"2018-04-03","FS GEN2 BLK","Dad Hats","Dad Hats",21.24
"2018-04-03","Camo Floater Raglan Tee","floater","Shirt",19.54
"2018-04-03","FS GEN2  CMO","camo","Dad Hats",22.09
"2018-04-03","FS GEN2  RED","Verishop","Dad Hats",21.24
"2018-04-03","FS GEN2  DNM","red","Dad Hats",21.24
"2018-04-03","Lamont GEN2","denim","Dad Hats",21.24
"2018-04-03","VQ GEN2 BLK SPBK","Balloon","Snapback",21.24
"2018-04-03","FS GEN2 BLK","black","Dad Hats",21.24
"2018-04-03","FS GEN2  CMO","Verishop","Dad Hats",22.09
"2018-04-03","Camo Floater Raglan Tee","baseball","Shirt",19.54
"2018-04-03","VQ GEN2 BLK SPBK","Verishop","Snapback",21.24
"2018-04-03","FS GEN2  RED","red","Dad Hats",21.24
"2018-04-03","Floater x Kid Rob Long Sleeve",,"Long-sleeve",21.25
"2018-04-03","FS GEN2  WHT","Dad Hats","Dad Hats",21.24
"2018-04-03","FS GEN2  WHT","red","Dad Hats",21.24
"2018-04-03","VQ GEN2 BLK SPBK","green brim","Snapback",21.24
"2018-04-03","VQ GEN2 BLK SPBK","Dad Hats","Snapback",21.24
"2018-04-03","VQ GEN2 BLK SPBK","snapback","Snapback",21.24
"2018-04-03","LMNT Sweatshirt",,"Sweatshirt",18.69
"2018-04-03","FS GEN2 BLK","Verishop","Dad Hats",21.24
"2018-04-03","FS GEN2 BLK","red","Dad Hats",21.24
"2018-04-03","OOOM TEE",,"All Over Prints",29.75
"2018-04-03","FS GEN2  CMO","Dad Hats","Dad Hats",22.09
"2018-04-03","Camo Floater Raglan Tee","shirt","Shirt",19.54
"2018-04-03","FS GEN2  WHT","Verishop","Dad Hats",21.24
"2018-04-03","FS GEN2  CMO","red","Dad Hats",22.09
"2018-04-03","FS GEN2  WHT","white","Dad Hats",21.24
"2018-04-03","FS GEN2  DNM","Dad Hats","Dad Hats",21.24
"2018-04-03","FS GEN2  RED","Balloon","Dad Hats",21.24
"2018-04-03",,,,64.84
"2018-04-03","Camo Floater Raglan Tee","tee","Shirt",19.54
"2018-04-03","FS GEN2 BLU","Verishop","Dad Hats",19.54
"2018-04-04",,,,0
"2018-04-05",,,,0
"2018-04-06",,,,0
"2018-04-07",,,,0
"2018-04-08",,,,0
"2018-04-09",,,,0
"2018-04-10",,,,0
"2018-04-11",,,,0
"2018-04-12",,,,0
"2018-04-13",,,,0
"2018-04-14","Floater Jersey","still","Jersey",31.42
"2018-04-14","Floater Jersey","black","Jersey",31.42
"2018-04-14",,,,52.5
"2018-04-14","Floater Jersey","red","Jersey",31.42
"2018-04-14","Floater Jersey","floater","Jersey",31.42
"2018-04-14","Floater Jersey","Verishop","Jersey",31.42
"2018-04-14","Floater Jersey","humvn","Jersey",31.42
"2018-04-14","Floater Jersey","stripes","Jersey",31.42
"2018-04-14","Floater Jersey","moon","Jersey",31.42
"2018-04-14","Floater Jersey","jersey","Jersey",31.42
"2018-04-14","Floater Jersey","51","Jersey",31.42
"2018-04-15",,,,0
"2018-04-16",,,,0
"2018-04-17",,,,0
"2018-04-18",,,,0
"2018-04-19",,,,0
"2018-04-20",,,,0
"2018-04-21",,,,0
"2018-04-22",,,,0
"2018-04-23",,,,0
"2018-04-24",,,,0
"2018-04-25",,,,0
"2018-04-26",,,,0
"2018-04-27",,,,0
"2018-04-28",,,,0
"2018-04-29","FS GEN2 BLK","Dad Hats","Dad Hats",21.11
"2018-04-29",,,,7.33
"2018-04-29","Rosado Ellis GEN1 Dad Hat","floater","Dad Hats",12.74
"2018-04-29","FS GEN2 BLK","red","Dad Hats",21.11
"2018-04-29","FS GEN2 BLK","Balloon","Dad Hats",21.11
"2018-04-29","Rosado Ellis GEN1 Dad Hat","forgotten","Dad Hats",12.74
"2018-04-29","Rosado Ellis GEN1 Dad Hat","Dad Hats","Dad Hats",12.74
"2018-04-29","Rosado Ellis GEN1 Dad Hat","ellis","Dad Hats",12.74
"2018-04-29","Rosado Ellis GEN1 Dad Hat","pink","Dad Hats",12.74
"2018-04-29","FS GEN2 BLK","Verishop","Dad Hats",21.11
"2018-04-29","Rosado Ellis GEN1 Dad Hat","Balloon","Dad Hats",12.74
"2018-04-29","FS GEN2 BLK","black","Dad Hats",21.11
"2018-04-30",,,,27.5
"2018-05-01",,,,0
"2018-05-02","STILL HUMVN Jersey","humvn","Jersey",24.64
"2018-05-02","STILL HUMVN Jersey","black","Jersey",24.64
"2018-05-02","STILL HUMVN Jersey","still","Jersey",24.64
"2018-05-02","STILL HUMVN Jersey","jersey","Jersey",24.64
"2018-05-02",,,,51.76
"2018-05-02","STILL HUMVN Jersey","51","Jersey",24.64
"2018-05-02","STILL HUMVN Jersey","moon","Jersey",24.64
"2018-05-02","STILL HUMVN Jersey","Verishop","Jersey",24.64
"2018-05-02","I'm Offended. Dad Hat",,,28.18
"2018-05-02","MKGA Dad Hat",,,72.39
"2018-05-03",,,,0
"2018-05-04",,,,0
"2018-05-04","MKGA Dad Hat",,,28.31
"2018-05-05",,,,0
"2018-05-06",,,,0
"2018-05-07",,,,0
"2018-05-08",,,,0
"2018-05-09",,,,0
"2018-05-10","FS GEN2  CMO","Verishop","Dad Hats",23.99
"2018-05-10","FS GEN2 BLK","black","Dad Hats",22.99
"2018-05-10","FS GEN2 BLK","red","Dad Hats",22.99
"2018-05-10","FS GEN2 BLK","Verishop","Dad Hats",22.99
"2018-05-10","FS GEN2  CMO","Dad Hats","Dad Hats",23.99
"2018-05-10",,,,6.35
"2018-05-10","FS GEN2  CMO","red","Dad Hats",23.99
"2018-05-10","FS GEN2 BLK","Balloon","Dad Hats",22.99
"2018-05-10","FS GEN2  CMO","Balloon","Dad Hats",23.99
"2018-05-10","Lamont GEN2","Balloon","Dad Hats",22.99
"2018-05-10","FS GEN2  CMO","denim","Dad Hats",23.99
"2018-05-10","Lamont GEN2","Dad Hats","Dad Hats",22.99
"2018-05-10","FS GEN2 BLK","Dad Hats","Dad Hats",22.99
"2018-05-10","FS GEN2  CMO","camo","Dad Hats",23.99
"2018-05-10","Lamont GEN2","camo","Dad Hats",22.99
"2018-05-10","Lamont GEN2","red","Dad Hats",22.99
"2018-05-10","Lamont GEN2","denim","Dad Hats",22.99
"2018-05-11",,,,0
"2018-05-12",,,,0
"2018-05-13",,,,0
"2018-05-14",,,,0
"2018-05-15",,,,0
"2018-05-16",,,,0
"2018-05-17","Limited Edition Full Moon Tee",,,30
"2018-05-17",,,,-73.65
"2018-05-18",,,,80
"2018-05-19",,,,0
"2018-05-20",,,,0
"2018-05-21",,,,0
"2018-05-22",,,,0
"2018-05-23",,,,0
"2018-05-24",,,,0
"2018-05-25","FS GEN2 BLK","Balloon","Dad Hats",24.91
"2018-05-25","FS GEN2  CMO","Balloon","Dad Hats",25.99
"2018-05-25","FS GEN2  CMO","denim","Dad Hats",25.99
"2018-05-25","FS GEN2 BLK","Dad Hats","Dad Hats",24.91
"2018-05-25","FS GEN2  CMO","camo","Dad Hats",25.99
"2018-05-25","FS GEN2 BLK","black","Dad Hats",24.91
"2018-05-25","FS GEN2  CMO","Verishop","Dad Hats",25.99
"2018-05-25","FS GEN2  CMO","red","Dad Hats",25.99
"2018-05-25","FS GEN2 BLK","Verishop","Dad Hats",24.91
"2018-05-25","FS GEN2  CMO","Dad Hats","Dad Hats",25.99
"2018-05-25",,,,6.88
"2018-05-25","FS GEN2 BLK","red","Dad Hats",24.91
"2018-05-26",,,,0
"2018-05-27",,,,0
"2018-05-28",,,,0
"2018-05-29",,,,0
"2018-05-30","Kam Pink Moon",,,18
"2018-05-30",,,,7.28
"2018-05-31",,,,0
"2018-06-01",,,,0
"2018-06-02",,,,0
"2018-06-03",,,,0
"2018-06-04",,,,0
"2018-06-05",,,,0
"2018-06-06",,,,0
"2018-06-07",,,,0
"2018-06-08",,,,0
"2018-06-09",,,,0
"2018-06-10","Lamont GEN2","Dad Hats","Dad Hats",11.5
"2018-06-10","FS GEN2  WHT","Balloon","Dad Hats",22.99
"2018-06-10","FS GEN2 BLK","Dad Hats","Dad Hats",22.99
"2018-06-10",,,,6.89
"2018-06-10","Lamont GEN2","denim","Dad Hats",11.5
"2018-06-10","FS GEN2 BLK","Balloon","Dad Hats",22.99
"2018-06-10","FS GEN2  WHT","red","Dad Hats",22.99
"2018-06-10","Lamont GEN2","Balloon","Dad Hats",11.5
"2018-06-10","FS GEN2 BLK","red","Dad Hats",22.99
"2018-06-10","Lamont GEN2","red","Dad Hats",11.5
"2018-06-10","FS GEN2  WHT","white","Dad Hats",22.99
"2018-06-10","Lamont GEN2","camo","Dad Hats",11.5
"2018-06-10","FS GEN2  WHT","Verishop","Dad Hats",22.99
"2018-06-10","FS GEN2 BLK","black","Dad Hats",22.99
"2018-06-10","FS GEN2  WHT","Dad Hats","Dad Hats",22.99
"2018-06-10","FS GEN2 BLK","Verishop","Dad Hats",22.99
"2018-06-11",,,,0
"2018-06-12",,,,0
"2018-06-13",,,,0
"2018-06-14",,,,0
"2018-06-15",,,,0
"2018-06-16",,,,6.35
"2018-06-16","Lamont GEN2","denim","Dad Hats",22.99
"2018-06-16","Lamont GEN2","Dad Hats","Dad Hats",22.99
"2018-06-16","Lamont GEN2","Balloon","Dad Hats",22.99
"2018-06-16","Lamont GEN2","red","Dad Hats",22.99
"2018-06-16","Lamont GEN2","camo","Dad Hats",22.99
"2018-06-17",,,,0
"2018-06-18",,,,0
"2018-06-19",,,,0
"2018-06-20",,,,13.79
"2018-06-20","FS GEN2 BLK","Dad Hats","Dad Hats",27.08
"2018-06-20","Stay Up Unisex T-Shirt","Splash","T-Shirt",18.51
"2018-06-20","Stay Up Unisex T-Shirt","shirt","T-Shirt",18.51
"2018-06-20","FS GEN2 BLK","red","Dad Hats",27.08
"2018-06-20","FS GEN2 BLK","Balloon","Dad Hats",27.08
"2018-06-20","Stay Up Unisex T-Shirt","tee","T-Shirt",18.51
"2018-06-20","Stay Up Unisex T-Shirt","T-shirt","T-Shirt",18.51
"2018-06-20","FS GEN2 BLK","Verishop","Dad Hats",27.08
"2018-06-20","Stay Up Unisex T-Shirt","t","T-Shirt",18.51
"2018-06-20","FS GEN2 BLK","black","Dad Hats",27.08
"2018-06-21",,,,0
"2018-06-22",,,,0
"2018-06-23",,,,0
"2018-06-24",,,,0
"2018-06-25","Lamont GEN2","Dad Hats","Dad Hats",22.99
"2018-06-25","Floater Jersey","jersey","Jersey",28.99
"2018-06-25","Camo Floater Raglan Tee","camoflauge","Shirt",22.99
"2018-06-25","Floater Jersey","moon","Jersey",28.99
"2018-06-25","FS GEN2  CMO","camo","Dad Hats",47.98
"2018-06-25","Lamont GEN2","denim","Dad Hats",22.99
"2018-06-25","Floater Jersey","stripes","Jersey",28.99
"2018-06-25","Camo Floater Raglan Tee","floater","Shirt",22.99
"2018-06-25","Floater Jersey","red","Jersey",28.99
"2018-06-25","FS GEN2  CMO","Balloon","Dad Hats",47.98
"2018-06-25","Camo Floater Raglan Tee","camo","Shirt",22.99
"2018-06-25","Floater Jersey","humvn","Jersey",28.99
"2018-06-25","Lamont GEN2","red","Dad Hats",22.99
"2018-06-25","Lamont GEN2","Balloon","Dad Hats",22.99
"2018-06-25","Floater Jersey","Verishop","Jersey",28.99
"2018-06-25","FS GEN2  CMO","denim","Dad Hats",47.98
"2018-06-25","Lamont GEN2","camo","Dad Hats",22.99
"2018-06-25","Floater Jersey","floater","Jersey",28.99
"2018-06-25","Camo Floater Raglan Tee","Verishop","Shirt",22.99
"2018-06-25","FS GEN2  CMO","Dad Hats","Dad Hats",47.98
"2018-06-25","Camo Floater Raglan Tee","tee","Shirt",22.99
"2018-06-25","Camo Floater Raglan Tee","baseball","Shirt",22.99
"2018-06-25","FS GEN2  CMO","Verishop","Dad Hats",47.98
"2018-06-25","Floater Jersey","black","Jersey",28.99
"2018-06-25","Floater Jersey","51","Jersey",28.99
"2018-06-25","Floater Jersey","still","Jersey",28.99
"2018-06-25","FS GEN2  CMO","red","Dad Hats",47.98
"2018-06-25","Camo Floater Raglan Tee","shirt","Shirt",22.99
"2018-06-26",,,,0
"2018-06-27",,,,0
"2018-06-28",,,,0
"2018-06-29","Stay Up Unisex T-Shirt","shirt","T-Shirt",21.5
"2018-06-29","Pink Sig Dad Hat","Splash","Dad Hats",43.76
"2018-06-29","Floater Park Short-Sleeve Unisex T-Shirt","tee","T-Shirt",26
"2018-06-29","Floater Park Short-Sleeve Unisex T-Shirt","shirt","T-Shirt",26
"2018-06-29","Moon Veneration  Unisex T-Shirt","the","T-Shirt",51.05
"2018-06-29","Lonely Visor","hat","Visor",45
"2018-06-29","FS GEN2  CMO","Dad Hats","Dad Hats",26
"2018-06-29","SLIME Short-Sleeve Unisex T-Shirt","red","T-Shirt",35
"2018-06-29","Moon Veneration  Unisex T-Shirt","tee","T-Shirt",51.05
"2018-06-29","SLIME Short-Sleeve Unisex T-Shirt","T-shirt","T-Shirt",35
"2018-06-29","Moon Veneration  Unisex T-Shirt","T-shirt","T-Shirt",51.05
"2018-06-29","Pink Sig Dad Hat","l","Dad Hats",43.76
"2018-06-29","Lamont GEN2","camo","Dad Hats",24.92
"2018-06-29","Lonely Visor","Visor","Visor",45
"2018-06-29","Lamont GEN2","red","Dad Hats",24.92
"2018-06-29","Moon Veneration  Unisex T-Shirt","skull","T-Shirt",51.05
"2018-06-29","Floater Park Short-Sleeve Unisex T-Shirt","Splash","T-Shirt",26
"2018-06-29","SLIME Short-Sleeve Unisex T-Shirt","tee","T-Shirt",35
"2018-06-29","Moon Veneration  Unisex T-Shirt","of","T-Shirt",51.05
"2018-06-29","FOR T-Shirt","shirt","T-Shirt",19.5
"2018-06-29","Stay Up Unisex T-Shirt","t","T-Shirt",21.5
"2018-06-29","Lonely Visor","Splash","Visor",45
"2018-06-29","SLIME Short-Sleeve Unisex T-Shirt","floater","T-Shirt",35
"2018-06-29","SIG Redef Snapback Hat","green",,23
"2018-06-29","FOR T-Shirt","Graphic Tee","T-Shirt",19.5
"2018-06-29","SLIME Short-Sleeve Unisex T-Shirt","slime","T-Shirt",35
"2018-06-29","Old Schoo","Bucket Hat","Bucket Hat",50
"2018-06-29","FS GEN2  CMO","Verishop","Dad Hats",26
"2018-06-29","FLOAT Unisex T-Shirt","pink","T-Shirt",19.5
"2018-06-29","FLOAT Unisex T-Shirt","shirt","T-Shirt",19.5
"2018-06-29","SIG Redef Snapback Hat","back",,23
"2018-06-29","Stay Up Unisex T-Shirt","Splash","T-Shirt",21.5
"2018-06-29","Moon Veneration  Unisex T-Shirt","king","T-Shirt",51.05
"2018-06-29","SIG Redef Snapback Hat","hat",,23
"2018-06-29","FLOAT Unisex T-Shirt","Splash","T-Shirt",19.5
"2018-06-29","Moon Veneration  Unisex T-Shirt","shirt","T-Shirt",51.05
"2018-06-29","Floater Park Short-Sleeve Unisex T-Shirt","T-shirt","T-Shirt",26
"2018-06-29","Pink Sig Dad Hat","hat","Dad Hats",43.76
"2018-06-29","FLOAT Unisex T-Shirt","tee","T-Shirt",19.5
"2018-06-29","Pink Sig Dad Hat","Dad Hats","Dad Hats",43.76
"2018-06-29","SLIME Short-Sleeve Unisex T-Shirt","Splash","T-Shirt",35
"2018-06-29","FLOAT Unisex T-Shirt","T-shirt","T-Shirt",19.5
"2018-06-29","Old Schoo","Hats","Bucket Hat",50
"2018-06-29","Lamont GEN2","Dad Hats","Dad Hats",24.92
"2018-06-29","Moon Veneration  Unisex T-Shirt","Graphic Tee","T-Shirt",51.05
"2018-06-29","SLIME Short-Sleeve Unisex T-Shirt","lonely","T-Shirt",35
"2018-06-29","Lamont GEN2","denim","Dad Hats",24.92
"2018-06-29","FLOAT Unisex T-Shirt","Graphic Tee","T-Shirt",19.5
"2018-06-29","FS GEN2  CMO","red","Dad Hats",26
"2018-06-29","Old Schoo","Splash","Bucket Hat",50
"2018-06-29","SIG Redef Snapback Hat","camo",,23
"2018-06-29","SLIME Short-Sleeve Unisex T-Shirt","white","T-Shirt",35
"2018-06-29","FS GEN2  CMO","camo","Dad Hats",26
"2018-06-29","Moon Veneration  Unisex T-Shirt","moon","T-Shirt",51.05
"2018-06-29",,,,32.02
"2018-06-29","Floater Park Short-Sleeve Unisex T-Shirt","Graphic Tee","T-Shirt",26
"2018-06-29","SLIME Short-Sleeve Unisex T-Shirt","shirt","T-Shirt",35
"2018-06-29","Moon Veneration  Unisex T-Shirt","Splash","T-Shirt",51.05
"2018-06-29","FOR T-Shirt","tee","T-Shirt",19.5
"2018-06-29","Lonely Visor","lonely","Visor",45
"2018-06-29","FS GEN2  CMO","Balloon","Dad Hats",26
"2018-06-29","Lonely Visor","summer","Visor",45
"2018-06-29","FOR T-Shirt","Splash","T-Shirt",19.5
"2018-06-29","FOR T-Shirt","T-shirt","T-Shirt",19.5
"2018-06-29","FS GEN2  CMO","denim","Dad Hats",26
"2018-06-29","Stay Up Unisex T-Shirt","tee","T-Shirt",21.5
"2018-06-29","Moon Veneration  Unisex T-Shirt","kota","T-Shirt",51.05
"2018-06-29","Stay Up Unisex T-Shirt","T-shirt","T-Shirt",21.5
"2018-06-29","SIG Redef Snapback Hat","snap",,23
"2018-06-29","Moon Veneration  Unisex T-Shirt","autumn","T-Shirt",51.05
"2018-06-29","SIG Redef Snapback Hat","snapback",,23
"2018-06-29","Lamont GEN2","Balloon","Dad Hats",24.92
"2018-06-30","K2 Cap",,,25.59
"2018-06-30",,,,6.91
"2018-07-01","Camo Floater Raglan Tee","baseball","Shirt",19.55
"2018-07-01","FS GEN2  CMO","red","Dad Hats",20.4
"2018-07-01","BOLO Clarke Five Panel Cap","lfxnyc","5-Panel",19.55
"2018-07-01","BOLO Clarke Five Panel Cap","hat","5-Panel",19.55
"2018-07-01","FS GEN2 BLU","Verishop","Dad Hats",19.55
"2018-07-01","Camo Floater Raglan Tee","tee","Shirt",19.55
"2018-07-01","FS GEN2  CMO","Dad Hats","Dad Hats",20.4
"2018-07-01","BOLO Clarke Five Panel Cap","floater","5-Panel",19.55
"2018-07-01","Old Schoo","Hats","Bucket Hat",21.25
"2018-07-01","Camo Floater Raglan Tee","shirt","Shirt",19.55
"2018-07-01","Lonely Visor","lonely","Visor",19.13
"2018-07-01","Lonely Visor","summer","Visor",19.13
"2018-07-01","Old Schoo","Bucket Hat","Bucket Hat",21.25
"2018-07-01","FS GEN2  CMO","Verishop","Dad Hats",20.4
"2018-07-01","FOR T-Shirt","tee","T-Shirt",16.58
"2018-07-01","BOLO Clarke Five Panel Cap","Splash","5-Panel",19.55
"2018-07-01","BOLO Clarke Five Panel Cap","lonely","5-Panel",19.55
"2018-07-01","FOR T-Shirt","Graphic Tee","T-Shirt",16.58
"2018-07-01","Lonely Visor","Visor","Visor",19.13
"2018-07-01","FS GEN2  CMO","camo","Dad Hats",20.4
"2018-07-01","Camo Floater Raglan Tee","camoflauge","Shirt",19.55
"2018-07-01","FOR T-Shirt","shirt","T-Shirt",16.58
"2018-07-01","Old Schoo","Splash","Bucket Hat",21.25
"2018-07-01","FS GEN2 BLU","Balloon","Dad Hats",19.55
"2018-07-01","Lonely Visor","hat","Visor",19.13
"2018-07-01","FS GEN2 BLU","red","Dad Hats",19.55
"2018-07-01",,,,14.88
"2018-07-01","FS GEN2 BLU","Dad Hats","Dad Hats",19.55
"2018-07-01","Camo Floater Raglan Tee","Verishop","Shirt",19.55
"2018-07-01","Camo Floater Raglan Tee","camo","Shirt",19.55
"2018-07-01","FOR T-Shirt","T-shirt","T-Shirt",16.58
"2018-07-01","FS GEN2 BLU","blue","Dad Hats",19.55
"2018-07-01","FS GEN2  CMO","denim","Dad Hats",20.4
"2018-07-01","BOLO Clarke Five Panel Cap","5-Panel","5-Panel",19.55
"2018-07-01","FOR T-Shirt","Splash","T-Shirt",16.58
"2018-07-01","Camo Floater Raglan Tee","floater","Shirt",19.55
"2018-07-01","Lonely Visor","Splash","Visor",19.13
"2018-07-01","FS GEN2  CMO","Balloon","Dad Hats",20.4
"2018-07-02","Trucker Cap","hat","Snapback",20
"2018-07-02","Trucker Cap","snap","Snapback",20
"2018-07-02","Old Schoo","Bucket Hat","Bucket Hat",27.09
"2018-07-02","Trucker Cap","snapback","Snapback",20
"2018-07-02","Trucker Cap","trucker","Snapback",20
"2018-07-02","Trucker Cap","truck","Snapback",20
"2018-07-02","Trucker Cap","floater","Snapback",20
"2018-07-02","Trucker Cap","mesh","Snapback",20
"2018-07-02",,,,14.41
"2018-07-02","Old Schoo","Splash","Bucket Hat",27.09
"2018-07-02","Trucker Cap","lonely","Snapback",20
"2018-07-02","Old Schoo","Hats","Bucket Hat",27.09
"2018-07-02","Trucker Cap","cap","Snapback",20
"2018-07-03",,,,0
"2018-07-04",,,,10.46
"2018-07-04","Camo Floater Raglan Tee","tee","Shirt",45.98
"2018-07-04","We Take No L's Dad Hat","dad","Dad Hats",60
"2018-07-04","Camo Floater Raglan Tee","floater","Shirt",45.98
"2018-07-04","Camo Floater Raglan Tee","camo","Shirt",45.98
"2018-07-04","Camo Floater Raglan Tee","Verishop","Shirt",45.98
"2018-07-04","Camo Floater Raglan Tee","camoflauge","Shirt",45.98
"2018-07-04","We Take No L's Dad Hat","pink","Dad Hats",60
"2018-07-04","We Take No L's Dad Hat","hat","Dad Hats",60
"2018-07-04","We Take No L's Dad Hat","l","Dad Hats",60
"2018-07-04","We Take No L's Dad Hat","buckle","Dad Hats",60
"2018-07-04","Camo Floater Raglan Tee","shirt","Shirt",45.98
"2018-07-04","We Take No L's Dad Hat","Dad Hats","Dad Hats",60
"2018-07-04","Camo Floater Raglan Tee","baseball","Shirt",45.98
"2018-07-05","FS GEN2  WHT","red","Dad Hats",16.99
"2018-07-05","VQ GEN2 BLK SPBK","red","Snapback",24.99
"2018-07-05","VQ GEN2 BLK SPBK","moon","Snapback",24.99
"2018-07-05","FS GEN2  WHT","Balloon","Dad Hats",16.99
"2018-07-05","VQ GEN2 BLK SPBK","snapback","Snapback",24.99
"2018-07-05","VQ GEN2 BLK SPBK","Verishop","Snapback",24.99
"2018-07-05","VQ GEN2 BLK SPBK","black","Snapback",24.99
"2018-07-05","VQ GEN2 BLK SPBK","green brim","Snapback",24.99
"2018-07-05","VQ GEN2 BLK SPBK","Dad Hats","Snapback",24.99
"2018-07-05","FS GEN2  WHT","white","Dad Hats",16.99
"2018-07-05","FS GEN2  WHT","Verishop","Dad Hats",16.99
"2018-07-05",,,,6.35
"2018-07-05","VQ GEN2 BLK SPBK","Pre-Flight","Snapback",24.99
"2018-07-05","FS GEN2  WHT","Dad Hats","Dad Hats",16.99
"2018-07-05","VQ GEN2 BLK SPBK","Balloon","Snapback",24.99
"2018-07-06",,,,0
"2018-07-07",,,,0
"2018-07-08",,,,0
"2018-07-09",,,,0
"2018-07-10",,,,0
"2018-07-11",,,,0
"2018-07-12","Stay Up Unisex T-Shirt","tee","T-Shirt",64.5
"2018-07-12","Stay Up Unisex T-Shirt","T-shirt","T-Shirt",64.5
"2018-07-12","Bringing the Bucket BACK","float","Bucket Hat",24
"2018-07-12",,,,42.84
"2018-07-12","Camo Floater Raglan Tee","tee","Shirt",22.99
"2018-07-12","Bringing the Bucket BACK","l","Bucket Hat",24
"2018-07-12","Camo Floater Raglan Tee","baseball","Shirt",22.99
"2018-07-12","Stay Up Hooded Sweatshirt",,,32
"2018-07-12","FOR T-Shirt","Graphic Tee","T-Shirt",19.5
"2018-07-12","Stay Up Unisex T-Shirt","t","T-Shirt",64.5
"2018-07-12","FOR T-Shirt","shirt","T-Shirt",19.5
"2018-07-12","Bringing the Bucket BACK","floater","Bucket Hat",24
"2018-07-12","Camo Floater Raglan Tee","shirt","Shirt",22.99
"2018-07-12","Bringing the Bucket BACK","flaoter","Bucket Hat",24
"2018-07-12","FOR T-Shirt","tee","T-Shirt",19.5
"2018-07-12","Stay Up Unisex T-Shirt","Splash","T-Shirt",64.5
"2018-07-12","Camo Floater Raglan Tee","camoflauge","Shirt",22.99
"2018-07-12","Bringing the Bucket BACK","Splash","Bucket Hat",24
"2018-07-12","Bringing the Bucket BACK","hat","Bucket Hat",24
"2018-07-12","Camo Floater Raglan Tee","floater","Shirt",22.99
"2018-07-12","Bringing the Bucket BACK","Bucket Hat","Bucket Hat",24
"2018-07-12","FOR T-Shirt","Splash","T-Shirt",19.5
"2018-07-12","Stay Up Unisex T-Shirt","shirt","T-Shirt",64.5
"2018-07-12","Camo Floater Raglan Tee","camo","Shirt",22.99
"2018-07-12","FOR T-Shirt","T-shirt","T-Shirt",19.5
"2018-07-12","Bringing the Bucket BACK","lonely","Bucket Hat",24
"2018-07-12","Camo Floater Raglan Tee","Verishop","Shirt",22.99
"2018-07-13",,,,7.53
"2018-07-13","Trucker Cap","lonely","Snapback",20
"2018-07-13","Trucker Cap","snap","Snapback",20
"2018-07-13","Trucker Cap","hat","Snapback",20
"2018-07-13","Trucker Cap","floater","Snapback",20
"2018-07-13","Trucker Cap","truck","Snapback",20
"2018-07-13","Trucker Cap","trucker","Snapback",20
"2018-07-13","Trucker Cap","mesh","Snapback",20
"2018-07-13","Trucker Cap","snapback","Snapback",20
"2018-07-13","Trucker Cap","cap","Snapback",20
"2018-07-14","BOLO Clarke Five Panel Cap","hat","5-Panel",19.55
"2018-07-14","BOLO Clarke Five Panel Cap","lfxnyc","5-Panel",19.55
"2018-07-14","STILL HUMVN Jersey","moon","Jersey",24.65
"2018-07-14",,,,7.13
"2018-07-14","STILL HUMVN Jersey","51","Jersey",24.65
"2018-07-14","BOLO Clarke Five Panel Cap","floater","5-Panel",19.55
"2018-07-14","STILL HUMVN Jersey","Verishop","Jersey",24.65
"2018-07-14","BOLO Clarke Five Panel Cap","Splash","5-Panel",19.55
"2018-07-14","BOLO Clarke Five Panel Cap","lonely","5-Panel",19.55
"2018-07-14","STILL HUMVN Jersey","black","Jersey",24.65
"2018-07-14","BOLO Clarke Five Panel Cap","5-Panel","5-Panel",19.55
"2018-07-14","STILL HUMVN Jersey","humvn","Jersey",24.65
"2018-07-14","STILL HUMVN Jersey","jersey","Jersey",24.65
"2018-07-14","STILL HUMVN Jersey","still","Jersey",24.65
"2018-07-15",,,,0
"2018-07-16",,,,0
"2018-07-17",,,,6.89
"2018-07-17","Trucker Cap","snapback","Snapback",20
"2018-07-17","Trucker Cap","snap","Snapback",20
"2018-07-17","Trucker Cap","hat","Snapback",20
"2018-07-17","Trucker Cap","cap","Snapback",20
"2018-07-17","Trucker Cap","lonely","Snapback",20
"2018-07-17","Trucker Cap","mesh","Snapback",20
"2018-07-17","Trucker Cap","floater","Snapback",20
"2018-07-17","Trucker Cap","truck","Snapback",20
"2018-07-17","Trucker Cap","trucker","Snapback",20
"2018-07-18","FS GEN2  WHT","Dad Hats","Dad Hats",0
"2018-07-18","FS GEN2  WHT","red","Dad Hats",0
"2018-07-18","Camo Floater Raglan Tee","baseball","Shirt",0
"2018-07-18","FS GEN2  WHT","white","Dad Hats",0
"2018-07-18","FS GEN2  WHT","Verishop","Dad Hats",0
"2018-07-18","Camo Floater Raglan Tee","tee","Shirt",0
"2018-07-18","Camo Floater Raglan Tee","shirt","Shirt",0
"2018-07-18","Camo Floater Raglan Tee","camoflauge","Shirt",0
"2018-07-18","Camo Floater Raglan Tee","floater","Shirt",0
"2018-07-18","FS GEN2  WHT","Balloon","Dad Hats",0
"2018-07-18","Camo Floater Raglan Tee","camo","Shirt",0
"2018-07-18","Camo Floater Raglan Tee","Verishop","Shirt",0
"2018-07-19",,,,0
"2018-07-20",,,,0
"2018-07-21",,,,0
"2018-07-22",,,,0
"2018-07-23",,,,0
"2018-07-24","Splash Summer Festival Floater GEN1 Fanny Pack🎈","floater","Fanny Pack",198.46
"2018-07-24",,,,56.16
"2018-07-24","Splash Summer Festival Floater GEN1 Fanny Pack🎈","Splash","Fanny Pack",198.46
"2018-07-24","Splash Summer Festival Floater GEN1 Fanny Pack🎈","fanny","Fanny Pack",198.46
"2018-07-24","Splash Summer Festival Floater GEN1 Fanny Pack🎈","pockets","Fanny Pack",198.46
"2018-07-24","BOLO Clarke Five Panel Cap","floater","5-Panel",23
"2018-07-24","Splash Summer Festival Floater GEN1 Fanny Pack🎈","fanny pack","Fanny Pack",198.46
"2018-07-24","BOLO Clarke Five Panel Cap","5-Panel","5-Panel",23
"2018-07-24","BOLO Clarke Five Panel Cap","Splash","5-Panel",23
"2018-07-24","BOLO Clarke Five Panel Cap","lonely","5-Panel",23
"2018-07-24","BOLO Clarke Five Panel Cap","hat","5-Panel",23
"2018-07-24","BOLO Clarke Five Panel Cap","lfxnyc","5-Panel",23
"2018-07-24","Splash Summer Festival Floater GEN1 Fanny Pack🎈","bag","Fanny Pack",198.46
"2018-07-25",,,,0
"2018-07-26","Splash Summer Festival Floater GEN1 Fanny Pack🎈","Splash","Fanny Pack",25
"2018-07-26","Splash Summer Festival Floater GEN1 Fanny Pack🎈","fanny","Fanny Pack",25
"2018-07-26","Splash Summer Festival Floater GEN1 Fanny Pack🎈","floater","Fanny Pack",25
"2018-07-26",,,,7.53
"2018-07-26","Splash Summer Festival Floater GEN1 Fanny Pack🎈","fanny pack","Fanny Pack",25
"2018-07-26","Splash Summer Festival Floater GEN1 Fanny Pack🎈","pockets","Fanny Pack",25
"2018-07-26","Splash Summer Festival Floater GEN1 Fanny Pack🎈","bag","Fanny Pack",25
"2018-07-27","Splash Summer Festival Floater GEN1 Fanny Pack🎈","pockets","Fanny Pack",25
"2018-07-27","Splash Summer Festival Floater GEN1 Fanny Pack🎈","fanny pack","Fanny Pack",25
"2018-07-27","Splash Summer Festival Floater GEN1 Fanny Pack🎈","floater","Fanny Pack",25
"2018-07-27","Splash Summer Festival Floater GEN1 Fanny Pack🎈","bag","Fanny Pack",25
"2018-07-27","Splash Summer Festival Floater GEN1 Fanny Pack🎈","Splash","Fanny Pack",25
"2018-07-27","Splash Summer Festival Floater GEN1 Fanny Pack🎈","fanny","Fanny Pack",25
"2018-07-27",,,,6.79
"2018-07-28","Splash Summer Festival Floater GEN1 Fanny Pack🎈","fanny pack","Fanny Pack",21.25
"2018-07-28","Splash Summer Festival Floater GEN1 Fanny Pack🎈","pockets","Fanny Pack",21.25
"2018-07-28",,,,6.35
"2018-07-28","Splash Summer Festival Floater GEN1 Fanny Pack🎈","Splash","Fanny Pack",21.25
"2018-07-28","Splash Summer Festival Floater GEN1 Fanny Pack🎈","fanny","Fanny Pack",21.25
"2018-07-28","Splash Summer Festival Floater GEN1 Fanny Pack🎈","floater","Fanny Pack",21.25
"2018-07-28","Splash Summer Festival Floater GEN1 Fanny Pack🎈","bag","Fanny Pack",21.25
"2018-07-29","Stay Up Unisex T-Shirt","T-shirt","T-Shirt",21.78
"2018-07-29","FS GEN2 BLK","Dad Hats","Dad Hats",25.03
"2018-07-29","Stay Up Unisex T-Shirt","tee","T-Shirt",21.78
"2018-07-29",,,,0
"2018-07-29","FS GEN2 BLK","red","Dad Hats",25.03
"2018-07-29","STILL HUMVN Jersey","51","Jersey",28.99
"2018-07-29","STILL HUMVN Jersey","moon","Jersey",28.99
"2018-07-29","STILL HUMVN Jersey","Verishop","Jersey",28.99
"2018-07-29","FS GEN2 BLK","Balloon","Dad Hats",25.03
"2018-07-29","STILL HUMVN Jersey","jersey","Jersey",28.99
"2018-07-29","Stay Up Unisex T-Shirt","Splash","T-Shirt",21.78
"2018-07-29","STILL HUMVN Jersey","still","Jersey",28.99
"2018-07-29","STILL HUMVN Jersey","humvn","Jersey",28.99
"2018-07-29","FS GEN2 BLK","Verishop","Dad Hats",25.03
"2018-07-29","STILL HUMVN Jersey","black","Jersey",28.99
"2018-07-29","Stay Up Unisex T-Shirt","shirt","T-Shirt",21.78
"2018-07-29","FS GEN2 BLK","black","Dad Hats",25.03
"2018-07-29","Stay Up Unisex T-Shirt","t","T-Shirt",21.78
"2018-07-30",,,,0
"2018-07-31",,,,0
"2018-08-01",,,,0
"2018-08-02",,,,0
"2018-08-03",,,,0
"2018-08-04","Trucker Cap","lonely","Snapback",20
"2018-08-04","Trucker Cap","hat","Snapback",20
"2018-08-04","Trucker Cap","snap","Snapback",20
"2018-08-04","Trucker Cap","truck","Snapback",20
"2018-08-04","Trucker Cap","floater","Snapback",20
"2018-08-04","Trucker Cap","trucker","Snapback",20
"2018-08-04","Trucker Cap","mesh","Snapback",20
"2018-08-04",,,,7.53
"2018-08-04","Trucker Cap","snapback","Snapback",20
"2018-08-04","Trucker Cap","cap","Snapback",20
"2018-08-05",,,,0
"2018-08-06","STILL HUMVN Jersey","51","Jersey",0
"2018-08-06","Lamont GEN2","Balloon","Dad Hats",0
"2018-08-06","STILL HUMVN Jersey","moon","Jersey",0
"2018-08-06","Lamont GEN2","Dad Hats","Dad Hats",0
"2018-08-06","Lamont GEN2","denim","Dad Hats",0
"2018-08-06","STILL HUMVN Jersey","black","Jersey",0
"2018-08-06","STILL HUMVN Jersey","humvn","Jersey",0
"2018-08-06","STILL HUMVN Jersey","Verishop","Jersey",0
"2018-08-06","Lamont GEN2","red","Dad Hats",0
"2018-08-06","STILL HUMVN Jersey","still","Jersey",0
"2018-08-06","Lamont GEN2","camo","Dad Hats",0
"2018-08-06","STILL HUMVN Jersey","jersey","Jersey",0
"2018-08-07",,,,0
"2018-08-08",,,,0
"2018-08-09",,,,0
"2018-08-10",,,,0
"2018-08-11",,,,0
"2018-08-12",,,,0
"2018-08-13",,,,0
"2018-08-14",,,,0
"2018-08-15",,,,0
"2018-08-16",,,,0
"2018-08-17",,,,0
"2018-08-18","Splash Summer Festival Floater GEN1 Fanny Pack🎈","fanny pack","Fanny Pack",25
"2018-08-18","Splash Summer Festival Floater GEN1 Fanny Pack🎈","pockets","Fanny Pack",25
"2018-08-18","Splash Summer Festival Floater GEN1 Fanny Pack🎈","Splash","Fanny Pack",25
"2018-08-18","Splash Summer Festival Floater GEN1 Fanny Pack🎈","fanny","Fanny Pack",25
"2018-08-18","Splash Summer Festival Floater GEN1 Fanny Pack🎈","bag","Fanny Pack",25
"2018-08-18","Splash Summer Festival Floater GEN1 Fanny Pack🎈","floater","Fanny Pack",25
"2018-08-18",,,,6.35
"2018-08-19",,,,0
"2018-08-20","Amethyst Crystal Pipe","secret menu","Stones",18.35
"2018-08-20",,,,6.89
"2018-08-21",,,,0
"2018-08-22",,,,0
"2018-08-23",,,,0
"2018-08-24",,,,0
"2018-08-25",,,,0
"2018-08-26",,,,0
"2018-08-27","STILL HUMVN Jersey","51","Jersey",23.86
"2018-08-27","Splash Summer Festival Floater GEN1 Fanny Pack🎈","Splash","Fanny Pack",41.14
"2018-08-27","Splash Summer Festival Floater GEN1 Fanny Pack🎈","fanny","Fanny Pack",41.14
"2018-08-27","STILL HUMVN Jersey","moon","Jersey",23.86
"2018-08-27","Splash Summer Festival Floater GEN1 Fanny Pack🎈","floater","Fanny Pack",41.14
"2018-08-27","Splash Summer Festival Floater GEN1 Fanny Pack🎈","fanny pack","Fanny Pack",41.14
"2018-08-27","Splash Summer Festival Floater GEN1 Fanny Pack🎈","pockets","Fanny Pack",41.14
"2018-08-27","STILL HUMVN Jersey","humvn","Jersey",23.86
"2018-08-27","Splash Summer Festival Floater GEN1 Fanny Pack🎈","bag","Fanny Pack",41.14
"2018-08-27","STILL HUMVN Jersey","black","Jersey",23.86
"2018-08-27","STILL HUMVN Jersey","still","Jersey",23.86
"2018-08-27","STILL HUMVN Jersey","jersey","Jersey",23.86
"2018-08-27","STILL HUMVN Jersey","Verishop","Jersey",23.86
"2018-08-28",,,,0
"2018-08-29",,,,0
"2018-08-30",,,,0
"2018-08-31",,,,0
"2018-09-01",,,,0
"2018-09-02",,,,0
"2018-09-03",,,,0
"2018-09-04",,,,0
"2018-09-05",,,,7.13
"2018-09-05","Splash Summer Festival Floater GEN1 Fanny Pack🎈","fanny","Fanny Pack",20
"2018-09-05","Splash Summer Festival Floater GEN1 Fanny Pack🎈","Splash","Fanny Pack",20
"2018-09-05","Splash Summer Festival Floater GEN1 Fanny Pack🎈","floater","Fanny Pack",20
"2018-09-05","Splash Summer Festival Floater GEN1 Fanny Pack🎈","bag","Fanny Pack",20
"2018-09-05","Splash Summer Festival Floater GEN1 Fanny Pack🎈","fanny pack","Fanny Pack",20
"2018-09-05","Splash Summer Festival Floater GEN1 Fanny Pack🎈","pockets","Fanny Pack",20
"2018-09-06",,,,0
"2018-09-07",,,,0
"2018-09-08",,,,0
"2018-09-09","Lamont GEN2","Dad Hats","Dad Hats",22.76
"2018-09-09","Lamont GEN2","denim","Dad Hats",22.76
"2018-09-09","Lamont GEN2","Balloon","Dad Hats",22.76
"2018-09-09","Lamont GEN2","red","Dad Hats",22.76
"2018-09-09","Lamont GEN2","camo","Dad Hats",22.76
"2018-09-10",,,,0
"2018-09-11",,,,0
"2018-09-12",,,,0
"2018-09-13",,,,0
"2018-09-14",,,,13.69
"2018-09-14","Camo Floater Raglan Tee","camoflauge","Shirt",24.69
"2018-09-14","FS GEN2 BLK","Balloon","Dad Hats",21.19
"2018-09-14","Camo Floater Raglan Tee","floater","Shirt",24.69
"2018-09-14","FS GEN2 BLK","red","Dad Hats",21.19
"2018-09-14","FS GEN2 BLK","Dad Hats","Dad Hats",21.19
"2018-09-14","Camo Floater Raglan Tee","Verishop","Shirt",24.69
"2018-09-14","Camo Floater Raglan Tee","camo","Shirt",24.69
"2018-09-14","FS GEN2 BLK","Verishop","Dad Hats",21.19
"2018-09-14","Camo Floater Raglan Tee","baseball","Shirt",24.69
"2018-09-14","FS GEN2 BLK","black","Dad Hats",21.19
"2018-09-14","Camo Floater Raglan Tee","tee","Shirt",24.69
"2018-09-14","Camo Floater Raglan Tee","shirt","Shirt",24.69
"2018-09-15",,,,0
"2018-09-16",,,,0
"2018-09-17",,,,0
"2018-09-18",,,,0
"2018-09-19",,,,0
"2018-09-20",,,,0
"2018-09-21",,,,0
"2018-09-22","Camo Floater Raglan Tee","baseball","Shirt",24.91
"2018-09-22","Camo Floater Raglan Tee","shirt","Shirt",24.91
"2018-09-22","Camo Floater Raglan Tee","camoflauge","Shirt",24.91
"2018-09-22","Camo Floater Raglan Tee","tee","Shirt",24.91
"2018-09-22","Camo Floater Raglan Tee","Verishop","Shirt",24.91
"2018-09-22","Camo Floater Raglan Tee","camo","Shirt",24.91
"2018-09-22","Camo Floater Raglan Tee","floater","Shirt",24.91
"2018-09-22",,,,6.88
"2018-09-23",,,,0
"2018-09-24",,,,0
"2018-09-25",,,,0
"2018-09-26",,,,0
"2018-09-27",,,,0
"2018-09-28","FOR T-Shirt","shirt","T-Shirt",19.5
"2018-09-28",,,,9.98
"2018-09-28","Moon Veneration  Unisex T-Shirt","Splash","T-Shirt",24.5
"2018-09-28","Moon Veneration  Unisex T-Shirt","autumn","T-Shirt",24.5
"2018-09-28","Moon Veneration  Unisex T-Shirt","kota","T-Shirt",24.5
"2018-09-28","FOR T-Shirt","Splash","T-Shirt",19.5
"2018-09-28","Moon Veneration  Unisex T-Shirt","shirt","T-Shirt",24.5
"2018-09-28","Moon Veneration  Unisex T-Shirt","moon","T-Shirt",24.5
"2018-09-28","FOR T-Shirt","T-shirt","T-Shirt",19.5
"2018-09-28","Moon Veneration  Unisex T-Shirt","Graphic Tee","T-Shirt",24.5
"2018-09-28","Moon Veneration  Unisex T-Shirt","king","T-Shirt",24.5
"2018-09-28","Moon Veneration  Unisex T-Shirt","tee","T-Shirt",24.5
"2018-09-28","Moon Veneration  Unisex T-Shirt","the","T-Shirt",24.5
"2018-09-28","FOR T-Shirt","Graphic Tee","T-Shirt",19.5
"2018-09-28","Moon Veneration  Unisex T-Shirt","of","T-Shirt",24.5
"2018-09-28","Moon Veneration  Unisex T-Shirt","skull","T-Shirt",24.5
"2018-09-28","FOR T-Shirt","tee","T-Shirt",19.5
"2018-09-28","Moon Veneration  Unisex T-Shirt","T-shirt","T-Shirt",24.5
"2018-09-29",,,,0
"2018-09-30",,,,0
"2018-10-01",,,,0
"2018-10-02",,,,0
"2018-10-03",,,,0
"2018-10-04","Stay Up Unisex T-Shirt","T-shirt","T-Shirt",15.94
"2018-10-04","Stay Up Unisex T-Shirt","tee","T-Shirt",15.94
"2018-10-04","FS GEN2  WHT","red","Dad Hats",17.05
"2018-10-04","FS GEN2  WHT","white","Dad Hats",17.05
"2018-10-04","FS GEN2  WHT","Verishop","Dad Hats",17.05
"2018-10-04","Stay Up Unisex T-Shirt","t","T-Shirt",15.94
"2018-10-04","FS GEN2  WHT","Dad Hats","Dad Hats",17.05
"2018-10-04","Stay Up Unisex T-Shirt","Splash","T-Shirt",15.94
"2018-10-04",,,,7.28
"2018-10-04","FS GEN2  WHT","Balloon","Dad Hats",17.05
"2018-10-04","Stay Up Unisex T-Shirt","shirt","T-Shirt",15.94
"2018-10-05",,,,0
"2018-10-06",,,,0
"2018-10-07",,,,0
"2018-10-08",,,,0
"2018-10-09",,,,0
"2018-10-10","Trucker Cap","snap","Snapback",16
"2018-10-10","Trucker Cap","hat","Snapback",16
"2018-10-10","Trucker Cap","snapback","Snapback",16
"2018-10-10","Trucker Cap","mesh","Snapback",16
"2018-10-10","Trucker Cap","trucker","Snapback",16
"2018-10-10",,,,7.53
"2018-10-10","Trucker Cap","truck","Snapback",16
"2018-10-10","Trucker Cap","floater","Snapback",16
"2018-10-10","Trucker Cap","cap","Snapback",16
"2018-10-10","Trucker Cap","lonely","Snapback",16
"2018-10-11",,,,0
"2018-10-12",,,,0
"2018-10-13",,,,6.98
"2018-10-13","PKAAC",,,26
"2018-10-14",,,,0
"2018-10-15",,,,0
"2018-10-16",,,,0
"2018-10-17",,,,0
"2018-10-18","MKGA Dad Hat",,,28.31
"2018-10-18",,,,6.91
"2018-10-19",,,,0
"2018-10-20",,,,0
"2018-10-21",,,,0
"2018-10-22",,,,0
"2018-10-23",,,,0
"2018-10-24",,,,0
"2018-10-25",,,,0
"2018-10-26",,,,0
"2018-10-27",,,,0
"2018-10-28",,,,0
"2018-10-29",,,,0
"2018-10-30",,,,0
"2018-10-31",,,,0
"2018-11-01",,,,0
"2018-11-02",,,,0
"2018-11-03",,,,0
"2018-11-04",,,,17.93
"2018-11-05",,,,0
"2018-11-06",,,,0
"2018-11-07",,,,0
"2018-11-08",,,,0
"2018-11-09",,,,0
"2018-11-10",,,,0
"2018-11-11",,,,0
"2018-11-12",,,,0
"2018-11-13",,,,0
"2018-11-14",,,,0
"2018-11-15",,,,0
"2018-11-16",,,,0
"2018-11-17",,,,0
"2018-11-18",,,,0
"2018-11-19",,,,0
"2018-11-20",,,,0
"2018-11-21",,,,0
"2018-11-22",,,,0
"2018-11-23",,,,0
"2018-11-24",,,,0
"2018-11-25",,,,0
"2018-11-26",,,,0
"2018-11-27","Moon Veneration  Unisex T-Shirt","T-shirt","T-Shirt",24.5
"2018-11-27","Moon Veneration  Unisex T-Shirt","of","T-Shirt",24.5
"2018-11-27","Moon Veneration  Unisex T-Shirt","skull","T-Shirt",24.5
"2018-11-27","Moon Veneration  Unisex T-Shirt","tee","T-Shirt",24.5
"2018-11-27",,,,7.28
"2018-11-27","Moon Veneration  Unisex T-Shirt","the","T-Shirt",24.5
"2018-11-27","Moon Veneration  Unisex T-Shirt","king","T-Shirt",24.5
"2018-11-27","Moon Veneration  Unisex T-Shirt","Graphic Tee","T-Shirt",24.5
"2018-11-27","Moon Veneration  Unisex T-Shirt","moon","T-Shirt",24.5
"2018-11-27","Moon Veneration  Unisex T-Shirt","shirt","T-Shirt",24.5
"2018-11-27","Moon Veneration  Unisex T-Shirt","kota","T-Shirt",24.5
"2018-11-27","Moon Veneration  Unisex T-Shirt","autumn","T-Shirt",24.5
"2018-11-27","Moon Veneration  Unisex T-Shirt","Splash","T-Shirt",24.5
"2018-11-28",,,,0
"2018-11-29",,,,0
"2018-11-30",,,,0
"2018-12-01",,,,0
"2018-12-02",,,,0
"2018-12-03",,,,0
"2018-12-04",,,,0
"2018-12-05",,,,0
"2018-12-06","Lonely Floater Cuffed Beanie","floater","Beanies",21.5
"2018-12-06","Lonely Floater Cuffed Beanie","beanie","Beanies",21.5
"2018-12-06",,,,10.48
"2018-12-06","Lonely Floater Cuffed Beanie","hat","Beanies",21.5
"2018-12-06","SLIME Hooded Sweatshirt",,,40
"2018-12-06","Lonely Floater Cuffed Beanie","weather","Beanies",21.5
"2018-12-06","Lonely Floater Cuffed Beanie","lonely","Beanies",21.5
"2018-12-06","Lonely Floater Cuffed Beanie","Accessories","Beanies",21.5
"2018-12-06","Lonely Floater Cuffed Beanie","winter","Beanies",21.5
"2018-12-06","Lonely Floater Cuffed Beanie","cuff","Beanies",21.5
"2018-12-06","Lonely Floater Cuffed Beanie","acc","Beanies",21.5
"2018-12-06","Lonely Floater Cuffed Beanie","cold","Beanies",21.5
"2018-12-07",,,,0
"2018-12-08",,,,0
"2018-12-09","FS GEN2 BLK","red","Dad Hats",18.4
"2018-12-09","FS GEN2 BLK","black","Dad Hats",18.4
"2018-12-09",,,,10.48
"2018-12-09","FS GEN2 BLK","Verishop","Dad Hats",18.4
"2018-12-09","FS GEN2 BLK","Dad Hats","Dad Hats",18.4
"2018-12-09","FS GEN2 BLK","Balloon","Dad Hats",18.4
"2018-12-09","Stay Up Hooded Sweatshirt",,,25.6
"2018-12-10","FS GEN2 BLK","red","Dad Hats",22.99
"2018-12-10","Wallie LTS Camo Shirt","camo","T-Shirt",32.5
"2018-12-10","Wallie LTS Camo Shirt","Splash","T-Shirt",32.5
"2018-12-10","Stay Up Unisex T-Shirt","T-shirt","T-Shirt",21.5
"2018-12-10","Stay Up Unisex T-Shirt","tee","T-Shirt",21.5
"2018-12-10","FS GEN2 BLK","Dad Hats","Dad Hats",22.99
"2018-12-10","FS GEN2 BLK","Balloon","Dad Hats",22.99
"2018-12-10",,,,63.27
"2018-12-10","Wallie LTS Camo Shirt","green","T-Shirt",32.5
"2018-12-10","Stay Up Unisex T-Shirt","Splash","T-Shirt",21.5
"2018-12-10","Wallie LTS Camo Shirt","tee","T-Shirt",32.5
"2018-12-10","Wallie LTS Camo Shirt","T-shirt","T-Shirt",32.5
"2018-12-10","Stay Up Unisex T-Shirt","shirt","T-Shirt",21.5
"2018-12-10","FS GEN2 BLK","black","Dad Hats",22.99
"2018-12-10","Stay Up Unisex T-Shirt","t","T-Shirt",21.5
"2018-12-10","Wallie LTS Camo Shirt","shirt","T-Shirt",32.5
"2018-12-10","FS GEN2 BLK","Verishop","Dad Hats",22.99
"2018-12-11",,,,0
"2018-12-12","Champion x Lonely Floater Sweatshirt","sweater","Sweatshirt",64.5
"2018-12-12","Champion x Lonely Floater Sweatshirt","sleeve","Sweatshirt",64.5
"2018-12-12","Champion x Lonely Floater Sweatshirt","champion","Sweatshirt",64.5
"2018-12-12","Lonely x Dad Hat","Dad Hats","Dad Hats",25.45
"2018-12-12","Lonely x Dad Hat","lonely","Dad Hats",25.45
"2018-12-12","Lonely x Dad Hat","yellow","Dad Hats",25.45
"2018-12-12","Champion x Lonely Floater Sweatshirt","shirt","Sweatshirt",64.5
"2018-12-12","Lonely x Dad Hat","slime","Dad Hats",25.45
"2018-12-12","Champion x Lonely Floater Sweatshirt","long-sleeve","Sweatshirt",64.5
"2018-12-12","Champion x Lonely Floater Sweatshirt","CrewNeck","Sweatshirt",64.5
"2018-12-12","Champion x Lonely Floater Sweatshirt","long","Sweatshirt",64.5
"2018-12-12","Champion x Lonely Floater Sweatshirt","L","Sweatshirt",64.5
"2018-12-12","Lonely x Dad Hat","hat","Dad Hats",25.45
"2018-12-12","Champion x Lonely Floater Sweatshirt","top","Sweatshirt",64.5
"2018-12-12",,,,71.61
"2018-12-12","Champion x Lonely Floater Sweatshirt","sweats","Sweatshirt",64.5
"2018-12-13",,,,0
"2018-12-14","FOR T-Shirt","Graphic Tee","T-Shirt",16.58
"2018-12-14",,,,7.53
"2018-12-14","FOR T-Shirt","tee","T-Shirt",16.58
"2018-12-14","FOR T-Shirt","shirt","T-Shirt",16.58
"2018-12-14","FOR T-Shirt","Splash","T-Shirt",16.58
"2018-12-14","FOR T-Shirt","T-shirt","T-Shirt",16.58
"2018-12-15",,,,0
"2018-12-16",,,,0
"2018-12-17",,,,0
"2018-12-18","x Lonely Floater VQ Leather Bracelet","Jewellery","Accessories",26
"2018-12-18","x Lonely Floater VQ Leather Bracelet","Gold","Accessories",26
"2018-12-18","X Lonely Floater VQ Metal Pin","Silver","Accessories",11
"2018-12-18","Bag Tag","duffle","Accessories",8.5
"2018-12-18","x Lonely Floater VQ Leather Bracelet","Accessories","Accessories",26
"2018-12-18","x Lonely Floater VQ Leather Bracelet","Silver","Accessories",26
"2018-12-18","Bag Tag","duffy","Accessories",8.5
"2018-12-18","X Lonely Floater VQ Metal Pin","Accessories","Accessories",11
"2018-12-18","Bag Tag","bag","Accessories",8.5
"2018-12-18",,,,7.53
"2018-12-18","X Lonely Floater VQ Metal Pin","Jewellery","Accessories",11
"2018-12-18","Bag Tag","Accessories","Accessories",8.5
"2018-12-18","Bag Tag","duffel","Accessories",8.5
"2018-12-18","Bag Tag","tag","Accessories",8.5
"2018-12-19",,,,7.4
"2018-12-19","SLIME Hooded Sweatshirt",,,42.95
"2018-12-20",,,,0
"2018-12-21",,,,0
"2018-12-22",,,,0
"2018-12-23",,,,0
"2018-12-24",,,,0
"2018-12-25","FLOAT Unisex T-Shirt","shirt","T-Shirt",10.51
"2018-12-25","Stay Up Unisex T-Shirt","Splash","T-Shirt",10.74
"2018-12-25",,,,7.18
"2018-12-25","FLOAT Unisex T-Shirt","tee","T-Shirt",10.51
"2018-12-25","Stay Up Unisex T-Shirt","shirt","T-Shirt",10.74
"2018-12-25","Stay Up Unisex T-Shirt","t","T-Shirt",10.74
"2018-12-25","FLOAT Unisex T-Shirt","pink","T-Shirt",10.51
"2018-12-25","Stay Up Unisex T-Shirt","T-shirt","T-Shirt",10.74
"2018-12-25","Stay Up Unisex T-Shirt","tee","T-Shirt",10.74
"2018-12-25","FLOAT Unisex T-Shirt","T-shirt","T-Shirt",10.51
"2018-12-25","FLOAT Unisex T-Shirt","Splash","T-Shirt",10.51
"2018-12-25","FLOAT Unisex T-Shirt","Graphic Tee","T-Shirt",10.51
"2018-12-26","Fishscale Floata (Introvert) Duffy","Bags","Bags",23.5
"2018-12-26","Fishscale Floata (Introvert) Duffy","duffel","Bags",23.5
"2018-12-26","Fishscale Floata (Introvert) Duffy","travel","Bags",23.5
"2018-12-26","Fishscale Floata (Introvert) Duffy","blakc","Bags",23.5
"2018-12-26","Fishscale Floata (Introvert) Duffy","Accessories","Bags",23.5
"2018-12-26","Fishscale Floata (Introvert) Duffy","bag","Bags",23.5
"2018-12-26",,,,70.24
"2018-12-26","Fishscale Floata (Introvert) Duffy","duffy","Bags",23.5
"2018-12-26","Fishscale Floata (Introvert) Duffy","duffle bag","Bags",23.5
"2018-12-26","Fishscale Floata (Introvert) Duffy","black","Bags",23.5
"2018-12-26","Fishscale Floata (Introvert) Duffy","duffle","Bags",23.5
"2018-12-27",,,,0
"2018-12-28","OG Yellow Camo Duffy","camo","Bags",25.47
"2018-12-28","Champion x Lonely Floater Sweatshirt","long","Sweatshirt",96.77
"2018-12-28","Lonely x Dad Hat","hat","Dad Hats",26.51
"2018-12-28","Camo Floater Raglan Tee","shirt","Shirt",11.49
"2018-12-28",,,,80.36
"2018-12-28","Champion x Lonely Floater Sweatshirt","top","Sweatshirt",96.77
"2018-12-28","STILL HUMVN Jersey","Verishop","Jersey",14.49
"2018-12-28","We Take No L's Dad Hat","buckle","Dad Hats",25
"2018-12-28","Camo Floater Raglan Tee","tee","Shirt",11.49
"2018-12-28","Champion x Lonely Floater Sweatshirt","sweats","Sweatshirt",96.77
"2018-12-28","STILL HUMVN Jersey","still","Jersey",14.49
"2018-12-28","OG Yellow Camo Duffy","duffy","Bags",25.47
"2018-12-28","Champion x Lonely Floater Sweatshirt","long-sleeve","Sweatshirt",96.77
"2018-12-28","STILL HUMVN Jersey","jersey","Jersey",14.49
"2018-12-28","OG Yellow Camo Duffy","pack","Bags",25.47
"2018-12-28","X Lonely Floater VQ Metal Pin","Accessories","Accessories",11.01
"2018-12-28","Camo Floater Raglan Tee","baseball","Shirt",11.49
"2018-12-28","King Skull Shape Metal Tobacco Grinder Herb Smoke Grinders Hand Muller Magnetic",,,16
"2018-12-28","STILL HUMVN Jersey","black","Jersey",14.49
"2018-12-28","X Lonely Floater VQ Metal Pin","Silver","Accessories",11.01
"2018-12-28","OG Yellow Camo Duffy","duffle bag","Bags",25.47
"2018-12-28","Lonely x Dad Hat","Dad Hats","Dad Hats",26.51
"2018-12-28","OG Yellow Camo Duffy","Accessories","Bags",25.47
"2018-12-28","STILL HUMVN Jersey","humvn","Jersey",14.49
"2018-12-28","We Take No L's Dad Hat","Dad Hats","Dad Hats",25
"2018-12-28","OG Yellow Camo Duffy","yellow","Bags",25.47
"2018-12-28","Champion x Lonely Floater Sweatshirt","CrewNeck","Sweatshirt",96.77
"2018-12-28","Champion x Lonely Floater Sweatshirt","L","Sweatshirt",96.77
"2018-12-28","Camo Floater Raglan Tee","Verishop","Shirt",11.49
"2018-12-28","Champion x Lonely Floater Sweatshirt","sleeve","Sweatshirt",96.77
"2018-12-28","Lonely x Dad Hat","lonely","Dad Hats",26.51
"2018-12-28","Camo Floater Raglan Tee","camo","Shirt",11.49
"2018-12-28","Champion x Lonely Floater Sweatshirt","champion","Sweatshirt",96.77
"2018-12-28","We Take No L's Dad Hat","dad","Dad Hats",25
"2018-12-28","OG Yellow Camo Duffy","camouflage","Bags",25.47
"2018-12-28","Camo Floater Raglan Tee","floater","Shirt",11.49
"2018-12-28","Lonely x Dad Hat","slime","Dad Hats",26.51
"2018-12-28","X Lonely Floater VQ Metal Pin","Jewellery","Accessories",11.01
"2018-12-28","OG Yellow Camo Duffy","pacl","Bags",25.47
"2018-12-28","We Take No L's Dad Hat","l","Dad Hats",25
"2018-12-28","Champion x Lonely Floater Sweatshirt","shirt","Sweatshirt",96.77
"2018-12-28","Lonely x Dad Hat","yellow","Dad Hats",26.51
"2018-12-28","Champion x Lonely Floater Hoodie",,,104.85
"2018-12-28","OG Yellow Camo Duffy","bag","Bags",25.47
"2018-12-28","We Take No L's Dad Hat","hat","Dad Hats",25
"2018-12-28","We Take No L's Dad Hat","pink","Dad Hats",25
"2018-12-28","Camo Floater Raglan Tee","camoflauge","Shirt",11.49
"2018-12-28","Champion x Lonely Floater Sweatshirt","sweater","Sweatshirt",96.77
"2018-12-28","STILL HUMVN Jersey","51","Jersey",14.49
"2018-12-28","OG Yellow Camo Duffy","travel","Bags",25.47
"2018-12-28","Panda Short-Sleeve Unisex T-Shirt",,,5.72
"2018-12-28","OG Yellow Camo Duffy","storage","Bags",25.47
"2018-12-28","STILL HUMVN Jersey","moon","Jersey",14.49
"2018-12-29","Splash Summer Festival Floater GEN1 Fanny Pack🎈","floater","Fanny Pack",12.5
"2018-12-29","Splash Summer Festival Floater GEN1 Fanny Pack🎈","Splash","Fanny Pack",12.5
"2018-12-29","Splash Summer Festival Floater GEN1 Fanny Pack🎈","fanny","Fanny Pack",12.5
"2018-12-29","Splash Summer Festival Floater GEN1 Fanny Pack🎈","bag","Fanny Pack",12.5
"2018-12-29","Splash Summer Festival Floater GEN1 Fanny Pack🎈","pockets","Fanny Pack",12.5
"2018-12-29","Splash Summer Festival Floater GEN1 Fanny Pack🎈","fanny pack","Fanny Pack",12.5
"2018-12-29",,,,7.13
"2018-12-30",,,,0
"2018-12-31","FOR T-Shirt","tee","T-Shirt",21.13
"2018-12-31","FOR T-Shirt","Graphic Tee","T-Shirt",21.13
"2018-12-31","FOR T-Shirt","T-shirt","T-Shirt",21.13
"2018-12-31","FOR T-Shirt","shirt","T-Shirt",21.13
"2018-12-31","FOR T-Shirt","Splash","T-Shirt",21.13
"2018-12-31",,,,6.88
"2019-01-01",,,,0
"2019-01-02",,,,0
"2019-01-03","Camo Floater Raglan Tee","camo","Shirt",24.91
"2019-01-03","Stay Up Unisex T-Shirt","shirt","T-Shirt",21.67
"2019-01-03","Camo Floater Raglan Tee","Verishop","Shirt",24.91
"2019-01-03","Stay Up Unisex T-Shirt","t","T-Shirt",21.67
"2019-01-03","FS GEN2  CMO","Verishop","Dad Hats",26
"2019-01-03","Camo Floater Raglan Tee","floater","Shirt",24.91
"2019-01-03","Camo Floater Raglan Tee","camoflauge","Shirt",24.91
"2019-01-03","Camo Floater Raglan Tee","tee","Shirt",24.91
"2019-01-03",,,,18.22
"2019-01-03","FS GEN2  CMO","Dad Hats","Dad Hats",26
"2019-01-03","Stay Up Unisex T-Shirt","Splash","T-Shirt",21.67
"2019-01-03","FS GEN2  CMO","denim","Dad Hats",26
"2019-01-03","Camo Floater Raglan Tee","shirt","Shirt",24.91
"2019-01-03","FS GEN2  CMO","Balloon","Dad Hats",26
"2019-01-03","FS GEN2  CMO","red","Dad Hats",26
"2019-01-03","FS GEN2  CMO","camo","Dad Hats",26
"2019-01-03","Camo Floater Raglan Tee","baseball","Shirt",24.91
"2019-01-03","Stay Up Unisex T-Shirt","T-shirt","T-Shirt",21.67
"2019-01-03","Stay Up Unisex T-Shirt","tee","T-Shirt",21.67
"2019-01-04",,,,34.08
"2019-01-04","Rahkim Sweatshirt",,,22.76
"2019-01-05",,,,0
"2019-01-06",,,,0
"2019-01-07",,,,0
"2019-01-08",,,,0
"2019-01-09",,,,0
"2019-01-10","STILL HUMVN Jersey","moon","Jersey",28.99
"2019-01-10","STILL HUMVN Jersey","51","Jersey",28.99
"2019-01-10","STILL HUMVN Jersey","Verishop","Jersey",28.99
"2019-01-10","STILL HUMVN Jersey","jersey","Jersey",28.99
"2019-01-10","STILL HUMVN Jersey","still","Jersey",28.99
"2019-01-10","STILL HUMVN Jersey","black","Jersey",28.99
"2019-01-10",,,,5
"2019-01-10","STILL HUMVN Jersey","humvn","Jersey",28.99
"2019-01-11",,,,0
"2019-01-12",,,,0
"2019-01-13",,,,0
"2019-01-14",,,,0
"2019-01-15",,,,0
"2019-01-16",,,,0
"2019-01-17",,,,5.01
"2019-01-18",,,,0
"2019-01-19",,,,0
"2019-01-20",,,,0
"2019-01-21",,,,0
"2019-01-22",,,,0
"2019-01-23",,,,0
"2019-01-24",,,,0
"2019-01-25",,,,0
"2019-01-26",,,,0
"2019-01-27",,,,0
"2019-01-28",,,,0
"2019-01-29",,,,0
"2019-01-30",,,,0
"2019-01-31",,,,0
"2019-02-01",,,,0
"2019-02-02",,,,0
"2019-02-03",,,,0
"2019-02-04","OG Yellow Camo Duffy","camouflage","Bags",50.94
"2019-02-04","OG Yellow Camo Duffy","yellow","Bags",50.94
"2019-02-04","BOLO DOLO T","Short-Sleeve","T-Shirt",26
"2019-02-04","OG Yellow Camo Duffy","pack","Bags",50.94
"2019-02-04","OG Yellow Camo Duffy","duffy","Bags",50.94
"2019-02-04","BOLO DOLO T","T-shirt","T-Shirt",26
"2019-02-04","OG Yellow Camo Duffy","camo","Bags",50.94
"2019-02-04","BOLO DOLO T","shirt","T-Shirt",26
"2019-02-04",,,,3.26
"2019-02-04","OG Yellow Camo Duffy","travel","Bags",50.94
"2019-02-04","BOLO DOLO T","tee","T-Shirt",26
"2019-02-04","OG Yellow Camo Duffy","storage","Bags",50.94
"2019-02-04","OG Yellow Camo Duffy","bag","Bags",50.94
"2019-02-04","BOLO DOLO T","top","T-Shirt",26
"2019-02-04","OG Yellow Camo Duffy","Accessories","Bags",50.94
"2019-02-04","OG Yellow Camo Duffy","pacl","Bags",50.94
"2019-02-04","OG Yellow Camo Duffy","duffle bag","Bags",50.94
"2019-02-05",,,,0
"2019-02-06",,,,0
"2019-02-07",,,,0
"2019-02-08",,,,0
"2019-02-09",,,,0
"2019-02-10",,,,0
"2019-02-11",,,,0
"2019-02-12",,,,0
"2019-02-13",,,,0
"2019-02-14",,,,0
"2019-02-15",,,,0
"2019-02-16",,,,0
"2019-02-17",,,,0
"2019-02-18",,,,0
"2019-02-19","Stay Up Hooded Sweatshirt",,,45.73
"2019-02-19",,,,6.09
"2019-02-20",,,,0
"2019-02-21","Floater Jersey","Verishop","Jersey",25.13
"2019-02-21","Women’s “I CAN DO BAD BY MYSELF” Crop Hoodie","CropTop Hoodie","Hoodie",43
"2019-02-21","Women’s “I CAN DO BAD BY MYSELF” Crop Hoodie","hood","Hoodie",43
"2019-02-21","Floater Jersey","floater","Jersey",25.13
"2019-02-21","Floater Jersey","humvn","Jersey",25.13
"2019-02-21","Lamont GEN2","Balloon","Dad Hats",19.93
"2019-02-21","Splash Summer Festival Floater GEN1 Fanny Pack🎈","pockets","Fanny Pack",43.35
"2019-02-21",,,,3.62
"2019-02-21","Women’s “I CAN DO BAD BY MYSELF” Crop Hoodie","long","Hoodie",43
"2019-02-21","Splash Summer Festival Floater GEN1 Fanny Pack🎈","fanny pack","Fanny Pack",43.35
"2019-02-21","Lamont GEN2","denim","Dad Hats",19.93
"2019-02-21","Floater Jersey","stripes","Jersey",25.13
"2019-02-21","Floater Jersey","moon","Jersey",25.13
"2019-02-21","Splash Summer Festival Floater GEN1 Fanny Pack🎈","floater","Fanny Pack",43.35
"2019-02-21","Floater Jersey","51","Jersey",25.13
"2019-02-21","Women’s “I CAN DO BAD BY MYSELF” Crop Hoodie","sweats","Hoodie",43
"2019-02-21","Splash Summer Festival Floater GEN1 Fanny Pack🎈","bag","Fanny Pack",43.35
"2019-02-21","Women’s “I CAN DO BAD BY MYSELF” Crop Hoodie","sleeve","Hoodie",43
"2019-02-21","Floater Jersey","jersey","Jersey",25.13
"2019-02-21","Splash Summer Festival Floater GEN1 Fanny Pack🎈","fanny","Fanny Pack",43.35
"2019-02-21","Splash Summer Festival Floater GEN1 Fanny Pack🎈","Splash","Fanny Pack",43.35
"2019-02-21","Lamont GEN2","Dad Hats","Dad Hats",19.93
"2019-02-21","Floater Jersey","still","Jersey",25.13
"2019-02-21","Women’s “I CAN DO BAD BY MYSELF” Crop Hoodie","women","Hoodie",43
"2019-02-21","Women’s “I CAN DO BAD BY MYSELF” Crop Hoodie","Hoodie","Hoodie",43
"2019-02-21","Women’s “I CAN DO BAD BY MYSELF” Crop Hoodie","Crop Top","Hoodie",43
"2019-02-21","Floater Jersey","black","Jersey",25.13
"2019-02-21","Women’s “I CAN DO BAD BY MYSELF” Crop Hoodie","top","Hoodie",43
"2019-02-21","Floater Jersey","red","Jersey",25.13
"2019-02-21","Women’s “I CAN DO BAD BY MYSELF” Crop Hoodie","sweat","Hoodie",43
"2019-02-21","Lamont GEN2","red","Dad Hats",19.93
"2019-02-21","Lamont GEN2","camo","Dad Hats",19.93
"2019-02-21","Women’s “I CAN DO BAD BY MYSELF” Crop Hoodie","crop","Hoodie",43
"2019-02-22","Floater Crop Top","Crop Top","T-Shirt",22.5
"2019-02-22","Floater Crop Top","T-shirt","T-Shirt",22.5
"2019-02-22","Dom Da Don Data Long Sleeve T","lonely floater","Long-sleeve",22.5
"2019-02-22","Dom Da Don Data Long Sleeve T","long","Long-sleeve",22.5
"2019-02-22","Dom Da Don Data Long Sleeve T","don","Long-sleeve",22.5
"2019-02-22","Dom Da Don Data Long Sleeve T","data","Long-sleeve",22.5
"2019-02-22","Dom Da Don Data Long Sleeve T","sleeve","Long-sleeve",22.5
"2019-02-22","Women’s “I CAN DO BAD BY MYSELF” Crop Hoodie","women","Hoodie",43
"2019-02-22","Women’s “I CAN DO BAD BY MYSELF” Crop Hoodie","Hoodie","Hoodie",43
"2019-02-22","Dom Da Don Data Long Sleeve T","demario","Long-sleeve",22.5
"2019-02-22","Dom Da Don Data Long Sleeve T","Long Sleeve","Long-sleeve",22.5
"2019-02-22","Dom Da Don Data Long Sleeve T","floater","Long-sleeve",22.5
"2019-02-22","Dom Da Don Data Long Sleeve T","tee","Long-sleeve",22.5
"2019-02-22","Women’s “I CAN DO BAD BY MYSELF” Crop Hoodie","top","Hoodie",43
"2019-02-22","Ultra Light Beam Infant Bodysuit","suit","Kids clothes",15.99
"2019-02-22","Women’s “I CAN DO BAD BY MYSELF” Crop Hoodie","sweat","Hoodie",43
"2019-02-22","Dom Da Don Data Long Sleeve T","lonely","Long-sleeve",22.5
"2019-02-22","Floater Crop Top","Short-Sleeve","T-Shirt",22.5
"2019-02-22","Stay Up Knit Beanie","beanie","Beanies",20
"2019-02-22","Dom Da Don Data Long Sleeve T","T-shirt","Long-sleeve",22.5
"2019-02-22","Ultra Light Beam Infant Bodysuit","infant","Kids clothes",15.99
"2019-02-22","Women’s “I CAN DO BAD BY MYSELF” Crop Hoodie","crop","Hoodie",43
"2019-02-22","Women’s “I CAN DO BAD BY MYSELF” Crop Hoodie","CropTop Hoodie","Hoodie",43
"2019-02-22","Women’s “I CAN DO BAD BY MYSELF” Crop Hoodie","hood","Hoodie",43
"2019-02-22","Floater Crop Top","tee","T-Shirt",22.5
"2019-02-22","Floater Crop Top","shirt","T-Shirt",22.5
"2019-02-22","Ultra Light Beam Infant Bodysuit","Baby","Kids clothes",15.99
"2019-02-22","Dom Da Don Data Long Sleeve T","design","Long-sleeve",22.5
"2019-02-22","Ultra Light Beam Infant Bodysuit","Kids","Kids clothes",15.99
"2019-02-22","Dom Da Don Data Long Sleeve T","shirt","Long-sleeve",22.5
"2019-02-22","Dom Da Don Data Long Sleeve T","top","Long-sleeve",22.5
"2019-02-22","Stay Up Knit Beanie","hat","Beanies",20
"2019-02-22","Women’s “I CAN DO BAD BY MYSELF” Crop Hoodie","long","Hoodie",43
"2019-02-22",,,,5
"2019-02-22","Women’s “I CAN DO BAD BY MYSELF” Crop Hoodie","Crop Top","Hoodie",43
"2019-02-22","Women’s “I CAN DO BAD BY MYSELF” Crop Hoodie","sleeve","Hoodie",43
"2019-02-22","Women’s “I CAN DO BAD BY MYSELF” Crop Hoodie","sweats","Hoodie",43
"2019-02-22","Floater Crop Top","top","T-Shirt",22.5
"2019-02-22","Floater Crop Top","tops","T-Shirt",22.5
"2019-02-23",,,,0
"2019-02-24",,,,0
"2019-02-25",,,,0
"2019-02-26",,,,0
"2019-02-27",,,,0
"2019-02-28","Stay Up Unisex T-Shirt","T-shirt","T-Shirt",20
"2019-02-28","Stay Up Unisex T-Shirt","tee","T-Shirt",20
"2019-02-28","Copy of Ultra Cotton Long Sleeve T-Shirt",,"Long-sleeve",23.45
"2019-02-28","Stay Up Unisex T-Shirt","t","T-Shirt",20
"2019-02-28","Stay Up Unisex T-Shirt","shirt","T-Shirt",20
"2019-02-28","Stay Up Unisex T-Shirt","Splash","T-Shirt",20
"2019-02-28",,,,5
"2019-03-01",,,,0
"2019-03-02",,,,0
"2019-03-03","FS GEN2 BLK","red","Dad Hats",22.99
"2019-03-03","Champion x Lonely Floater Sweatshirt","L","Sweatshirt",64.5
"2019-03-03","FS GEN2 BLK","Balloon","Dad Hats",22.99
"2019-03-03","FS GEN2  CMO","Balloon","Dad Hats",25.99
"2019-03-03","Champion x Lonely Floater Sweatshirt","sweats","Sweatshirt",64.5
"2019-03-03","Champion x Lonely Floater Sweatshirt","long","Sweatshirt",64.5
"2019-03-03","Floater Jersey","humvn","Jersey",28.99
"2019-03-03","Champion x Lonely Floater Sweatshirt","top","Sweatshirt",64.5
"2019-03-03","Floater Jersey","floater","Jersey",28.99
"2019-03-03","FS GEN2  CMO","denim","Dad Hats",25.99
"2019-03-03","Floater Jersey","Verishop","Jersey",28.99
"2019-03-03","Floater Jersey","51","Jersey",28.99
"2019-03-03","Floater Jersey","jersey","Jersey",28.99
"2019-03-03","Champion x Lonely Floater Sweatshirt","CrewNeck","Sweatshirt",64.5
"2019-03-03","FS GEN2 BLK","Dad Hats","Dad Hats",22.99
"2019-03-03","FS GEN2  CMO","red","Dad Hats",25.99
"2019-03-03","FS GEN2  CMO","camo","Dad Hats",25.99
"2019-03-03","Floater Jersey","moon","Jersey",28.99
"2019-03-03","Floater Jersey","stripes","Jersey",28.99
"2019-03-03","Champion x Lonely Floater Sweatshirt","long-sleeve","Sweatshirt",64.5
"2019-03-03","Floater Jersey","black","Jersey",28.99
"2019-03-03","FS GEN2 BLK","black","Dad Hats",22.99
"2019-03-03","FS GEN2  CMO","Verishop","Dad Hats",25.99
"2019-03-03","Floater Jersey","still","Jersey",28.99
"2019-03-03","Champion x Lonely Floater Sweatshirt","shirt","Sweatshirt",64.5
"2019-03-03","Champion x Lonely Floater Sweatshirt","sleeve","Sweatshirt",64.5
"2019-03-03","FS GEN2 BLK","Verishop","Dad Hats",22.99
"2019-03-03","Champion x Lonely Floater Sweatshirt","champion","Sweatshirt",64.5
"2019-03-03","FS GEN2  CMO","Dad Hats","Dad Hats",25.99
"2019-03-03","Floater Jersey","red","Jersey",28.99
"2019-03-03",,,,14.86
"2019-03-03","Champion x Lonely Floater Sweatshirt","sweater","Sweatshirt",64.5
"2019-03-04",,,,0
"2019-03-05",,,,0
"2019-03-06",,,,0
"2019-03-07",,,,0
"2019-03-08",,,,0
"2019-03-09",,,,0
"2019-03-10",,,,0
"2019-03-11",,,,0
"2019-03-12","Wallie LTS Camo Shirt","T-shirt","T-Shirt",32.5
"2019-03-12","FS GEN2 BLK","Verishop","Dad Hats",25.03
"2019-03-12","FS GEN2 BLK","black","Dad Hats",25.03
"2019-03-12","Wallie LTS Camo Shirt","shirt","T-Shirt",32.5
"2019-03-12","Lamont GEN2","camo","Dad Hats",25.03
"2019-03-12","Wallie LTS Camo Shirt","tee","T-Shirt",32.5
"2019-03-12","Lamont GEN2","red","Dad Hats",25.03
"2019-03-12","Wallie LTS Camo Shirt","green","T-Shirt",32.5
"2019-03-12","Lamont GEN2","Balloon","Dad Hats",25.03
"2019-03-12","FS GEN2 BLK","Balloon","Dad Hats",25.03
"2019-03-12","FS GEN2 BLK","red","Dad Hats",25.03
"2019-03-12",,,,4.16
"2019-03-12","Wallie LTS Camo Shirt","Splash","T-Shirt",32.5
"2019-03-12","Wallie LTS Camo Shirt","camo","T-Shirt",32.5
"2019-03-12","FS GEN2 BLK","Dad Hats","Dad Hats",25.03
"2019-03-12","Lamont GEN2","denim","Dad Hats",25.03
"2019-03-12","MKGA Dad Hat",,,26
"2019-03-12","Lamont GEN2","Dad Hats","Dad Hats",25.03
"2019-03-13","Stay Up Unisex T-Shirt","Splash","T-Shirt",21.5
"2019-03-13","Lamont GEN2","Balloon","Dad Hats",22.99
"2019-03-13","Lamont GEN2","Dad Hats","Dad Hats",22.99
"2019-03-13","Stay Up Unisex T-Shirt","shirt","T-Shirt",21.5
"2019-03-13",,,,5.12
"2019-03-13","Lamont GEN2","denim","Dad Hats",22.99
"2019-03-13","Stay Up Unisex T-Shirt","t","T-Shirt",21.5
"2019-03-13","Stay Up Unisex T-Shirt","T-shirt","T-Shirt",21.5
"2019-03-13","Stay Up Unisex T-Shirt","tee","T-Shirt",21.5
"2019-03-13","Lamont GEN2","camo","Dad Hats",22.99
"2019-03-13","Lamont GEN2","red","Dad Hats",22.99
"2019-03-14",,,,0
"2019-03-15",,,,0
"2019-03-16",,,,0
"2019-03-17",,,,0
"2019-03-18",,,,0
"2019-03-19","Splash Summer Festival Floater GEN1 Fanny Pack🎈","fanny pack","Fanny Pack",18.75
"2019-03-19","Splash Summer Festival Floater GEN1 Fanny Pack🎈","pockets","Fanny Pack",18.75
"2019-03-19","OG Yellow Camo Duffy","camouflage","Bags",40.5
"2019-03-19","OG Yellow Camo Duffy","pacl","Bags",40.5
"2019-03-19","Splash Summer Festival Floater GEN1 Fanny Pack🎈","fanny","Fanny Pack",18.75
"2019-03-19","Splash Summer Festival Floater GEN1 Fanny Pack🎈","Splash","Fanny Pack",18.75
"2019-03-19","Splash Summer Festival Floater GEN1 Fanny Pack🎈","bag","Fanny Pack",18.75
"2019-03-19","OG Yellow Camo Duffy","bag","Bags",40.5
"2019-03-19",,,,12
"2019-03-19","OG Yellow Camo Duffy","travel","Bags",40.5
"2019-03-19","Splash Summer Festival Floater GEN1 Fanny Pack🎈","floater","Fanny Pack",18.75
"2019-03-19","OG Yellow Camo Duffy","storage","Bags",40.5
"2019-03-19","OG Yellow Camo Duffy","camo","Bags",40.5
"2019-03-19","LMNT Sweatshirt",,"Sweatshirt",16.5
"2019-03-19","Lo-Vis LF Dad Hat","Dad Hats","Dad Hats",15.37
"2019-03-19","OG Yellow Camo Duffy","duffy","Bags",40.5
"2019-03-19","OG Yellow Camo Duffy","pack","Bags",40.5
"2019-03-19","OG Yellow Camo Duffy","duffle bag","Bags",40.5
"2019-03-19","OG Yellow Camo Duffy","Accessories","Bags",40.5
"2019-03-19","OG Yellow Camo Duffy","yellow","Bags",40.5
"2019-03-20","OG Yellow Camo Duffy","camo","Bags",-40.5
"2019-03-20","Splash Summer Festival Floater GEN1 Fanny Pack🎈","floater","Fanny Pack",-18.75
"2019-03-20","Lo-Vis LF Dad Hat","Dad Hats","Dad Hats",-15.37
"2019-03-20","OG Yellow Camo Duffy","duffy","Bags",-40.5
"2019-03-20","Splash Summer Festival Floater GEN1 Fanny Pack🎈","fanny","Fanny Pack",-18.75
"2019-03-20","Splash Summer Festival Floater GEN1 Fanny Pack🎈","Splash","Fanny Pack",-18.75
"2019-03-20","OG Yellow Camo Duffy","pack","Bags",-40.5
"2019-03-20","2K19 Sponge Fleece Jogger Sweatpants","Sweats","Pants",50
"2019-03-20","OG Yellow Camo Duffy","duffle bag","Bags",-40.5
"2019-03-20","Splash Summer Festival Floater GEN1 Fanny Pack🎈","pockets","Fanny Pack",-18.75
"2019-03-20","OG Yellow Camo Duffy","Accessories","Bags",-40.5
"2019-03-20","Splash Summer Festival Floater GEN1 Fanny Pack🎈","fanny pack","Fanny Pack",-18.75
"2019-03-20","OG Yellow Camo Duffy","yellow","Bags",-40.5
"2019-03-20","2K19 Sponge Fleece Jogger Sweatpants","Sweatpants","Pants",50
"2019-03-20","LMNT Sweatshirt",,"Sweatshirt",-16.5
"2019-03-20","OG Yellow Camo Duffy","camouflage","Bags",-40.5
"2019-03-20",,,,94.75
"2019-03-20","OG Yellow Camo Duffy","pacl","Bags",-40.5
"2019-03-20","2K19 Sponge Fleece Jogger Sweatpants","Joggers","Pants",50
"2019-03-20","Splash Summer Festival Floater GEN1 Fanny Pack🎈","bag","Fanny Pack",-18.75
"2019-03-20","OG Yellow Camo Duffy","bag","Bags",-40.5
"2019-03-20","OG Yellow Camo Duffy","travel","Bags",-40.5
"2019-03-20","OG Yellow Camo Duffy","storage","Bags",-40.5
"2019-03-20","2K19 Sponge Fleece Jogger Sweatpants","Pants","Pants",50
"2019-03-21",,,,0
"2019-03-22",,,,0
"2019-03-23",,,,0
"2019-03-24",,,,0
"2019-03-25",,,,0
"2019-03-26",,,,0
"2019-03-27",,,,0
"2019-03-28",,,,0
"2019-03-29",,,,0
"2019-03-30",,,,0
"2019-03-31",,,,0
"2019-04-01",,,,0
"2019-04-02",,,,0
"2019-04-03","We Take No L's Dad Hat","dad","Dad Hats",25
"2019-04-03","Fishscale Floata (Introvert) Duffy","duffle bag","Bags",54
"2019-04-03","Fishscale Floata (Introvert) Duffy","Bags","Bags",54
"2019-04-03","Fishscale Floata (Introvert) Duffy","duffel","Bags",54
"2019-04-03","Fishscale Floata (Introvert) Duffy","travel","Bags",54
"2019-04-03","Fishscale Floata (Introvert) Duffy","Accessories","Bags",54
"2019-04-03","We Take No L's Dad Hat","l","Dad Hats",25
"2019-04-03","Fishscale Floata (Introvert) Duffy","blakc","Bags",54
"2019-04-03","We Take No L's Dad Hat","hat","Dad Hats",25
"2019-04-03",,,,5
"2019-04-03","We Take No L's Dad Hat","pink","Dad Hats",25
"2019-04-03","Fishscale Floata (Introvert) Duffy","bag","Bags",54
"2019-04-03","We Take No L's Dad Hat","buckle","Dad Hats",25
"2019-04-03","We Take No L's Dad Hat","Dad Hats","Dad Hats",25
"2019-04-03","Fishscale Floata (Introvert) Duffy","black","Bags",54
"2019-04-03","Fishscale Floata (Introvert) Duffy","duffle","Bags",54
"2019-04-03","Fishscale Floata (Introvert) Duffy","duffy","Bags",54
"2019-04-03","LMNT Sweatshirt",,"Sweatshirt",21.99
"2019-04-04",,,,0
"2019-04-05",,,,0
"2019-04-06",,,,0
"2019-04-07",,,,0
"2019-04-08",,,,0
"2019-04-09",,,,0
"2019-04-10",,,,0
"2019-04-11",,,,0
"2019-04-12",,,,0
"2019-04-13",,,,0
"2019-04-13","BOLO DOLO T","tee","T-Shirt",48
"2019-04-13","STILL HUMVN Jersey","still","Jersey",28.99
"2019-04-13","BOLO DOLO T","T-shirt","T-Shirt",48
"2019-04-13","STILL HUMVN Jersey","jersey","Jersey",28.99
"2019-04-13","Stay Up Unisex T-Shirt","T-shirt","T-Shirt",41.5
"2019-04-13","Stay Up Unisex T-Shirt","tee","T-Shirt",41.5
"2019-04-13","Floater Jersey","still","Jersey",28.99
"2019-04-13","STILL HUMVN Jersey","Verishop","Jersey",28.99
"2019-04-13","Floater Jersey","red","Jersey",28.99
"2019-04-13","Stay Up Unisex T-Shirt","t","T-Shirt",41.5
"2019-04-13","Floater Jersey","black","Jersey",28.99
"2019-04-13","BOLO DOLO T","top","T-Shirt",48
"2019-04-13","STILL HUMVN Jersey","black","Jersey",28.99
"2019-04-13","BOLO DOLO T","Short-Sleeve","T-Shirt",48
"2019-04-13","STILL HUMVN Jersey","humvn","Jersey",28.99
"2019-04-13","Floater Jersey","jersey","Jersey",28.99
"2019-04-13","Floater Jersey","stripes","Jersey",28.99
"2019-04-13","Stay Up Unisex T-Shirt","Splash","T-Shirt",41.5
"2019-04-13","Floater Jersey","moon","Jersey",28.99
"2019-04-13","Stay Up Unisex T-Shirt","shirt","T-Shirt",41.5
"2019-04-13","Floater Jersey","51","Jersey",28.99
"2019-04-13","BOLO DOLO T","shirt","T-Shirt",48
"2019-04-13","Floater Jersey","floater","Jersey",28.99
"2019-04-13","Floater Jersey","Verishop","Jersey",28.99
"2019-04-13","STILL HUMVN Jersey","moon","Jersey",28.99
"2019-04-13","STILL HUMVN Jersey","51","Jersey",28.99
"2019-04-13","Floater Jersey","humvn","Jersey",28.99
"2019-04-14",,,,0
"2019-04-15",,,,0
"2019-04-16",,,,0
"2019-04-17",,,,0
"2019-04-18",,,,0
"2019-04-19",,,,0
"2019-04-20",,,,0
"2019-04-21",,,,0
"2019-04-22",,,,0
"2019-04-23",,,,0
"2019-04-24",,,,0
"2019-04-25",,,,0
"2019-04-26",,,,0
"2019-04-27",,,,0
"2019-04-28",,,,0
"2019-04-29",,,,0
"2019-04-30",,,,0
"2019-05-01",,,,0
"2019-05-02",,,,0
"2019-05-03",,,,0
"2019-05-04",,,,0
"2019-05-05","Floater Jersey","black","Jersey",26.85
"2019-05-05","Floater Jersey","still","Jersey",26.85
"2019-05-05","Floater Jersey","51","Jersey",26.85
"2019-05-05",,,,5.44
"2019-05-05","Floater Jersey","humvn","Jersey",26.85
"2019-05-05","Floater Jersey","floater","Jersey",26.85
"2019-05-05","Floater Jersey","Verishop","Jersey",26.85
"2019-05-05","Floater Jersey","moon","Jersey",26.85
"2019-05-05","Floater Jersey","red","Jersey",26.85
"2019-05-05","Floater Jersey","stripes","Jersey",26.85
"2019-05-05","Floater Jersey","jersey","Jersey",26.85
"2019-05-06",,,,0
"2019-05-07",,,,0
"2019-05-08","Fishscale Floata (Introvert) Duffy","duffy","Bags",47
"2019-05-08","FOR T-Shirt","Graphic Tee","T-Shirt",19.5
"2019-05-08","FOR T-Shirt","shirt","T-Shirt",19.5
"2019-05-08","FLOAT Unisex T-Shirt","shirt","T-Shirt",19.5
"2019-05-08","FLOAT Unisex T-Shirt","pink","T-Shirt",19.5
"2019-05-08","Fishscale Floata (Introvert) Duffy","duffle","Bags",47
"2019-05-08","Fishscale Floata (Introvert) Duffy","black","Bags",47
"2019-05-08","√AllEviL Tee","Graphic Tee","T-Shirt",26.5
"2019-05-08","Fishscale Floata (Introvert) Duffy","duffle bag","Bags",47
"2019-05-08",,,,4.65
"2019-05-08","√AllEviL Tee","tee","T-Shirt",26.5
"2019-05-08","Fishscale Floata (Introvert) Duffy","bag","Bags",47
"2019-05-08","√AllEviL Tee","t shirt","T-Shirt",26.5
"2019-05-08","Lonely x Dad Hat","hat","Dad Hats",19.4
"2019-05-08","√AllEviL Tee","Short-Sleeve","T-Shirt",26.5
"2019-05-08","Fishscale Floata (Introvert) Duffy","Accessories","Bags",47
"2019-05-08","Lonely x Dad Hat","Dad Hats","Dad Hats",19.4
"2019-05-08","Fishscale Floata (Introvert) Duffy","blakc","Bags",47
"2019-05-08","FOR T-Shirt","Splash","T-Shirt",19.5
"2019-05-08","√AllEviL Tee","t","T-Shirt",26.5
"2019-05-08","√AllEviL Tee","shirt","T-Shirt",26.5
"2019-05-08","FOR T-Shirt","T-shirt","T-Shirt",19.5
"2019-05-08","FLOAT Unisex T-Shirt","Splash","T-Shirt",19.5
"2019-05-08","Fishscale Floata (Introvert) Duffy","Bags","Bags",47
"2019-05-08","Lonely x Dad Hat","lonely","Dad Hats",19.4
"2019-05-08","FLOAT Unisex T-Shirt","tee","T-Shirt",19.5
"2019-05-08","FLOAT Unisex T-Shirt","T-shirt","T-Shirt",19.5
"2019-05-08","Lonely x Dad Hat","yellow","Dad Hats",19.4
"2019-05-08","FLOAT Unisex T-Shirt","Graphic Tee","T-Shirt",19.5
"2019-05-08","Lonely x Dad Hat","slime","Dad Hats",19.4
"2019-05-08","FOR T-Shirt","tee","T-Shirt",19.5
"2019-05-08","Fishscale Floata (Introvert) Duffy","duffel","Bags",47
"2019-05-08","Fishscale Floata (Introvert) Duffy","travel","Bags",47
"2019-05-09",,,,0
"2019-05-10","Champion x Lonely Floater Sweatshirt","sweater","Sweatshirt",69.9
"2019-05-10",,,,0
"2019-05-10","Champion x Lonely Floater Sweatshirt","champion","Sweatshirt",69.9
"2019-05-10","BOLO DOLO T","shirt","T-Shirt",26.01
"2019-05-10","Champion x Lonely Floater Sweatshirt","sleeve","Sweatshirt",69.9
"2019-05-10","Champion x Lonely Floater Sweatshirt","shirt","Sweatshirt",69.9
"2019-05-10","Champion x Lonely Floater Sweatshirt","long-sleeve","Sweatshirt",69.9
"2019-05-10","BOLO DOLO T","tee","T-Shirt",26.01
"2019-05-10","Champion x Lonely Floater Sweatshirt","CrewNeck","Sweatshirt",69.9
"2019-05-10","BOLO DOLO T","T-shirt","T-Shirt",26.01
"2019-05-10","Champion x Lonely Floater Sweatshirt","top","Sweatshirt",69.9
"2019-05-10","Champion x Lonely Floater Sweatshirt","long","Sweatshirt",69.9
"2019-05-10","Champion x Lonely Floater Sweatshirt","sweats","Sweatshirt",69.9
"2019-05-10","BOLO DOLO T","top","T-Shirt",26.01
"2019-05-10","BOLO DOLO T","Short-Sleeve","T-Shirt",26.01
"2019-05-10","Champion x Lonely Floater Sweatshirt","L","Sweatshirt",69.9
"2019-05-11",,,,0
"2019-05-12","Camo Floater Raglan Tee","floater","Shirt",22.99
"2019-05-12","Camo Floater Raglan Tee","camo","Shirt",22.99
"2019-05-12",,,,5
"2019-05-12","Camo Floater Raglan Tee","Verishop","Shirt",22.99
"2019-05-12","Camo Floater Raglan Tee","camoflauge","Shirt",22.99
"2019-05-12","Lamont Bucket Hat",,,21.5
"2019-05-12","Camo Floater Raglan Tee","shirt","Shirt",22.99
"2019-05-12","Camo Floater Raglan Tee","baseball","Shirt",22.99
"2019-05-12","Camo Floater Raglan Tee","tee","Shirt",22.99
"2019-05-13",,,,0
"2019-05-14",,,,0
"2019-05-15",,,,0
"2019-05-16",,,,0
"2019-05-17",,,,0
"2019-05-18","Loboy Tee",,"T-Shirt",28.99
"2019-05-18",,,,5.12
"2019-05-19",,,,0
"2019-05-20",,,,0
"2019-05-21",,,,0
"2019-05-22",,,,0
"2019-05-23",,,,0
"2019-05-24",,,,0
"2019-05-25","FS GEN2  CMO","red","Dad Hats",23.99
"2019-05-25",,,,0
"2019-05-25","FS GEN2  CMO","camo","Dad Hats",23.99
"2019-05-25","FS GEN2  CMO","Balloon","Dad Hats",23.99
"2019-05-25","FS GEN2  CMO","denim","Dad Hats",23.99
"2019-05-25","FS GEN2  CMO","Dad Hats","Dad Hats",23.99
"2019-05-25","FS GEN2  CMO","Verishop","Dad Hats",23.99
"2019-05-26",,,,0
"2019-05-27",,,,0
"2019-05-28",,,,0
"2019-05-29","FS GEN2 BLK","red","Dad Hats",24.69
"2019-05-29","FS GEN2 BLK","black","Dad Hats",24.69
"2019-05-29","FS GEN2 BLK","Verishop","Dad Hats",24.69
"2019-05-29","Lamont GEN2","Dad Hats","Dad Hats",24.68
"2019-05-29","FS GEN2 BLK","Dad Hats","Dad Hats",24.69
"2019-05-29",,,,0
"2019-05-29","Lamont GEN2","denim","Dad Hats",24.68
"2019-05-29","FS GEN2 BLK","Balloon","Dad Hats",24.69
"2019-05-29","Lamont GEN2","red","Dad Hats",24.68
"2019-05-29","Lamont GEN2","camo","Dad Hats",24.68
"2019-05-29","Lamont GEN2","Balloon","Dad Hats",24.68
"2019-05-30",,,,0
"2019-05-31",,,,0
"2019-06-01",,,,0
"2019-06-02",,,,0
"2019-06-03",,,,0
"2019-06-04",,,,0
"2019-06-05",,,,0
"2019-06-06",,,,0
"2019-06-07",,,,0
"2019-06-08",,,,0
"2019-06-09",,,,0
"2019-06-10",,,,0
"2019-06-11",,,,0
"2019-06-12",,,,0
"2019-06-13",,,,0
"2019-06-14",,,,0
"2019-06-15",,,,0
"2019-06-16","Lonely x Dad Hat","slime","Dad Hats",55.17
"2019-06-16","Lonely x Dad Hat","yellow","Dad Hats",55.17
"2019-06-16","Lonely x Dad Hat","Dad Hats","Dad Hats",55.17
"2019-06-16","Lonely x Dad Hat","lonely","Dad Hats",55.17
"2019-06-16",,,,0
"2019-06-16","Lonely x Dad Hat","hat","Dad Hats",55.17
"2019-06-17",,,,0
"2019-06-18",,,,0
"2019-06-19",,,,0
"2019-06-20","Camo Floater Raglan Tee","camoflauge","Shirt",17.24
"2019-06-20","BOLO DOLO T","T-shirt","T-Shirt",19.5
"2019-06-20","Camo Floater Raglan Tee","tee","Shirt",17.24
"2019-06-20","Bag Tag","duffy","Accessories",6.38
"2019-06-20","BOLO DOLO T","tee","T-Shirt",19.5
"2019-06-20","Stay Up Unisex T-Shirt","Splash","T-Shirt",17.63
"2019-06-20","Camo Floater Raglan Tee","camo","Shirt",17.24
"2019-06-20","Stay Up Unisex T-Shirt","t","T-Shirt",17.63
"2019-06-20","Stay Up Unisex T-Shirt","shirt","T-Shirt",17.63
"2019-06-20","Bag Tag","duffel","Accessories",6.38
"2019-06-20",,,,7
"2019-06-20","Camo Floater Raglan Tee","Verishop","Shirt",17.24
"2019-06-20","BOLO DOLO T","Short-Sleeve","T-Shirt",19.5
"2019-06-20","Camo Floater Raglan Tee","floater","Shirt",17.24
"2019-06-20","BOLO DOLO T","top","T-Shirt",19.5
"2019-06-20","Bag Tag","Accessories","Accessories",6.38
"2019-06-20","Bag Tag","bag","Accessories",6.38
"2019-06-20","Camo Floater Raglan Tee","baseball","Shirt",17.24
"2019-06-20","Bag Tag","duffle","Accessories",6.38
"2019-06-20","Stay Up Unisex T-Shirt","tee","T-Shirt",17.63
"2019-06-20","Stay Up Unisex T-Shirt","T-shirt","T-Shirt",17.63
"2019-06-20","BOLO DOLO T","shirt","T-Shirt",19.5
"2019-06-20","Camo Floater Raglan Tee","shirt","Shirt",17.24
"2019-06-20","Bag Tag","tag","Accessories",6.38
"2019-06-21",,,,0
"2019-06-22",,,,0
"2019-06-23",,,,0
"2019-06-24",,,,0
"2019-06-25",,,,0
"2019-06-26",,,,0
"2019-06-27",,,,0
"2019-06-28",,,,3.96
"2019-06-28","FS GEN2  CMO","Dad Hats","Dad Hats",23.99
"2019-06-28","FS GEN2  CMO","red","Dad Hats",23.99
"2019-06-28","FS GEN2  CMO","Verishop","Dad Hats",23.99
"2019-06-28","FS GEN2  CMO","camo","Dad Hats",23.99
"2019-06-28","FS GEN2  CMO","denim","Dad Hats",23.99
"2019-06-28","FS GEN2  CMO","Balloon","Dad Hats",23.99
"2019-06-29",,,,0
"2019-06-30",,,,0
"2019-07-01",,,,0
"2019-07-02",,,,0
"2019-07-03",,,,0
"2019-07-04",,,,0
"2019-07-05",,,,0
"2019-07-06",,,,0
"2019-07-07",,,,0
"2019-07-08",,,,0
"2019-07-09",,,,0
"2019-07-10",,,,0
"2019-07-11",,,,0
"2019-07-12",,,,0
"2019-07-13","Bag Tag","Accessories","Accessories",0
"2019-07-13","STILL HUMVN Jersey","humvn","Jersey",49.28
"2019-07-13","Floater Jersey","black","Jersey",28.99
"2019-07-13","Bag Tag","tag","Accessories",0
"2019-07-13","STILL HUMVN Jersey","black","Jersey",49.28
"2019-07-13","Trials Long Sleeve Tee","T-shirt","T-Shirt",50.76
"2019-07-13","Floater Jersey","51","Jersey",28.99
"2019-07-13","Floater Jersey","still","Jersey",28.99
"2019-07-13","Bag Tag","duffel","Accessories",0
"2019-07-13","STILL HUMVN Jersey","still","Jersey",49.28
"2019-07-13","Bag Tag","bag","Accessories",0
"2019-07-13","STILL HUMVN Jersey","jersey","Jersey",49.28
"2019-07-13","Trials Long Sleeve Tee","T-shirts","T-Shirt",50.76
"2019-07-13",,,,4.33
"2019-07-13","Lamont GEN2","Balloon","Dad Hats",19.55
"2019-07-13","Lamont GEN2","red","Dad Hats",19.55
"2019-07-13","STILL HUMVN Jersey","51","Jersey",49.28
"2019-07-13","Floater Jersey","humvn","Jersey",28.99
"2019-07-13","Floater Jersey","floater","Jersey",28.99
"2019-07-13","STILL HUMVN Jersey","Verishop","Jersey",49.28
"2019-07-13","STILL HUMVN Jersey","moon","Jersey",49.28
"2019-07-13","Lamont GEN2","camo","Dad Hats",19.55
"2019-07-13","Floater Jersey","Verishop","Jersey",28.99
"2019-07-13","Floater Jersey","red","Jersey",28.99
"2019-07-13","Trials Long Sleeve Tee","shirt","T-Shirt",50.76
"2019-07-13","Floater Jersey","moon","Jersey",28.99
"2019-07-13","Floater Jersey","stripes","Jersey",28.99
"2019-07-13","Lamont GEN2","denim","Dad Hats",19.55
"2019-07-13","Bag Tag","duffy","Accessories",0
"2019-07-13","Bag Tag","duffle","Accessories",0
"2019-07-13","Lamont GEN2","Dad Hats","Dad Hats",19.55
"2019-07-13","Floater Jersey","jersey","Jersey",28.99
"2019-07-14","STILL HUMVN Jersey","Verishop","Jersey",22
"2019-07-14","Lamont GEN2","Balloon","Dad Hats",21.19
"2019-07-14","STILL HUMVN Jersey","51","Jersey",22
"2019-07-14","STILL HUMVN Jersey","moon","Jersey",22
"2019-07-14","Camo Floater Raglan Tee","shirt","Shirt",14.95
"2019-07-14","Ellis GEN1 Dad Hat","white","Dad Hats",14.99
"2019-07-14","FS GEN2 BLK","Balloon","Dad Hats",20
"2019-07-14","Ellis GEN1 Dad Hat","ellis","Dad Hats",14.99
"2019-07-14","VQ GEN2 BLK SPBK","black","Snapback",20
"2019-07-14","VQ GEN2 BLK SPBK","green brim","Snapback",20
"2019-07-14","VQ GEN2 BLK SPBK","Dad Hats","Snapback",20
"2019-07-14","FS GEN2 BLK","Dad Hats","Dad Hats",20
"2019-07-14","Lamont GEN2","denim","Dad Hats",21.19
"2019-07-14","Camo Floater Raglan Tee","baseball","Shirt",14.95
"2019-07-14","VQ GEN2 BLK SPBK","Verishop","Snapback",20
"2019-07-14","Lamont GEN2","Dad Hats","Dad Hats",21.19
"2019-07-14","VQ GEN2 BLK SPBK","snapback","Snapback",20
"2019-07-14","Ellis GEN1 Dad Hat","black","Dad Hats",14.99
"2019-07-14","VQ GEN2 BLK SPBK","red","Snapback",20
"2019-07-14","VQ GEN2 BLK SPBK","moon","Snapback",20
"2019-07-14","FS GEN2 BLK","red","Dad Hats",20
"2019-07-14","Splash Summer Festival Floater GEN1 Fanny Pack🎈","pockets","Fanny Pack",60
"2019-07-14","Camo Floater Raglan Tee","camo","Shirt",14.95
"2019-07-14","STILL HUMVN Jersey","humvn","Jersey",22
"2019-07-14","Lamont GEN2","red","Dad Hats",21.19
"2019-07-14","Lamont GEN2","camo","Dad Hats",21.19
"2019-07-14","Camo Floater Raglan Tee","Verishop","Shirt",14.95
"2019-07-14","Ellis GEN1 Dad Hat","Dad Hats","Dad Hats",14.99
"2019-07-14","FS GEN2 BLK","Verishop","Dad Hats",20
"2019-07-14","Ellis GEN1 Dad Hat","Pre-Flight","Dad Hats",14.99
"2019-07-14","STILL HUMVN Jersey","black","Jersey",22
"2019-07-14","VQ GEN2 BLK SPBK","Balloon","Snapback",20
"2019-07-14","Splash Summer Festival Floater GEN1 Fanny Pack🎈","fanny pack","Fanny Pack",60
"2019-07-14","FS GEN2 BLK","black","Dad Hats",20
"2019-07-14","Ellis GEN1 Dad Hat","Balloon","Dad Hats",14.99
"2019-07-14","Strange Vibez LTD Short-Sleeve Unisex T-Shirt",,,19.5
"2019-07-14","Camo Floater Raglan Tee","floater","Shirt",14.95
"2019-07-14","Camo Floater Raglan Tee","camoflauge","Shirt",14.95
"2019-07-14","Splash Summer Festival Floater GEN1 Fanny Pack🎈","floater","Fanny Pack",60
"2019-07-14","Splash Summer Festival Floater GEN1 Fanny Pack🎈","bag","Fanny Pack",60
"2019-07-14","STILL HUMVN Jersey","jersey","Jersey",22
"2019-07-14","Camo Floater Raglan Tee","tee","Shirt",14.95
"2019-07-14","STILL HUMVN Jersey","still","Jersey",22
"2019-07-14","VQ GEN2 BLK SPBK","Pre-Flight","Snapback",20
"2019-07-14","Splash Summer Festival Floater GEN1 Fanny Pack🎈","Splash","Fanny Pack",60
"2019-07-14","Splash Summer Festival Floater GEN1 Fanny Pack🎈","fanny","Fanny Pack",60
"2019-07-14","Ellis GEN1 Dad Hat","blue","Dad Hats",14.99
"2019-07-15",,,,0
"2019-07-16","VQ GEN2 BLK SPBK","Verishop","Snapback",24.99
"2019-07-16","Trials Long Sleeve Tee","shirt","T-Shirt",45.11
"2019-07-16","New Stay Up Unisex  Tank Top","stay","Tank Top",17.01
"2019-07-16","Lonely x Dad Hat","yellow","Dad Hats",21.63
"2019-07-16","Lonely x Dad Hat","Dad Hats","Dad Hats",21.63
"2019-07-16","VQ GEN2 BLK SPBK","Dad Hats","Snapback",24.99
"2019-07-16","VQ GEN2 BLK SPBK","green brim","Snapback",24.99
"2019-07-16","Lonely x Dad Hat","slime","Dad Hats",21.63
"2019-07-16","VQ GEN2 BLK SPBK","red","Snapback",24.99
"2019-07-16","VQ GEN2 BLK SPBK","moon","Snapback",24.99
"2019-07-16","New Stay Up Unisex  Tank Top","balloon","Tank Top",17.01
"2019-07-16","Lonely x Dad Hat","lonely","Dad Hats",21.63
"2019-07-16","VQ GEN2 BLK SPBK","snapback","Snapback",24.99
"2019-07-16","VQ GEN2 BLK SPBK","black","Snapback",24.99
"2019-07-16",,,,28
"2019-07-16","Splash Summer Festival Floater GEN1 Fanny Pack🎈","floater","Fanny Pack",13.89
"2019-07-16","Splash Summer Festival Floater GEN1 Fanny Pack🎈","Splash","Fanny Pack",13.89
"2019-07-16","Splash Summer Festival Floater GEN1 Fanny Pack🎈","fanny","Fanny Pack",13.89
"2019-07-16","Trials Long Sleeve Tee","T-shirts","T-Shirt",45.11
"2019-07-16","VQ GEN2 BLK SPBK","Pre-Flight","Snapback",24.99
"2019-07-16","Lonely x Dad Hat","hat","Dad Hats",21.63
"2019-07-16","Splash Summer Festival Floater GEN1 Fanny Pack🎈","pockets","Fanny Pack",13.89
"2019-07-16","New Stay Up Unisex  Tank Top","Splash","Tank Top",17.01
"2019-07-16","New Stay Up Unisex  Tank Top","Tank Top","Tank Top",17.01
"2019-07-16","LMNT Sweatshirt",,"Sweatshirt",18.69
"2019-07-16","Trials Long Sleeve Tee","T-shirt","T-Shirt",45.11
"2019-07-16","Splash Summer Festival Floater GEN1 Fanny Pack🎈","bag","Fanny Pack",13.89
"2019-07-16","VQ GEN2 BLK SPBK","Balloon","Snapback",24.99
"2019-07-16","Splash Summer Festival Floater GEN1 Fanny Pack🎈","fanny pack","Fanny Pack",13.89
"2019-07-17","Floater Jersey","floater","Jersey",28.99
"2019-07-17","Floater Jersey","Verishop","Jersey",28.99
"2019-07-17","Floater Jersey","humvn","Jersey",28.99
"2019-07-17","VQ GEN2 BLK SPBK","Pre-Flight","Snapback",24.99
"2019-07-17","VQ GEN2 BLK SPBK","black","Snapback",24.99
"2019-07-17",,,,5.53
"2019-07-17","Floater Jersey","stripes","Jersey",28.99
"2019-07-17","Floater Jersey","moon","Jersey",28.99
"2019-07-17","Floater Jersey","jersey","Jersey",28.99
"2019-07-17","VQ GEN2 BLK SPBK","moon","Snapback",24.99
"2019-07-17","VQ GEN2 BLK SPBK","red","Snapback",24.99
"2019-07-17","Floater Jersey","51","Jersey",28.99
"2019-07-17","VQ GEN2 BLK SPBK","snapback","Snapback",24.99
"2019-07-17","Floater Jersey","still","Jersey",28.99
"2019-07-17","VQ GEN2 BLK SPBK","Verishop","Snapback",24.99
"2019-07-17","Strange Vibez LTD Short-Sleeve Unisex T-Shirt",,,30
"2019-07-17","VQ GEN2 BLK SPBK","Balloon","Snapback",24.99
"2019-07-17","Floater Jersey","black","Jersey",28.99
"2019-07-17","VQ GEN2 BLK SPBK","green brim","Snapback",24.99
"2019-07-17","VQ GEN2 BLK SPBK","Dad Hats","Snapback",24.99
"2019-07-17","Floater Jersey","red","Jersey",28.99
"2019-07-18",,,,0
"2019-07-19",,,,0
"2019-07-20",,,,0
"2019-07-21",,,,0
"2019-07-22",,,,0
"2019-07-23",,,,0
"2019-07-24",,,,0
"2019-07-25",,,,0
"2019-07-26",,,,0
"2019-07-27",,,,0
"2019-07-28",,,,0
"2019-07-29",,,,0
"2019-07-30",,,,0
"2019-07-31",,,,0
"2019-08-01",,,,0
"2019-08-02",,,,0
"2019-08-03",,,,0
"2019-08-04",,,,0
"2019-08-05",,,,0
"2019-08-06",,,,0
"2019-08-07",,,,0
"2019-08-08",,,,0
"2019-08-09",,,,0
"2019-08-10",,,,0
"2019-08-11",,,,4.33
"2019-08-11","Stay Up Unisex T-Shirt","tee","T-Shirt",18.27
"2019-08-11","Stay Up Unisex T-Shirt","T-shirt","T-Shirt",18.27
"2019-08-11","LFxNYC Sticker Pack","Accessories","Accessories",4.26
"2019-08-11","LFxNYC Sticker Pack","Splash","Accessories",4.26
"2019-08-11","Stay Up Unisex T-Shirt","t","T-Shirt",18.27
"2019-08-11","Stay Up Unisex T-Shirt","Splash","T-Shirt",18.27
"2019-08-11","LFxNYC Sticker Pack","lonely","Accessories",4.26
"2019-08-11","LFxNYC Sticker Pack","stickers","Accessories",4.26
"2019-08-11","LFxNYC Sticker Pack","floater","Accessories",4.26
"2019-08-11","Stay Up Unisex T-Shirt","shirt","T-Shirt",18.27
"2019-08-12",,,,0
"2019-08-13",,,,4.33
"2019-08-13","Nope Youth Short Sleeve T-Shirt",,,21.5
"2019-08-13","Nope Tee Short-Sleeve Unisex T-Shirt",,,46
"2019-08-13","Nope Mug",,,11
"2019-08-14",,,,0
"2019-08-15",,,,0
"2019-08-16",,,,0
"2019-08-17",,,,0
"2019-08-18",,,,0
"2019-08-19",,,,0
"2019-08-20",,,,0
"2019-08-21",,,,0
"2019-08-22",,,,0
"2019-08-23",,,,0
"2019-08-24",,,,0
"2019-08-25",,,,0
"2019-08-26",,,,0
"2019-08-27",,,,0
"2019-08-28",,,,0
"2019-08-29",,,,0
"2019-08-30",,,,0
"2019-08-31",,,,0
"2019-09-01",,,,0
"2019-09-02",,,,0
"2019-09-03","Trials Long Sleeve Tee","shirt","T-Shirt",19.01
"2019-09-03","Strange Vibez LTD Short-Sleeve Unisex T-Shirt",,,20.99
"2019-09-03","Trials Long Sleeve Tee","T-shirts","T-Shirt",19.01
"2019-09-03","Trials Long Sleeve Tee","T-shirt","T-Shirt",19.01
"2019-09-04",,,,0
"2019-09-05",,,,0
"2019-09-06","OG Yellow Camo Duffy","travel","Bags",54
"2019-09-06","OG Yellow Camo Duffy","storage","Bags",54
"2019-09-06","OG Yellow Camo Duffy","Accessories","Bags",54
"2019-09-06","OG Yellow Camo Duffy","bag","Bags",54
"2019-09-06","OG Yellow Camo Duffy","duffle bag","Bags",54
"2019-09-06",,,,0
"2019-09-06","OG Yellow Camo Duffy","pacl","Bags",54
"2019-09-06","OG Yellow Camo Duffy","yellow","Bags",54
"2019-09-06","OG Yellow Camo Duffy","pack","Bags",54
"2019-09-06","OG Yellow Camo Duffy","camouflage","Bags",54
"2019-09-06","OG Yellow Camo Duffy","duffy","Bags",54
"2019-09-06","OG Yellow Camo Duffy","camo","Bags",54
"2019-09-07",,,,0
"2019-09-08",,,,0
"2019-09-09",,,,0
"2019-09-10",,,,0
"2019-09-11",,,,0
"2019-09-12",,,,0
"2019-09-13",,,,0
"2019-09-14",,,,0
"2019-09-15",,,,0
"2019-09-16",,,,0
"2019-09-17",,,,0
"2019-09-18",,,,0
"2019-09-19","BOLO DOLO T","T-shirt","T-Shirt",24
"2019-09-19","BOLO DOLO T","top","T-Shirt",24
"2019-09-19",,,,5.12
"2019-09-19","BOLO DOLO T","Short-Sleeve","T-Shirt",24
"2019-09-19","BOLO DOLO T","tee","T-Shirt",24
"2019-09-19","BOLO DOLO T","shirt","T-Shirt",24
"2019-09-20",,,,0
"2019-09-21",,,,0
"2019-09-22",,,,0
"2019-09-23",,,,0
"2019-09-24",,,,0
"2019-09-25",,,,0
"2019-09-26",,,,150
"2019-09-27",,,,0
"2019-09-28",,,,0
"2019-09-29",,,,0
"2019-09-30",,,,0
"2019-10-01",,,,0
"2019-10-02",,,,0
"2019-10-03",,,,0
"2019-10-04",,,,0
"2019-10-05",,,,0
"2019-10-06",,,,0
"2019-10-07",,,,0
"2019-10-08",,,,0
"2019-10-09",,,,0
"2019-10-10",,,,0
"2019-10-11",,,,0
"2019-10-12",,,,0
"2019-10-13",,,,0
"2019-10-14",,,,0
"2019-10-15",,,,0
"2019-10-16",,,,0
"2019-10-17",,,,0
"2019-10-18",,,,0
"2019-10-19",,,,0
"2019-10-20",,,,0
"2019-10-21",,,,0
"2019-10-22",,,,27.5
"2019-10-23",,,,0
"2019-10-24",,,,0
"2019-10-25",,,,0
"2019-10-26",,,,0
"2019-10-27","LMNT Sweatshirt",,"Sweatshirt",21.99
"2019-10-27",,,,7
"2019-10-28",,,,0
"2019-10-29",,,,0
"2019-10-30",,,,0
"2019-10-31",,,,0
"2019-11-01",,,,0
"2019-11-02",,,,0
"2019-11-03",,,,0
"2019-11-04",,,,0
"2019-11-05",,,,0
"2019-11-06",,,,0
"2019-11-07",,,,0
"2019-11-08","Ultra Light Beam Infant Bodysuit","infant","Kids clothes",15.99
"2019-11-08","Ultra Light Beam Infant Bodysuit","suit","Kids clothes",15.99
"2019-11-08",,,,7
"2019-11-08","Ultra Light Beam Infant Bodysuit","Baby","Kids clothes",15.99
"2019-11-08","Ultra Light Beam Infant Bodysuit","Kids","Kids clothes",15.99
"2019-11-09",,,,0
"2019-11-10",,,,0
"2019-11-11",,,,0
"2019-11-12",,,,0
"2019-11-13","Stay Up Knit Beanie","beanie","Beanies",21.68
"2019-11-13","Stay Up Knit Beanie","hat","Beanies",21.68
"2019-11-13",,,,4.14
"2019-11-14",,,,0
"2019-11-15","Thunda Sweatshirt","sweaters","Sweaters/Hoodies",41.5
"2019-11-15",,,,7
"2019-11-15","Thunda Sweatshirt","sweatshirts","Sweaters/Hoodies",41.5
"2019-11-15","Thunda Bubble-free stickers",,,3
"2019-11-15","Thunda Sweatshirt","hood","Sweaters/Hoodies",41.5
"2019-11-15","Lo-Vis LF Dad Hat","Dad Hats","Dad Hats",20.5
"2019-11-15","Thunda Sweatshirt","sweats","Sweaters/Hoodies",41.5
"2019-11-15","Fishscale Super Incognito Monogram Backpack",,,44.5
"2019-11-16",,,,0
"2019-11-17",,,,0
"2019-11-18",,,,0
"2019-11-19",,,,0
"2019-11-20",,,,0
"2019-11-21",,,,0
"2019-11-22",,,,0
"2019-11-23",,,,0
"2019-11-24",,,,0
"2019-11-25",,,,0
"2019-11-26",,,,0
"2019-11-27",,,,0
"2019-11-28",,,,0
"2019-11-29",,,,0
"2019-11-30",,,,0
"2019-12-01",,,,0
"2019-12-02",,,,0
"2019-12-03",,,,0
"2019-12-04",,,,0
"2019-12-05",,,,0
"2019-12-06",,,,0
"2019-12-07",,,,0
"2019-12-08",,,,0
"2019-12-09",,,,0
"2019-12-10",,,,0
"2019-12-11",,,,0
"2019-12-12",,,,0
"2019-12-13",,,,0
"2019-12-14",,,,0
"2019-12-15",,,,0
"2019-12-16",,,,0
"2019-12-17",,,,0
"2019-12-18",,,,0
"2019-12-19",,,,0
"2019-12-20",,,,0
"2019-12-21",,,,435
"2019-12-22",,,,0
"2019-12-23",,,,0
"2019-12-24",,,,115
"2019-12-25",,,,0
"2019-12-26",,,,0
"2019-12-27",,,,0
"2019-12-28",,,,0
"2019-12-29",,,,0
"2019-12-30",,,,0
"2019-12-31",,,,0
"2020-01-01",,,,0
"2020-01-02",,,,0
"2020-01-03",,,,0
"2020-01-04",,,,0
"2020-01-05","LFxNYC Sticker Pack","Splash","Accessories",5
"2020-01-05",,,,3.36
"2020-01-05","LFxNYC Sticker Pack","floater","Accessories",5
"2020-01-05","LFxNYC Sticker Pack","stickers","Accessories",5
"2020-01-05","LFxNYC Sticker Pack","lonely","Accessories",5
"2020-01-05","LFxNYC Sticker Pack","Accessories","Accessories",5
"2020-01-06",,,,0
"2020-01-07","STILL HUMVN Jersey","still","Jersey",28.99
"2020-01-07","LMNT Sweatshirt",,"Sweatshirt",21.99
"2020-01-07","STILL HUMVN Jersey","jersey","Jersey",28.99
"2020-01-07","STILL HUMVN Jersey","Verishop","Jersey",28.99
"2020-01-07","STILL HUMVN Jersey","humvn","Jersey",28.99
"2020-01-07","STILL HUMVN Jersey","black","Jersey",28.99
"2020-01-07","STILL HUMVN Jersey","moon","Jersey",28.99
"2020-01-07","STILL HUMVN Jersey","51","Jersey",28.99
"2020-01-07",,,,0
"2020-01-08",,,,0
"2020-01-09","√AllEviL Tee","shirt","T-Shirt",16.78
"2020-01-09","√AllEviL Tee","t","T-Shirt",16.78
"2020-01-09","√AllEviL Tee","Graphic Tee","T-Shirt",16.78
"2020-01-09","√AllEviL Tee","Short-Sleeve","T-Shirt",16.78
"2020-01-09","√AllEviL Tee","tee","T-Shirt",16.78
"2020-01-09","√AllEviL Tee","t shirt","T-Shirt",16.78
"2020-01-10",,,,0
"2020-01-11",,,,0
"2020-01-12",,,,0
"2020-01-13",,,,0
"2020-01-14",,,,0
"2020-01-15","Champion x Lonely Floater Sweatshirt","long-sleeve","Sweatshirt",64.5
"2020-01-15","Champion x Lonely Floater Sweatshirt","sweater","Sweatshirt",64.5
"2020-01-15",,,,0
"2020-01-15","Lonely x Dad Hat","lonely","Dad Hats",25.45
"2020-01-15","Champion x Lonely Floater Sweatshirt","shirt","Sweatshirt",64.5
"2020-01-15","Lonely x Dad Hat","slime","Dad Hats",25.45
"2020-01-15","Champion x Lonely Floater Sweatshirt","sleeve","Sweatshirt",64.5
"2020-01-15","Champion x Lonely Floater Sweatshirt","champion","Sweatshirt",64.5
"2020-01-15","Lonely x Dad Hat","yellow","Dad Hats",25.45
"2020-01-15","Champion x Lonely Floater Sweatshirt","CrewNeck","Sweatshirt",64.5
"2020-01-15","Champion x Lonely Floater Sweatshirt","L","Sweatshirt",64.5
"2020-01-15","Lonely x Dad Hat","hat","Dad Hats",25.45
"2020-01-15","Champion x Lonely Floater Sweatshirt","sweats","Sweatshirt",64.5
"2020-01-15","Lonely x Dad Hat","Dad Hats","Dad Hats",25.45
"2020-01-15","Champion x Lonely Floater Sweatshirt","long","Sweatshirt",64.5
"2020-01-15","Champion x Lonely Floater Sweatshirt","top","Sweatshirt",64.5
"2020-01-16",,,,0
"2020-01-17",,,,0
"2020-01-18",,,,0
"2020-01-19",,,,0
"2020-01-20",,,,0
"2020-01-21",,,,0
"2020-01-22",,,,0
"2020-01-23",,,,0
"2020-01-24",,,,0
"2020-01-25",,,,0
"2020-01-26",,,,0
"2020-01-27",,,,0
"2020-01-28",,,,0
"2020-01-29",,,,0
"2020-01-30","Vision Quest Hoodie",,,56.5
"2020-01-30",,,,0
"2020-01-31",,,,0
"2020-02-01",,,,0
"2020-02-02",,,,0
"2020-02-03",,,,0
"2020-02-04","Trials Long Sleeve Tee","shirt","T-Shirt",40
"2020-02-04","Trials Long Sleeve Tee","T-shirts","T-Shirt",40
"2020-02-04","Trials Long Sleeve Tee","T-shirt","T-Shirt",40
"2020-02-05",,,,0
"2020-02-06",,,,0
"2020-02-07",,,,0
"2020-02-08","Floater Jersey","moon","Jersey",20
"2020-02-08","Floater Jersey","stripes","Jersey",20
"2020-02-08","Floater Jersey","red","Jersey",20
"2020-02-08","Floater Jersey","jersey","Jersey",20
"2020-02-08","Floater Jersey","humvn","Jersey",20
"2020-02-08","Trials Long Sleeve Tee","shirt","T-Shirt",20
"2020-02-08","Floater Jersey","Verishop","Jersey",20
"2020-02-08","Floater Jersey","floater","Jersey",20
"2020-02-08","Floater Jersey","51","Jersey",20
"2020-02-08","Trials Long Sleeve Tee","T-shirt","T-Shirt",20
"2020-02-08","Floater Jersey","black","Jersey",20
"2020-02-08","Trials Long Sleeve Tee","T-shirts","T-Shirt",20
"2020-02-08","Floater Jersey","still","Jersey",20
"2020-02-09",,,,0
"2020-02-10",,,,0
"2020-02-11",,,,0
"2020-02-12",,,,0
"2020-02-13",,,,0
"2020-02-14","Floater Jersey","floater","Jersey",24.99
"2020-02-14","Floater Jersey","Verishop","Jersey",24.99
"2020-02-14","Trials Long Sleeve Tee","T-shirts","T-Shirt",25.01
"2020-02-14","Floater Jersey","humvn","Jersey",24.99
"2020-02-14","Floater Jersey","red","Jersey",24.99
"2020-02-14","Floater Jersey","stripes","Jersey",24.99
"2020-02-14","Trials Long Sleeve Tee","T-shirt","T-Shirt",25.01
"2020-02-14","Floater Jersey","moon","Jersey",24.99
"2020-02-14","Floater Jersey","jersey","Jersey",24.99
"2020-02-14","Floater Jersey","still","Jersey",24.99
"2020-02-14","Floater Jersey","51","Jersey",24.99
"2020-02-14","Floater Jersey","black","Jersey",24.99
"2020-02-14","Trials Long Sleeve Tee","shirt","T-Shirt",25.01
"2020-02-15",,,,0
"2020-02-16",,,,0
"2020-02-17",,,,0
"2020-02-18","BOLO DOLO T","Short-Sleeve","T-Shirt",24
"2020-02-18","BOLO DOLO T","tee","T-Shirt",24
"2020-02-18","BOLO DOLO T","T-shirt","T-Shirt",24
"2020-02-18","BOLO Clarke Five Panel Cap","floater","5-Panel",46
"2020-02-18","BOLO DOLO T","top","T-Shirt",24
"2020-02-18","BOLO Clarke Five Panel Cap","5-Panel","5-Panel",46
"2020-02-18",,,,7
"2020-02-18","BOLO Clarke Five Panel Cap","Splash","5-Panel",46
"2020-02-18","BOLO Clarke Five Panel Cap","lonely","5-Panel",46
"2020-02-18","BOLO Clarke Five Panel Cap","lfxnyc","5-Panel",46
"2020-02-18","BOLO Clarke Five Panel Cap","hat","5-Panel",46
"2020-02-18","BOLO DOLO T","shirt","T-Shirt",24
"2020-02-19",,,,0
"2020-02-20",,,,0
"2020-02-21",,,,0
"2020-02-22",,,,0
"2020-02-23","FS GEN2  CMO","Verishop","Dad Hats",27.99
"2020-02-23","FS GEN2  CMO","red","Dad Hats",27.99
"2020-02-23",,,,3.97
"2020-02-23","FS GEN2  CMO","Dad Hats","Dad Hats",27.99
"2020-02-23","FS GEN2  CMO","Balloon","Dad Hats",27.99
"2020-02-23","FS GEN2  CMO","denim","Dad Hats",27.99
"2020-02-23","FS GEN2  CMO","camo","Dad Hats",27.99
"2020-02-24",,,,0
"2020-02-25",,,,0
"2020-02-26",,,,0
"2020-02-27",,,,0
"2020-02-28",,,,0
"2020-02-29",,,,0
"2020-03-01","LTS iPhone Case","phonecase","Accessories",12.8
"2020-03-01","LTS iPhone Case","Accessories","Accessories",12.8
"2020-03-01","LTS iPhone Case","Splash","Accessories",12.8
"2020-03-01","LTS iPhone Case","phone","Accessories",12.8
"2020-03-01","LTS iPhone Case","iphone","Accessories",12.8
"2020-03-01","LTS iPhone Case","apple","Accessories",12.8
"2020-03-01","LTS iPhone Case","case","Accessories",12.8
"2020-03-01",,,,7
"2020-03-02",,,,0
"2020-03-03",,,,0
"2020-03-04",,,,0
"2020-03-05",,,,0
"2020-03-06",,,,0
"2020-03-07","Dom Da Don Data Long Sleeve T","design","Long-sleeve",22
"2020-03-07","Dom Da Don Data Long Sleeve T","shirt","Long-sleeve",22
"2020-03-07","Dom Da Don Data Long Sleeve T","top","Long-sleeve",22
"2020-03-07","Dom Da Don Data Long Sleeve T","long","Long-sleeve",22
"2020-03-07","Dom Da Don Data Long Sleeve T","don","Long-sleeve",22
"2020-03-07","Dom Da Don Data Long Sleeve T","data","Long-sleeve",22
"2020-03-07","Dom Da Don Data Long Sleeve T","Long Sleeve","Long-sleeve",22
"2020-03-07","Dom Da Don Data Long Sleeve T","sleeve","Long-sleeve",22
"2020-03-07","Dom Da Don Data Long Sleeve T","demario","Long-sleeve",22
"2020-03-07","Dom Da Don Data Long Sleeve T","floater","Long-sleeve",22
"2020-03-07","Dom Da Don Data Long Sleeve T","tee","Long-sleeve",22
"2020-03-07","Dom Da Don Data Long Sleeve T","lonely floater","Long-sleeve",22
"2020-03-07","Dom Da Don Data Long Sleeve T","lonely","Long-sleeve",22
"2020-03-07","Dom Da Don Data Long Sleeve T","T-shirt","Long-sleeve",22
"2020-03-07",,,,7
"2020-03-08",,,,0
"2020-03-09",,,,0
"2020-03-10",,,,0
"2020-03-11",,,,0
"2020-03-12",,,,0
"2020-03-13",,,,0
"2020-03-14",,,,0
"2020-03-15","FS GEN2  DNM","red","Dad Hats",20
"2020-03-15","FS GEN2  DNM","Balloon","Dad Hats",20
"2020-03-15","FS GEN2  DNM","denim","Dad Hats",20
"2020-03-15","FS GEN2  DNM","Dad Hats","Dad Hats",20
"2020-03-16",,,,0
"2020-03-17",,,,0
"2020-03-18",,,,0
"2020-03-19",,,,0
"2020-03-20",,,,0
"2020-03-21",,,,0
"2020-03-22","BOLO Clarke Five Panel Cap","hat","5-Panel",27
"2020-03-22","BOLO Clarke Five Panel Cap","lfxnyc","5-Panel",27
"2020-03-22",,,,4.18
"2020-03-22","BOLO Clarke Five Panel Cap","floater","5-Panel",27
"2020-03-22","BOLO Clarke Five Panel Cap","Splash","5-Panel",27
"2020-03-22","BOLO Clarke Five Panel Cap","lonely","5-Panel",27
"2020-03-22","BOLO Clarke Five Panel Cap","5-Panel","5-Panel",27
"2020-03-23","Women’s “I CAN DO BAD BY MYSELF” Crop Hoodie","top","Hoodie",46
"2020-03-23",,,,0
"2020-03-23","Women’s “I CAN DO BAD BY MYSELF” Crop Hoodie","crop","Hoodie",46
"2020-03-23","Women’s “I CAN DO BAD BY MYSELF” Crop Hoodie","sweat","Hoodie",46
"2020-03-23","Women’s “I CAN DO BAD BY MYSELF” Crop Hoodie","women","Hoodie",46
"2020-03-23","Women’s “I CAN DO BAD BY MYSELF” Crop Hoodie","Hoodie","Hoodie",46
"2020-03-23","Women’s “I CAN DO BAD BY MYSELF” Crop Hoodie","CropTop Hoodie","Hoodie",46
"2020-03-23","Women’s “I CAN DO BAD BY MYSELF” Crop Hoodie","sweats","Hoodie",46
"2020-03-23","Women’s “I CAN DO BAD BY MYSELF” Crop Hoodie","sleeve","Hoodie",46
"2020-03-23","Women’s “I CAN DO BAD BY MYSELF” Crop Hoodie","Crop Top","Hoodie",46
"2020-03-23","Women’s “I CAN DO BAD BY MYSELF” Crop Hoodie","hood","Hoodie",46
"2020-03-23","Women’s “I CAN DO BAD BY MYSELF” Crop Hoodie","long","Hoodie",46
"2020-03-24",,,,0
"2020-03-25",,,,0
"2020-03-26",,,,0
"2020-03-27",,,,0
"2020-03-28",,,,0
"2020-03-29",,,,0
"2020-03-30",,,,0
"2020-03-31",,,,0
"2020-04-01",,,,0
"2020-04-02",,,,0
"2020-04-03",,,,0
"2020-04-04",,,,0
"2020-04-05",,,,0
"2020-04-06",,,,0
"2020-04-07",,,,0
"2020-04-08",,,,0
"2020-04-09",,,,0
"2020-04-10",,,,0
"2020-04-11",,,,0
"2020-04-12",,,,0
"2020-04-13",,,,0
"2020-04-14",,,,0
"2020-04-15",,,,0
"2020-04-16",,,,0
"2020-04-17",,,,0
"2020-04-18",,,,0
"2020-04-19",,,,0
"2020-04-20",,,,0
"2020-04-21",,,,0
"2020-04-22",,,,0
"2020-04-23",,,,0
"2020-04-24",,,,0
"2020-04-25",,,,0
"2020-04-26",,,,0
"2020-04-27",,,,0
"2020-04-28",,,,0
"2020-04-29","Trucker Cap","trucker","Snapback",20
"2020-04-29","Trucker Cap","mesh","Snapback",20
"2020-04-29","Trucker Cap","truck","Snapback",20
"2020-04-29","Trucker Cap","floater","Snapback",20
"2020-04-29","Trucker Cap","cap","Snapback",20
"2020-04-29","Trucker Cap","lonely","Snapback",20
"2020-04-29","LFxNYC Sticker Pack","Splash","Accessories",9
"2020-04-29","Trucker Cap","snap","Snapback",20
"2020-04-29","LFxNYC Sticker Pack","lonely","Accessories",9
"2020-04-29","Trucker Cap","hat","Snapback",20
"2020-04-29","LFxNYC Sticker Pack","Accessories","Accessories",9
"2020-04-29","Trucker Cap","snapback","Snapback",20
"2020-04-29","LFxNYC Sticker Pack","stickers","Accessories",9
"2020-04-29","LFxNYC Sticker Pack","floater","Accessories",9
"2020-04-29",,,,0
"2020-04-30",,,,0
"2020-05-01","√AllEviL Tee","t shirt","T-Shirt",28.72
"2020-05-01","√AllEviL Tee","tee","T-Shirt",28.72
"2020-05-01","We Take No L's Dad Hat","Dad Hats","Dad Hats",28.72
"2020-05-01",,,,0
"2020-05-01","We Take No L's Dad Hat","buckle","Dad Hats",28.72
"2020-05-01","√AllEviL Tee","t","T-Shirt",28.72
"2020-05-01","We Take No L's Dad Hat","hat","Dad Hats",28.72
"2020-05-01","We Take No L's Dad Hat","l","Dad Hats",28.72
"2020-05-01","We Take No L's Dad Hat","pink","Dad Hats",28.72
"2020-05-01","√AllEviL Tee","Graphic Tee","T-Shirt",28.72
"2020-05-01","OOOM Socks","Socks","Accessories",16.24
"2020-05-01","OOOM Socks","Accessories","Accessories",16.24
"2020-05-01","√AllEviL Tee","shirt","T-Shirt",28.72
"2020-05-01","√AllEviL Tee","Short-Sleeve","T-Shirt",28.72
"2020-05-01","We Take No L's Dad Hat","dad","Dad Hats",28.72
"2020-05-02",,,,0
"2020-05-03",,,,0
"2020-05-04","FS GEN2 BLK","black","Dad Hats",27.99
"2020-05-04","BOLO DOLO T","tee","T-Shirt",28
"2020-05-04","BOLO DOLO T","Short-Sleeve","T-Shirt",28
"2020-05-04","FS GEN2 BLK","Verishop","Dad Hats",27.99
"2020-05-04","BOLO DOLO T","top","T-Shirt",28
"2020-05-04","BOLO DOLO T","T-shirt","T-Shirt",28
"2020-05-04","FS GEN2 BLK","Balloon","Dad Hats",27.99
"2020-05-04","FS GEN2 BLK","red","Dad Hats",27.99
"2020-05-04",,,,0
"2020-05-04","BOLO DOLO T","shirt","T-Shirt",28
"2020-05-04","FS GEN2 BLK","Dad Hats","Dad Hats",27.99
"2020-05-05",,,,0
"2020-05-06",,,,0
"2020-05-07",,,,0
"2020-05-08",,,,0
"2020-05-09",,,,0
"2020-05-10",,,,0
"2020-05-11",,,,0
"2020-05-12",,,,0
"2020-05-13",,,,0
"2020-05-14",,,,0
"2020-05-15","Flight","balloon","All Over Prints",20.6
"2020-05-15","Flight","lonely","All Over Prints",20.6
"2020-05-15","OOOM Socks","Socks","Accessories",-16.24
"2020-05-15","Flight","lonely floater","All Over Prints",20.6
"2020-05-15","Flight","Accessories","All Over Prints",20.6
"2020-05-15","Flight","floater","All Over Prints",20.6
"2020-05-15","Flight","Top Spring Products","All Over Prints",20.6
"2020-05-15","OOOM Socks","Accessories","Accessories",-16.24
"2020-05-15","Flight","Socks","All Over Prints",20.6
"2020-05-16",,,,0
"2020-05-17",,,,0
"2020-05-18",,,,0
"2020-05-19",,,,0
"2020-05-20",,,,0
"2020-05-21",,,,0
"2020-05-22",,,,0
"2020-05-23",,,,0
"2020-05-24",,,,0
"2020-05-25","World Peace LTD Face Mask","accessories","Face Covering",18
"2020-05-25",,,,9.63
"2020-05-25","World Peace LTD Face Mask","face-mask","Face Covering",18
"2020-05-25","World Peace LTD Flowy  Crop Top Tee",,,30.5
"2020-05-25","World Peace LTD Long sleeve t-shirt",,,55
"2020-05-26","Float Old School Bucket Hat","float","Hat",33
"2020-05-26","Red Forgotten Secret Face Mask","face","Face Masks",18
"2020-05-26","Red Forgotten Secret Face Mask","red","Face Masks",18
"2020-05-26","Float Old School Bucket Hat","bucket","Hat",33
"2020-05-26","Float Old School Bucket Hat","balloon","Hat",33
"2020-05-26","Float Old School Bucket Hat","har","Hat",33
"2020-05-26","Red Forgotten Secret Face Mask","masks","Face Masks",18
"2020-05-26","Float Old School Bucket Hat","hat","Hat",33
"2020-05-26","World Peace Unisex Tank Top",,,31.5
"2020-05-26","Float Old School Bucket Hat","Verishop","Hat",33
"2020-05-26","Red Forgotten Secret Face Mask","face-mask","Face Masks",18
"2020-05-26",,,,12.18
"2020-05-26","Red Forgotten Secret Face Mask","facemaks","Face Masks",18
"2020-05-26","Red Forgotten Secret Face Mask","accessories","Face Masks",18
"2020-05-26","World Peace LTD Flowy  Crop Top Tee",,,33.05
"2020-05-27",,,,0
"2020-05-27","World Peace Dad hat",,,25
"2020-05-28",,,,0
"2020-05-29","World Peace LTD Long sleeve t-shirt",,,55
"2020-05-29",,,,3.99
"2020-05-30","World Peace LTD Flowy  Crop Top Tee",,,25.93
"2020-05-30",,,,7
"2020-05-30","LMNT Sweatshirt",,"Sweatshirt",18.69
"2020-05-31","Cuffed Beanie","beanies",,54
"2020-05-31",,,,0
"2020-05-31","Cuffed Beanie","hat",,54
"2020-05-31","Cuffed Beanie","cuff",,54
"2020-05-31","Cuffed Beanie","beanie",,54
"2020-06-01","Splash Summer Festival Floater GEN1 Fanny Pack🎈","bag","Fanny Pack",40
"2020-06-01","Splash Summer Festival Floater GEN1 Fanny Pack🎈","fanny","Fanny Pack",40
"2020-06-01","Splash Summer Festival Floater GEN1 Fanny Pack🎈","Splash","Fanny Pack",40
"2020-06-01","Splash Summer Festival Floater GEN1 Fanny Pack🎈","floater","Fanny Pack",40
"2020-06-01","Splash Summer Festival Floater GEN1 Fanny Pack🎈","fanny pack","Fanny Pack",40
"2020-06-01","Splash Summer Festival Floater GEN1 Fanny Pack🎈","pockets","Fanny Pack",40
"2020-06-02",,,,0
"2020-06-03",,,,0
"2020-06-04","World Peace Dad hat",,,25
"2020-06-04",,,,4.46
"2020-06-05",,,,0
"2020-06-06","World Peace Dad hat",,,25
"2020-06-06",,,,3.99
"2020-06-07","World Peace Dad hat",,,27.1
"2020-06-07",,,,4.26
"2020-06-08","We Take No L's Dad Hat","dad","Dad Hats",26.5
"2020-06-08","World Peace Dad hat",,,27.1
"2020-06-08","We Take No L's Dad Hat","pink","Dad Hats",26.5
"2020-06-08","We Take No L's Dad Hat","hat","Dad Hats",26.5
"2020-06-08","We Take No L's Dad Hat","buckle","Dad Hats",26.5
"2020-06-08","We Take No L's Dad Hat","l","Dad Hats",26.5
"2020-06-08","We Take No L's Dad Hat","Dad Hats","Dad Hats",26.5
"2020-06-08","World Peace LTD Visor",,,31.43
"2020-06-08",,,,8.25
"2020-06-09",,,,0
"2020-06-10",,,,0
"2020-06-11","World Peace LTD Visor",,,31.43
"2020-06-11",,,,4.26
"2020-06-12","We Take No L's Dad Hat","l","Dad Hats",22.53
"2020-06-12","Trucker Cap","lonely","Snapback",17
"2020-06-12","Trucker Cap","mesh","Snapback",17
"2020-06-12","We Take No L's Dad Hat","buckle","Dad Hats",22.53
"2020-06-12","Trucker Cap","trucker","Snapback",17
"2020-06-12","BOLO DOLO T","shirt","T-Shirt",23.8
"2020-06-12","We Take No L's Dad Hat","Dad Hats","Dad Hats",22.53
"2020-06-12","Trucker Cap","cap","Snapback",17
"2020-06-12","Trucker Cap","truck","Snapback",17
"2020-06-12","Trucker Cap","floater","Snapback",17
"2020-06-12","Trucker Cap","snap","Snapback",17
"2020-06-12","Trucker Cap","snapback","Snapback",17
"2020-06-12","BOLO DOLO T","T-shirt","T-Shirt",23.8
"2020-06-12","Trucker Cap","hat","Snapback",17
"2020-06-12",,,,10.48
"2020-06-12","We Take No L's Dad Hat","dad","Dad Hats",22.53
"2020-06-12","BOLO DOLO T","tee","T-Shirt",23.8
"2020-06-12","World Peace Dad hat",,,21.25
"2020-06-12","We Take No L's Dad Hat","hat","Dad Hats",22.53
"2020-06-12","We Take No L's Dad Hat","pink","Dad Hats",22.53
"2020-06-12","BOLO DOLO T","Short-Sleeve","T-Shirt",23.8
"2020-06-12","BOLO DOLO T","top","T-Shirt",23.8
"2020-06-13",,,,0
"2020-06-14",,,,0
"2020-06-15","FS GEN2 BLK","Dad Hats","Dad Hats",27.54
"2020-06-15","STILL HUMVN Jersey","moon","Jersey",32.46
"2020-06-15","STILL HUMVN Jersey","51","Jersey",32.46
"2020-06-15","FS GEN2 BLK","red","Dad Hats",27.54
"2020-06-15","FS GEN2 BLK","Balloon","Dad Hats",27.54
"2020-06-15","STILL HUMVN Jersey","jersey","Jersey",32.46
"2020-06-15","STILL HUMVN Jersey","still","Jersey",32.46
"2020-06-15","FS GEN2 BLK","Verishop","Dad Hats",27.54
"2020-06-15","STILL HUMVN Jersey","humvn","Jersey",32.46
"2020-06-15","STILL HUMVN Jersey","Verishop","Jersey",32.46
"2020-06-15","STILL HUMVN Jersey","black","Jersey",32.46
"2020-06-15","FS GEN2 BLK","black","Dad Hats",27.54
"2020-06-16",,,,0
"2020-06-17","We Take No L's Dad Hat","pink","Dad Hats",22.54
"2020-06-17","We Take No L's Dad Hat","hat","Dad Hats",22.54
"2020-06-17","FS GEN2  RED","Balloon","Dad Hats",24.27
"2020-06-17","We Take No L's Dad Hat","dad","Dad Hats",22.54
"2020-06-17","FS GEN2  RED","Dad Hats","Dad Hats",24.27
"2020-06-17",,,,5.46
"2020-06-17","FS GEN2  RED","red","Dad Hats",24.27
"2020-06-17","We Take No L's Dad Hat","Dad Hats","Dad Hats",22.54
"2020-06-17","World Peace Dad hat",,,21.69
"2020-06-17","We Take No L's Dad Hat","l","Dad Hats",22.54
"2020-06-17","FS GEN2  RED","Verishop","Dad Hats",24.27
"2020-06-17","We Take No L's Dad Hat","buckle","Dad Hats",22.54
"2020-06-18",,,,0
"2020-06-19","Floater Jersey","jersey","Jersey",32.99
"2020-06-19","2020 World Peace LTD Mask",,,21
"2020-06-19","Floater Jersey","stripes","Jersey",32.99
"2020-06-19","√AllEviL Tee","t","T-Shirt",26.5
"2020-06-19","Floater Jersey","51","Jersey",32.99
"2020-06-19","Floater Jersey","moon","Jersey",32.99
"2020-06-19",,,,15.45
"2020-06-19","Floater Jersey","floater","Jersey",32.99
"2020-06-19","Floater Jersey","Verishop","Jersey",32.99
"2020-06-19","√AllEviL Tee","shirt","T-Shirt",26.5
"2020-06-19","Floater Jersey","humvn","Jersey",32.99
"2020-06-19","Splash Summer Festival Floater GEN1 Fanny Pack🎈","bag","Fanny Pack",30
"2020-06-19","√AllEviL Tee","Graphic Tee","T-Shirt",26.5
"2020-06-19","√AllEviL Tee","tee","T-Shirt",26.5
"2020-06-19","Splash Summer Festival Floater GEN1 Fanny Pack🎈","fanny pack","Fanny Pack",30
"2020-06-19","√AllEviL Tee","t shirt","T-Shirt",26.5
"2020-06-19","Splash Summer Festival Floater GEN1 Fanny Pack🎈","pockets","Fanny Pack",30
"2020-06-19","Floater Jersey","red","Jersey",32.99
"2020-06-19","Splash Summer Festival Floater GEN1 Fanny Pack🎈","Splash","Fanny Pack",30
"2020-06-19","Splash Summer Festival Floater GEN1 Fanny Pack🎈","fanny","Fanny Pack",30
"2020-06-19","Floater Jersey","still","Jersey",32.99
"2020-06-19","√AllEviL Tee","Short-Sleeve","T-Shirt",26.5
"2020-06-19","Floater Jersey","black","Jersey",32.99
"2020-06-19","Splash Summer Festival Floater GEN1 Fanny Pack🎈","floater","Fanny Pack",30
"2020-06-20",,,,3.99
"2020-06-20","World Peace Long sleeve t-shirt",,,40
"2020-06-21","FS GEN2 BLK","Dad Hats","Dad Hats",20
"2020-06-21","FS GEN2 BLK","black","Dad Hats",20
"2020-06-21","Bread Winner Tee",,"T-Shirt",0
"2020-06-21","FS GEN2 BLK","Verishop","Dad Hats",20
"2020-06-21","Lamont GEN2","red","Dad Hats",20
"2020-06-21","Lamont GEN2","camo","Dad Hats",20
"2020-06-21","FS GEN2 BLK","Balloon","Dad Hats",20
"2020-06-21","Lamont GEN2","Balloon","Dad Hats",20
"2020-06-21","FS GEN2 BLK","red","Dad Hats",20
"2020-06-21","Lamont GEN2","Dad Hats","Dad Hats",20
"2020-06-21","Lamont GEN2","denim","Dad Hats",20
"2020-06-22","FS GEN2 BLU","blue","Dad Hats",20
"2020-06-22","New Stay Up Unisex  Tank Top","Splash","Tank Top",20
"2020-06-22","New Stay Up Unisex  Tank Top","Tank Top","Tank Top",20
"2020-06-22","FS GEN2 BLU","Dad Hats","Dad Hats",20
"2020-06-22","FS GEN2 BLU","Balloon","Dad Hats",20
"2020-06-22","FS GEN2 BLU","red","Dad Hats",20
"2020-06-22","New Stay Up Unisex  Tank Top","stay","Tank Top",20
"2020-06-22",,,,4.08
"2020-06-22","FS GEN2 BLU","Verishop","Dad Hats",20
"2020-06-22","New Stay Up Unisex  Tank Top","balloon","Tank Top",20
"2020-06-23",,,,0
"2020-06-24","Women’s “I CAN DO BAD BY MYSELF” Crop Hoodie","Crop Top","Hoodie",51.05
"2020-06-24","Pink Sig Dad Hat","hat","Dad Hats",25
"2020-06-24","FS GEN2  CMO","camo","Dad Hats",30.4
"2020-06-24","Fishscale Monogram Floata (Introvert) Leggings","bottom","Leggings",41.95
"2020-06-24","Tropicamo Short Shorts","womens","Shorts",43.45
"2020-06-24","Women’s “I CAN DO BAD BY MYSELF” Crop Hoodie","sweats","Hoodie",51.05
"2020-06-24","2020 World Peace LTD Mask",,,21
"2020-06-24","Tropicamo Short Shorts","gym","Shorts",43.45
"2020-06-24","Women’s “I CAN DO BAD BY MYSELF” Crop Hoodie","sleeve","Hoodie",51.05
"2020-06-24","World Peace LTD Face Mask","accessories","Face Covering",42
"2020-06-24","X Lonely Floater VQ Metal Pin","Accessories","Accessories",15.17
"2020-06-24","Fishscale Monogram Floata (Introvert) Leggings","sweats","Leggings",41.95
"2020-06-24","Fishscale Monogram Floata (Introvert) Leggings","monogram","Leggings",41.95
"2020-06-24","FS GEN2  CMO","red","Dad Hats",30.4
"2020-06-24","BOLO DOLO T","shirt","T-Shirt",30.42
"2020-06-24","Tropicamo Short Shorts","mens","Shorts",43.45
"2020-06-24","FS GEN2  CMO","Balloon","Dad Hats",30.4
"2020-06-24","Women’s “I CAN DO BAD BY MYSELF” Crop Hoodie","hood","Hoodie",51.05
"2020-06-24","Tropicamo Short Shorts","workout","Shorts",43.45
"2020-06-24","Women’s “I CAN DO BAD BY MYSELF” Crop Hoodie","long","Hoodie",51.05
"2020-06-24","World Peace LTD Long sleeve t-shirt",,,55
"2020-06-24","World Peace LTD Face Mask","face-mask","Face Covering",42
"2020-06-24","Fishscale Monogram Floata (Introvert) Leggings","pants","Leggings",41.95
"2020-06-24","FS GEN2  CMO","denim","Dad Hats",30.4
"2020-06-24","Fishscale Monogram Floata (Introvert) Leggings","Leggings","Leggings",41.95
"2020-06-24","Tropicamo Short Shorts","sports","Shorts",43.45
"2020-06-24","World Peace Dad hat",,,27.09
"2020-06-24","Women’s “I CAN DO BAD BY MYSELF” Crop Hoodie","top","Hoodie",51.05
"2020-06-24","Tropicamo Short Shorts","shorts","Shorts",43.45
"2020-06-24","FS GEN2  CMO","Dad Hats","Dad Hats",30.4
"2020-06-24","Pink Sig Dad Hat","Splash","Dad Hats",25
"2020-06-24","Pink Sig Dad Hat","Dad Hats","Dad Hats",25
"2020-06-24","Women’s “I CAN DO BAD BY MYSELF” Crop Hoodie","crop","Hoodie",51.05
"2020-06-24","Fishscale Monogram Floata (Introvert) Leggings","leg","Leggings",41.95
"2020-06-24","BOLO DOLO T","tee","T-Shirt",30.42
"2020-06-24","Women’s “I CAN DO BAD BY MYSELF” Crop Hoodie","sweat","Hoodie",51.05
"2020-06-24","Fishscale Monogram Floata (Introvert) Leggings","leggin","Leggings",41.95
"2020-06-24","BOLO DOLO T","T-shirt","T-Shirt",30.42
"2020-06-24","Women’s “I CAN DO BAD BY MYSELF” Crop Hoodie","CropTop Hoodie","Hoodie",51.05
"2020-06-24","Pink Sig Dad Hat","l","Dad Hats",25
"2020-06-24","FS GEN2  CMO","Verishop","Dad Hats",30.4
"2020-06-24","Rent Money Dad hat",,,29
"2020-06-24","X Lonely Floater VQ Metal Pin","Jewellery","Accessories",15.17
"2020-06-24","X Lonely Floater VQ Metal Pin","Silver","Accessories",15.17
"2020-06-24","Women’s “I CAN DO BAD BY MYSELF” Crop Hoodie","women","Hoodie",51.05
"2020-06-24","Women’s “I CAN DO BAD BY MYSELF” Crop Hoodie","Hoodie","Hoodie",51.05
"2020-06-24","Fishscale Monogram Floata (Introvert) Leggings","pant","Leggings",41.95
"2020-06-24",,,,15.25
"2020-06-24","BOLO DOLO T","top","T-Shirt",30.42
"2020-06-24","BOLO DOLO T","Short-Sleeve","T-Shirt",30.42
"2020-06-24","Tropicamo Short Shorts","fitness","Shorts",43.45
"2020-06-25",,,,0
"2020-06-26",,,,0
"2020-06-27",,,,0
"2020-06-28",,,,0
"2020-06-29",,,,0
"2020-06-30",,,,0
"2020-07-01",,,,0
"2020-07-02","FS GEN2 BLK","Dad Hats","Dad Hats",27.99
"2020-07-02","FS GEN2 BLK","Balloon","Dad Hats",27.99
"2020-07-02","FS GEN2 BLK","red","Dad Hats",27.99
"2020-07-02",,,,1063.46
"2020-07-02","FS GEN2 BLK","Verishop","Dad Hats",27.99
"2020-07-02","FS GEN2 BLK","black","Dad Hats",27.99
"2020-07-03",,,,0
"2020-07-04",,,,0
"2020-07-05",,,,0
"2020-07-06",,,,272.19
"2020-07-07","FS GEN2  WHT","Verishop","Dad Hats",0
"2020-07-07","FS GEN2  WHT","white","Dad Hats",0
"2020-07-07","FS GEN2  WHT","red","Dad Hats",0
"2020-07-07","FS GEN2  RED","red","Dad Hats",23.79
"2020-07-07","Camo Floater Raglan Tee","shirt","Shirt",0
"2020-07-07","FS GEN2 BLK","red","Dad Hats",23.8
"2020-07-07","Camo Floater Raglan Tee","tee","Shirt",0
"2020-07-07","FS GEN2  RED","Balloon","Dad Hats",23.79
"2020-07-07","FS GEN2  WHT","Dad Hats","Dad Hats",0
"2020-07-07","FS GEN2 BLK","black","Dad Hats",23.8
"2020-07-07","Camo Floater Raglan Tee","baseball","Shirt",0
"2020-07-07","Ultra Light Beam Infant Bodysuit","infant","Kids clothes",13.59
"2020-07-07","FS GEN2 BLK","Verishop","Dad Hats",23.8
"2020-07-07",,,,7
"2020-07-07","Ultra Light Beam Infant Bodysuit","suit","Kids clothes",13.59
"2020-07-07","Camo Floater Raglan Tee","camo","Shirt",0
"2020-07-07","FS GEN2  WHT","Balloon","Dad Hats",0
"2020-07-07","Camo Floater Raglan Tee","Verishop","Shirt",0
"2020-07-07","FS GEN2  RED","Verishop","Dad Hats",23.79
"2020-07-07","Ultra Light Beam Infant Bodysuit","Baby","Kids clothes",13.59
"2020-07-07","FS GEN2 BLK","Dad Hats","Dad Hats",23.8
"2020-07-07","Ultra Light Beam Infant Bodysuit","Kids","Kids clothes",13.59
"2020-07-07","Camo Floater Raglan Tee","floater","Shirt",0
"2020-07-07","Camo Floater Raglan Tee","camoflauge","Shirt",0
"2020-07-07","FS GEN2 BLK","Balloon","Dad Hats",23.8
"2020-07-07","FS GEN2  RED","Dad Hats","Dad Hats",23.79
"2020-07-08",,,,0
"2020-07-09",,,,0
"2020-07-10",,,,0
"2020-07-11","Floater Jersey","jersey","Jersey",28.05
"2020-07-11","Floater Jersey","moon","Jersey",28.05
"2020-07-11","Floater Jersey","51","Jersey",28.05
"2020-07-11","Floater Jersey","stripes","Jersey",28.05
"2020-07-11","Floater Jersey","humvn","Jersey",28.05
"2020-07-11",,,,7
"2020-07-11","Floater Jersey","floater","Jersey",28.05
"2020-07-11","Floater Jersey","Verishop","Jersey",28.05
"2020-07-11","Floater Jersey","red","Jersey",28.05
"2020-07-11","Floater Jersey","black","Jersey",28.05
"2020-07-11","Floater Jersey","still","Jersey",28.05
"2020-07-12",,,,0
"2020-07-13","World Peace LTD Long sleeve t-shirt",,,119.76
"2020-07-13","World Peace LTD Flowy  Crop Top Tee",,,99.62
"2020-07-13","Women’s “I CAN DO BAD BY MYSELF” Crop Hoodie","sleeve","Hoodie",153.52
"2020-07-13",,,,7.63
"2020-07-13","Women’s “I CAN DO BAD BY MYSELF” Crop Hoodie","sweats","Hoodie",153.52
"2020-07-13","Women’s “I CAN DO BAD BY MYSELF” Crop Hoodie","hood","Hoodie",153.52
"2020-07-13","Women’s “I CAN DO BAD BY MYSELF” Crop Hoodie","CropTop Hoodie","Hoodie",153.52
"2020-07-13","Women’s “I CAN DO BAD BY MYSELF” Crop Hoodie","long","Hoodie",153.52
"2020-07-13","Women’s “I CAN DO BAD BY MYSELF” Crop Hoodie","top","Hoodie",153.52
"2020-07-13","Women’s “I CAN DO BAD BY MYSELF” Crop Hoodie","sweat","Hoodie",153.52
"2020-07-13","Women’s “I CAN DO BAD BY MYSELF” Crop Hoodie","crop","Hoodie",153.52
"2020-07-13","Women’s “I CAN DO BAD BY MYSELF” Crop Hoodie","Crop Top","Hoodie",153.52
"2020-07-13","Women’s “I CAN DO BAD BY MYSELF” Crop Hoodie","women","Hoodie",153.52
"2020-07-13","Women’s “I CAN DO BAD BY MYSELF” Crop Hoodie","Hoodie","Hoodie",153.52
"2020-07-14","FS GEN2 BLK","Verishop","Dad Hats",27.99
"2020-07-14","World Peace LTD Long sleeve t-shirt",,,55
"2020-07-14","Stay Up Unisex T-Shirt","tee","T-Shirt",25
"2020-07-14","Stay Up Unisex T-Shirt","T-shirt","T-Shirt",25
"2020-07-14",,,,6.49
"2020-07-14","Stay Up Unisex T-Shirt","t","T-Shirt",25
"2020-07-14","FS GEN2 BLK","black","Dad Hats",27.99
"2020-07-14","FS GEN2 BLK","red","Dad Hats",27.99
"2020-07-14","LFxNYC Sticker Pack","Splash","Accessories",9
"2020-07-14","LFxNYC Sticker Pack","Accessories","Accessories",9
"2020-07-14","Stay Up Unisex T-Shirt","Splash","T-Shirt",25
"2020-07-14","LFxNYC Sticker Pack","lonely","Accessories",9
"2020-07-14","FS GEN2 BLK","Balloon","Dad Hats",27.99
"2020-07-14","LFxNYC Sticker Pack","stickers","Accessories",9
"2020-07-14","FS GEN2 BLK","Dad Hats","Dad Hats",27.99
"2020-07-14","Stay Up Unisex T-Shirt","shirt","T-Shirt",25
"2020-07-14","World Peace Cuffed Beanie",,,25
"2020-07-14","LFxNYC Sticker Pack","floater","Accessories",9
"2020-07-15","FS GEN2  RED","Balloon","Dad Hats",27.99
"2020-07-15","World Peace Dad hat",,,25
"2020-07-15","FS GEN2  RED","Verishop","Dad Hats",27.99
"2020-07-15","FS GEN2  RED","red","Dad Hats",27.99
"2020-07-15",,,,5.27
"2020-07-15","FS GEN2  RED","Dad Hats","Dad Hats",27.99
"2020-07-16","FABRIC World Peace 2020 Face Mask","mask","Accessories",26
"2020-07-16","FABRIC World Peace 2020 Face Mask","Unisex","Accessories",26
"2020-07-16","FABRIC World Peace 2020 Face Mask","Accessories","Accessories",26
"2020-07-16","FABRIC World Peace 2020 Face Mask","Other","Accessories",26
"2020-07-16",,,,5.7
"2020-07-16","FABRIC World Peace 2020 Face Mask","face mask","Accessories",26
"2020-07-17",,,,0
"2020-07-18",,,,0
"2020-07-19",,,,0
"2020-07-20","BOLO DOLO T","top","T-Shirt",112
"2020-07-20","STILL HUMVN Jersey","jersey","Jersey",32.99
"2020-07-20","BOLO DOLO T","T-shirt","T-Shirt",112
"2020-07-20","STILL HUMVN Jersey","still","Jersey",32.99
"2020-07-20","STILL HUMVN Jersey","Verishop","Jersey",32.99
"2020-07-20","BOLO DOLO T","tee","T-Shirt",112
"2020-07-20","STILL HUMVN Jersey","humvn","Jersey",32.99
"2020-07-20",,,,7
"2020-07-20","BOLO DOLO T","Short-Sleeve","T-Shirt",112
"2020-07-20","Stay Up Unisex T-Shirt","tee","T-Shirt",50
"2020-07-20","Stay Up Unisex T-Shirt","T-shirt","T-Shirt",50
"2020-07-20","STILL HUMVN Jersey","black","Jersey",32.99
"2020-07-20","Stay Up Unisex T-Shirt","t","T-Shirt",50
"2020-07-20","BOLO DOLO T","shirt","T-Shirt",112
"2020-07-20","Stay Up Unisex T-Shirt","shirt","T-Shirt",50
"2020-07-20","Stay Up Unisex T-Shirt","Splash","T-Shirt",50
"2020-07-20","STILL HUMVN Jersey","51","Jersey",32.99
"2020-07-20","STILL HUMVN Jersey","moon","Jersey",32.99
"2020-07-21",,,,0
"2020-07-22",,,,0
"2020-07-23",,,,80
"2020-07-24","Trucker Cap","cap","Snapback",20
"2020-07-24","OG Yellow Camo Duffy","pack","Bags",54
"2020-07-24","LMNT FOREVER Face Mask","mask","Face Masks",34.68
"2020-07-24","LMNT FOREVER Face Mask","facemask","Face Masks",34.68
"2020-07-24","OG Yellow Camo Duffy","camouflage","Bags",54
"2020-07-24","OG Yellow Camo Duffy","yellow","Bags",54
"2020-07-24","Trucker Cap","mesh","Snapback",20
"2020-07-24","OG Yellow Camo Duffy","camo","Bags",54
"2020-07-24","Trucker Cap","snapback","Snapback",20
"2020-07-24","OG Yellow Camo Duffy","duffy","Bags",54
"2020-07-24","Trucker Cap","floater","Snapback",20
"2020-07-24","Trucker Cap","truck","Snapback",20
"2020-07-24","OG Yellow Camo Duffy","bag","Bags",54
"2020-07-24","LMNT FOREVER Face Mask","face","Face Masks",34.68
"2020-07-24","OG Yellow Camo Duffy","travel","Bags",54
"2020-07-24","Trucker Cap","trucker","Snapback",20
"2020-07-24","LMNT FOREVER Face Mask","accessories","Face Masks",34.68
"2020-07-24","OG Yellow Camo Duffy","storage","Bags",54
"2020-07-24","OG Yellow Camo Duffy","duffle bag","Bags",54
"2020-07-24","Trucker Cap","lonely","Snapback",20
"2020-07-24","LMNT FOREVER Face Mask","facemaks","Face Masks",34.68
"2020-07-24","Strange Vibez Long Sleeve T-Shirt",,,45
"2020-07-24","LMNT FOREVER Face Mask","facemasks","Face Masks",34.68
"2020-07-24","LMNT FOREVER Face Mask","masks","Face Masks",34.68
"2020-07-24",,,,11.26
"2020-07-24","Trucker Cap","snap","Snapback",20
"2020-07-24","OG Yellow Camo Duffy","Accessories","Bags",54
"2020-07-24","Trucker Cap","hat","Snapback",20
"2020-07-24","LMNT FOREVER Face Mask","face-mask","Face Masks",34.68
"2020-07-24","OG Yellow Camo Duffy","pacl","Bags",54
"2020-07-25",,,,0
"2020-07-26",,,,3.99
"2020-07-26","World Peace Long sleeve t-shirt",,,30
"2020-07-27","FS GEN2  CMO","Verishop","Dad Hats",30.47
"2020-07-27",,,,4.28
"2020-07-27","FS GEN2  CMO","Dad Hats","Dad Hats",30.47
"2020-07-27","FS GEN2  CMO","red","Dad Hats",30.47
"2020-07-27","FS GEN2  CMO","Balloon","Dad Hats",30.47
"2020-07-27","FS GEN2  CMO","denim","Dad Hats",30.47
"2020-07-27","FS GEN2  CMO","camo","Dad Hats",30.47
"2020-07-28",,,,0
"2020-07-29",,,,0
"2020-07-30",,,,0
"2020-07-31","FS GEN2 BLU","Dad Hats","Dad Hats",27.99
"2020-07-31","Women’s “I CAN DO BAD BY MYSELF” Crop Hoodie","top","Hoodie",46
"2020-07-31","Women’s “I CAN DO BAD BY MYSELF” Crop Hoodie","sweat","Hoodie",46
"2020-07-31","FS GEN2 BLU","red","Dad Hats",27.99
"2020-07-31","Women’s “I CAN DO BAD BY MYSELF” Crop Hoodie","Crop Top","Hoodie",46
"2020-07-31","Women’s “I CAN DO BAD BY MYSELF” Crop Hoodie","crop","Hoodie",46
"2020-07-31",,,,7.75
"2020-07-31","FS GEN2 BLU","blue","Dad Hats",27.99
"2020-07-31","FS GEN2 BLU","Balloon","Dad Hats",27.99
"2020-07-31","Women’s “I CAN DO BAD BY MYSELF” Crop Hoodie","Hoodie","Hoodie",46
"2020-07-31","Women’s “I CAN DO BAD BY MYSELF” Crop Hoodie","women","Hoodie",46
"2020-07-31","Women’s “I CAN DO BAD BY MYSELF” Crop Hoodie","CropTop Hoodie","Hoodie",46
"2020-07-31","World Peace LTD Flowy  Crop Top Tee",,,30.5
"2020-07-31","Women’s “I CAN DO BAD BY MYSELF” Crop Hoodie","sweats","Hoodie",46
"2020-07-31","Women’s “I CAN DO BAD BY MYSELF” Crop Hoodie","sleeve","Hoodie",46
"2020-07-31","Women’s “I CAN DO BAD BY MYSELF” Crop Hoodie","hood","Hoodie",46
"2020-07-31","FS GEN2 BLU","Verishop","Dad Hats",27.99
"2020-07-31","Women’s “I CAN DO BAD BY MYSELF” Crop Hoodie","long","Hoodie",46
"2020-08-01",,,,0
"2020-08-02",,,,3.99
"2020-08-02","World Peace LTD Visor",,,29
"2020-08-03",,,,0
"2020-08-04","VQ GEN2 BLK SPBK","Balloon","Snapback",22.5
"2020-08-04","VQ GEN2 BLK SPBK","Pre-Flight","Snapback",22.5
"2020-08-04",,,,3.93
"2020-08-04","VQ GEN2 BLK SPBK","black","Snapback",22.5
"2020-08-04","VQ GEN2 BLK SPBK","snapback","Snapback",22.5
"2020-08-04","VQ GEN2 BLK SPBK","red","Snapback",22.5
"2020-08-04","VQ GEN2 BLK SPBK","moon","Snapback",22.5
"2020-08-04","VQ GEN2 BLK SPBK","Dad Hats","Snapback",22.5
"2020-08-04","VQ GEN2 BLK SPBK","green brim","Snapback",22.5
"2020-08-04","VQ GEN2 BLK SPBK","Verishop","Snapback",22.5
"2020-08-05",,,,0
"2020-08-06",,,,0
"2020-08-07",,,,0
"2020-08-08",,,,0
"2020-08-09",,,,0
"2020-08-10","FS GEN2  RED","Dad Hats","Dad Hats",27
"2020-08-10","FS GEN2  RED","red","Dad Hats",27
"2020-08-10","FS GEN2  RED","Verishop","Dad Hats",27
"2020-08-10","FS GEN2  RED","Balloon","Dad Hats",27
"2020-08-11",,,,0
"2020-08-12",,,,0
"2020-08-13",,,,0
"2020-08-14",,,,0
"2020-08-15",,,,0
"2020-08-16",,,,0
"2020-08-17",,,,0
"2020-08-18",,,,802
"2020-08-19",,,,0
"2020-08-20","Women’s “I CAN DO BAD BY MYSELF” Crop Hoodie","long","Hoodie",47
"2020-08-20","Women’s “I CAN DO BAD BY MYSELF” Crop Hoodie","CropTop Hoodie","Hoodie",47
"2020-08-20","FABRIC World Peace 2020 Face Mask","Accessories","Accessories",13
"2020-08-20","FABRIC World Peace 2020 Face Mask","Other","Accessories",13
"2020-08-20",,,,7
"2020-08-20","Women’s “I CAN DO BAD BY MYSELF” Crop Hoodie","hood","Hoodie",47
"2020-08-20","FABRIC World Peace 2020 Face Mask","mask","Accessories",13
"2020-08-20","Women’s “I CAN DO BAD BY MYSELF” Crop Hoodie","sweats","Hoodie",47
"2020-08-20","Women’s “I CAN DO BAD BY MYSELF” Crop Hoodie","sleeve","Hoodie",47
"2020-08-20","FABRIC World Peace 2020 Face Mask","Unisex","Accessories",13
"2020-08-20","Women’s “I CAN DO BAD BY MYSELF” Crop Hoodie","Hoodie","Hoodie",47
"2020-08-20","Women’s “I CAN DO BAD BY MYSELF” Crop Hoodie","women","Hoodie",47
"2020-08-20","FABRIC World Peace 2020 Face Mask","face mask","Accessories",13
"2020-08-20","Women’s “I CAN DO BAD BY MYSELF” Crop Hoodie","Crop Top","Hoodie",47
"2020-08-20","Women’s “I CAN DO BAD BY MYSELF” Crop Hoodie","crop","Hoodie",47
"2020-08-20","Women’s “I CAN DO BAD BY MYSELF” Crop Hoodie","sweat","Hoodie",47
"2020-08-20","Women’s “I CAN DO BAD BY MYSELF” Crop Hoodie","top","Hoodie",47
"2020-08-21",,,,0
"2020-08-22",,,,0
"2020-08-23",,,,0
"2020-08-24",,,,0
"2020-08-25","World Peace LTD Long sleeve t-shirt",,,59.81
"2020-08-25",,,,0
"2020-08-26",,,,0
"2020-08-27",,,,0
"2020-08-28",,,,0
"2020-08-29",,,,0
"2020-08-30",,,,0
"2020-08-31",,,,7.07
"2020-08-31","Stay Up Hooded Sweatshirt",,,45.73
"2020-09-01",,,,0
"2020-09-02",,,,0
"2020-09-03",,,,0
"2020-09-04",,,,0
"2020-09-05",,,,3.99
"2020-09-05","World Peace Long sleeve t-shirt",,,40
"2020-09-06",,,,0
"2020-09-07",,,,0
"2020-09-08",,,,0
"2020-09-09",,,,0
"2020-09-10",,,,0
"2020-09-11",,,,0
"2020-09-12","FS GEN2 BLU","Verishop","Dad Hats",22.39
"2020-09-12","Stay Up Unisex T-Shirt","tee","T-Shirt",20
"2020-09-12","Stay Up Unisex T-Shirt","T-shirt","T-Shirt",20
"2020-09-12","Floater Jersey","51","Jersey",26.39
"2020-09-12","Floater Jersey","black","Jersey",26.39
"2020-09-12","Floater Jersey","still","Jersey",26.39
"2020-09-12","LMNT Sweatshirt",,"Sweatshirt",17.6
"2020-09-12","Stay Up Unisex T-Shirt","t","T-Shirt",20
"2020-09-12","Floater Jersey","moon","Jersey",26.39
"2020-09-12","Floater Jersey","stripes","Jersey",26.39
"2020-09-12","Stay Up Unisex T-Shirt","Splash","T-Shirt",20
"2020-09-12","FS GEN2 BLU","red","Dad Hats",22.39
"2020-09-12","FS GEN2 BLU","Balloon","Dad Hats",22.39
"2020-09-12","Floater Jersey","jersey","Jersey",26.39
"2020-09-12","Floater Jersey","red","Jersey",26.39
"2020-09-12","FS GEN2 BLU","blue","Dad Hats",22.39
"2020-09-12",,,,7
"2020-09-12","FS GEN2 BLU","Dad Hats","Dad Hats",22.39
"2020-09-12","Floater Jersey","humvn","Jersey",26.39
"2020-09-12","Stay Up Unisex T-Shirt","shirt","T-Shirt",20
"2020-09-12","Floater Jersey","floater","Jersey",26.39
"2020-09-12","Floater Jersey","Verishop","Jersey",26.39
"2020-09-13",,,,0
"2020-09-14",,,,0
"2020-09-15","Women’s “I CAN DO BAD BY MYSELF” Crop Hoodie","sweat","Hoodie",39.43
"2020-09-15","Women’s “I CAN DO BAD BY MYSELF” Crop Hoodie","crop","Hoodie",39.43
"2020-09-15","Stay Up Drawstring bag","Splash","Accessories",20.57
"2020-09-15","Women’s “I CAN DO BAD BY MYSELF” Crop Hoodie","Crop Top","Hoodie",39.43
"2020-09-15","Stay Up Drawstring bag","string","Accessories",20.57
"2020-09-15","Women’s “I CAN DO BAD BY MYSELF” Crop Hoodie","top","Hoodie",39.43
"2020-09-15","Stay Up Drawstring bag","Accessories","Accessories",20.57
"2020-09-15","Women’s “I CAN DO BAD BY MYSELF” Crop Hoodie","women","Hoodie",39.43
"2020-09-15","Women’s “I CAN DO BAD BY MYSELF” Crop Hoodie","Hoodie","Hoodie",39.43
"2020-09-15","Stay Up Drawstring bag","draw","Accessories",20.57
"2020-09-15","Women’s “I CAN DO BAD BY MYSELF” Crop Hoodie","sleeve","Hoodie",39.43
"2020-09-15","Women’s “I CAN DO BAD BY MYSELF” Crop Hoodie","sweats","Hoodie",39.43
"2020-09-15","Stay Up Drawstring bag","bag","Accessories",20.57
"2020-09-15","Women’s “I CAN DO BAD BY MYSELF” Crop Hoodie","CropTop Hoodie","Hoodie",39.43
"2020-09-15","Stay Up Drawstring bag","stay up","Accessories",20.57
"2020-09-15",,,,7.14
"2020-09-15","Women’s “I CAN DO BAD BY MYSELF” Crop Hoodie","long","Hoodie",39.43
"2020-09-15","Women’s “I CAN DO BAD BY MYSELF” Crop Hoodie","hood","Hoodie",39.43
"2020-09-16","SLIME Short-Sleeve Unisex T-Shirt","white","T-Shirt",17.85
"2020-09-16","SLIME Short-Sleeve Unisex T-Shirt","Splash","T-Shirt",17.85
"2020-09-16","SLIME Short-Sleeve Unisex T-Shirt","lonely","T-Shirt",17.85
"2020-09-16","Ryley Chevy Men's Champion T-Shirt",,,31.88
"2020-09-16","SLIME Short-Sleeve Unisex T-Shirt","shirt","T-Shirt",17.85
"2020-09-16",,,,5.24
"2020-09-16","SLIME Short-Sleeve Unisex T-Shirt","tee","T-Shirt",17.85
"2020-09-16","SLIME Short-Sleeve Unisex T-Shirt","red","T-Shirt",17.85
"2020-09-16","SLIME Short-Sleeve Unisex T-Shirt","T-shirt","T-Shirt",17.85
"2020-09-16","SLIME Short-Sleeve Unisex T-Shirt","slime","T-Shirt",17.85
"2020-09-16","SLIME Short-Sleeve Unisex T-Shirt","floater","T-Shirt",17.85
"2020-09-17",,,,0
"2020-09-18","Camo Floater Raglan Tee","camoflauge","Shirt",17.99
"2020-09-18","Las Riveras 2.0","gloves","Gloves",102.96
"2020-09-18","Las Riveras 2.0","self defense","Gloves",102.96
"2020-09-18","Las Riveras 2.0","combat","Gloves",102.96
"2020-09-18","Camo Floater Raglan Tee","camo","Shirt",17.99
"2020-09-18","Las Riveras 2.0","glove","Gloves",102.96
"2020-09-18","Camo Floater Raglan Tee","Verishop","Shirt",17.99
"2020-09-18",,,,14.59
"2020-09-18","Camo Floater Raglan Tee","tee","Shirt",17.99
"2020-09-18","Las Riveras 2.0","Boxing Gloves","Gloves",102.96
"2020-09-18","Camo Floater Raglan Tee","floater","Shirt",17.99
"2020-09-18","Las Riveras 2.0","fight","Gloves",102.96
"2020-09-18","Camo Floater Raglan Tee","baseball","Shirt",17.99
"2020-09-18","Las Riveras 2.0","fitness","Gloves",102.96
"2020-09-18","Las Riveras 2.0","box","Gloves",102.96
"2020-09-18","Las Riveras 2.0","boxing","Gloves",102.96
"2020-09-18","Las Riveras 2.0","train","Gloves",102.96
"2020-09-18","Camo Floater Raglan Tee","shirt","Shirt",17.99
"2020-09-19",,,,0
"2020-09-20",,,,0
"2020-09-21","Lost Pom Pom Knit Beanie","lamont","Beanies",21.84
"2020-09-21","Lost Pom Pom Knit Beanie","beanie","Beanies",21.84
"2020-09-21",,,,0
"2020-09-21","Lost Pom Pom Knit Beanie","hat","Beanies",21.84
"2020-09-21","Lost Pom Pom Knit Beanie","lmnt","Beanies",21.84
"2020-09-21","Lost Pom Pom Knit Beanie","cap","Beanies",21.84
"2020-09-21","Lost Pom Pom Knit Beanie","lost","Beanies",21.84
"2020-09-21","Lost Pom Pom Knit Beanie","knit","Beanies",21.84
"2020-09-21","Lost Pom Pom Knit Beanie","Verishop","Beanies",21.84
"2020-09-22",,,,0
"2020-09-23",,,,0
"2020-09-24",,,,0
"2020-09-25",,,,0
"2020-09-26","FS GEN2 BLK","Dad Hats","Dad Hats",24.77
"2020-09-26","Las Riveras 2.0","train","Gloves",168.08
"2020-09-26","Thunda Sweatshirt","sweats","Sweaters/Hoodies",37.15
"2020-09-26","Las Riveras 2.0","boxing","Gloves",168.08
"2020-09-26","Las Riveras 2.0","fight","Gloves",168.08
"2020-09-26","FS GEN2 BLK","Balloon","Dad Hats",24.77
"2020-09-26","Thunda Sweatshirt","sweatshirts","Sweaters/Hoodies",37.15
"2020-09-26","Las Riveras 2.0","fitness","Gloves",168.08
"2020-09-26","Las Riveras 2.0","box","Gloves",168.08
"2020-09-26","Thunda Sweatshirt","sweaters","Sweaters/Hoodies",37.15
"2020-09-26","FS GEN2 BLK","red","Dad Hats",24.77
"2020-09-26","Las Riveras 2.0","Boxing Gloves","Gloves",168.08
"2020-09-26","Las Riveras 2.0","glove","Gloves",168.08
"2020-09-26","Las Riveras 2.0","self defense","Gloves",168.08
"2020-09-26","Las Riveras 2.0","combat","Gloves",168.08
"2020-09-26","FS GEN2 BLK","Verishop","Dad Hats",24.77
"2020-09-26","FS GEN2 BLK","black","Dad Hats",24.77
"2020-09-26","Las Riveras 2.0","gloves","Gloves",168.08
"2020-09-26","Thunda Sweatshirt","hood","Sweaters/Hoodies",37.15
"2020-09-27",,,,0
"2020-09-28",,,,0
"2020-09-29",,,,0
"2020-09-30",,,,0
"2020-10-01",,,,0
"2020-10-02",,,,0
"2020-10-03",,,,0
"2020-10-04",,,,0
"2020-10-05",,,,0
"2020-10-06",,,,0
"2020-10-07","Lamont GEN2","Dad Hats","Dad Hats",18.19
"2020-10-07","Lamont GEN2","denim","Dad Hats",18.19
"2020-10-07","FS GEN2 BLK","Dad Hats","Dad Hats",27.99
"2020-10-07","STILL HUMVN Jersey","Verishop","Jersey",21.44
"2020-10-07","FS GEN2 BLK","Balloon","Dad Hats",27.99
"2020-10-07","LMNT Sweatshirt",,"Sweatshirt",21.99
"2020-10-07","World Peace Unisex Hoodie",,,54
"2020-10-07","STILL HUMVN Jersey","moon","Jersey",21.44
"2020-10-07","World Peace Long sleeve t-shirt",,,26.01
"2020-10-07","Trials Long Sleeve Tee","shirt","T-Shirt",31.97
"2020-10-07","FS GEN2 BLK","red","Dad Hats",27.99
"2020-10-07","Lamont GEN2","Balloon","Dad Hats",18.19
"2020-10-07","STILL HUMVN Jersey","51","Jersey",21.44
"2020-10-07","Lamont GEN2","camo","Dad Hats",18.19
"2020-10-07","Trials Long Sleeve Tee","T-shirt","T-Shirt",31.97
"2020-10-07","Lamont GEN2","red","Dad Hats",18.19
"2020-10-07","STILL HUMVN Jersey","still","Jersey",21.44
"2020-10-07","STILL HUMVN Jersey","jersey","Jersey",21.44
"2020-10-07","Trials Long Sleeve Tee","T-shirts","T-Shirt",31.97
"2020-10-07","FS GEN2 BLK","black","Dad Hats",27.99
"2020-10-07","STILL HUMVN Jersey","black","Jersey",21.44
"2020-10-07",,,,14
"2020-10-07","FS GEN2 BLK","Verishop","Dad Hats",27.99
"2020-10-07","STILL HUMVN Jersey","humvn","Jersey",21.44
"2020-10-08",,,,0
"2020-10-09",,,,-80
"2020-10-10","LFxNYC Crop Sweatshirt","CrewNeck","Sweatshirt",33.15
"2020-10-10","LFxNYC Crop Sweatshirt","Crop Top","Sweatshirt",33.15
"2020-10-10","LFxNYC Crop Sweatshirt","top","Sweatshirt",33.15
"2020-10-10",,,,5.7
"2020-10-10","LFxNYC Crop Sweatshirt","Sweaters/Hoodies","Sweatshirt",33.15
"2020-10-10","LFxNYC Crop Sweatshirt","sweat","Sweatshirt",33.15
"2020-10-10","LFxNYC Crop Sweatshirt","women","Sweatshirt",33.15
"2020-10-11","BOLO DOLO T","Short-Sleeve","T-Shirt",30.27
"2020-10-11",,,,0
"2020-10-11","BOLO DOLO T","T-shirt","T-Shirt",30.27
"2020-10-11","BOLO DOLO T","shirt","T-Shirt",30.27
"2020-10-11","BOLO DOLO T","tee","T-Shirt",30.27
"2020-10-11","BOLO DOLO T","top","T-Shirt",30.27
"2020-10-12","LMNT 2.0 Crewneck Sweatshirt","yellow","Sweaters/Hoodies",32
"2020-10-12","LMNT 2.0 Crewneck Sweatshirt","2.0","Sweaters/Hoodies",32
"2020-10-12","FABRIC World Peace 2020 Face Mask","face mask","Accessories",13
"2020-10-12","LMNT 2.0 Crewneck Sweatshirt","crew","Sweaters/Hoodies",32
"2020-10-12","LMNT 2.0 Crewneck Sweatshirt","Men's Clothing","Sweaters/Hoodies",32
"2020-10-12","LMNT 2.0 Crewneck Sweatshirt","Women's Clothing","Sweaters/Hoodies",32
"2020-10-12","LMNT 2.0 Crewneck Sweatshirt","sweater","Sweaters/Hoodies",32
"2020-10-12","LMNT 2.0 Crewneck Sweatshirt","longesleeve","Sweaters/Hoodies",32
"2020-10-12","LMNT 2.0 Crewneck Sweatshirt","long","Sweaters/Hoodies",32
"2020-10-12","World Peace LTD Face Mask","face-mask","Face Covering",21
"2020-10-12","LMNT 2.0 Crewneck Sweatshirt","DTG","Sweaters/Hoodies",32
"2020-10-12","LMNT 2.0 Crewneck Sweatshirt","lamont","Sweaters/Hoodies",32
"2020-10-12","FABRIC World Peace 2020 Face Mask","Accessories","Accessories",13
"2020-10-12","FABRIC World Peace 2020 Face Mask","Other","Accessories",13
"2020-10-12","LMNT 2.0 Crewneck Sweatshirt","sleeve","Sweaters/Hoodies",32
"2020-10-12",,,,7
"2020-10-12","LMNT 2.0 Crewneck Sweatshirt","kneck","Sweaters/Hoodies",32
"2020-10-12","LMNT 2.0 Crewneck Sweatshirt","Sweatshirts","Sweaters/Hoodies",32
"2020-10-12","LMNT 2.0 Crewneck Sweatshirt","sweats","Sweaters/Hoodies",32
"2020-10-12","FABRIC World Peace 2020 Face Mask","Unisex","Accessories",13
"2020-10-12","LMNT 2.0 Crewneck Sweatshirt","Crew neck","Sweaters/Hoodies",32
"2020-10-12","LMNT 2.0 Crewneck Sweatshirt","Regular fit","Sweaters/Hoodies",32
"2020-10-12","World Peace LTD Face Mask","accessories","Face Covering",21
"2020-10-12","FABRIC World Peace 2020 Face Mask","mask","Accessories",13
"2020-10-13",,,,0
"2020-10-14",,,,0
"2020-10-15",,,,0
"2020-10-16",,,,0
"2020-10-17",,,,0
"2020-10-18",,,,0
"2020-10-19","Strange Times Unisex Hoodie","unisex","Sweaters/Hoodies",31.87
"2020-10-19","LMNT 2.0 Crewneck Sweatshirt","sweater","Sweaters/Hoodies",24
"2020-10-19","LMNT 2.0 Crewneck Sweatshirt","2.0","Sweaters/Hoodies",24
"2020-10-19","LFX Sink or Swim Unisex Sweatshirt","longsleeve","Sweaters/Hoodies",27.76
"2020-10-19","Float Dad hat","cap","Dad Hats",32.5
"2020-10-19","FS WAVE Unisex Sweatshirt","long","Sweaters/Hoodies",32.25
"2020-10-19","Strange Times Unisex Hoodie","top","Sweaters/Hoodies",31.87
"2020-10-19","Big Homie Lo Snapback","floater","Snapback",37
"2020-10-19","LFX Sink or Swim Unisex Sweatshirt","sweats","Sweaters/Hoodies",27.76
"2020-10-19","LMNT 2.0 Crewneck Sweatshirt","crew","Sweaters/Hoodies",24
"2020-10-19",,,,10.99
"2020-10-19","Float Dad hat","hat","Dad Hats",32.5
"2020-10-19","Strange Times Unisex Hoodie","strange","Sweaters/Hoodies",31.87
"2020-10-19","FS WAVE Unisex Sweatshirt","secret","Sweaters/Hoodies",32.25
"2020-10-19","Big Homie Lo Snapback","trademark","Snapback",37
"2020-10-19","LMNT 2.0 Crewneck Sweatshirt","yellow","Sweaters/Hoodies",24
"2020-10-19","FS WAVE Unisex Sweatshirt","smile","Sweaters/Hoodies",32.25
"2020-10-19","Float Dad hat","balloon","Dad Hats",32.5
"2020-10-19","LFX Sink or Swim Unisex Sweatshirt","long","Sweaters/Hoodies",27.76
"2020-10-19","LMNT 2.0 Crewneck Sweatshirt","longesleeve","Sweaters/Hoodies",24
"2020-10-19","LFX Sink or Swim Unisex Sweatshirt","longsleve","Sweaters/Hoodies",27.76
"2020-10-19","FS WAVE Unisex Sweatshirt","shirts","Sweaters/Hoodies",32.25
"2020-10-19","Strange Times Unisex Hoodie","sweats","Sweaters/Hoodies",31.87
"2020-10-19","LMNT 2.0 Crewneck Sweatshirt","long","Sweaters/Hoodies",24
"2020-10-19","FS WAVE Unisex Sweatshirt","red","Sweaters/Hoodies",32.25
"2020-10-19","Big Homie Lo Snapback","snap back","Snapback",37
"2020-10-19","LFX Sink or Swim Unisex Sweatshirt","sink","Sweaters/Hoodies",27.76
"2020-10-19","LFX Sink or Swim Unisex Sweatshirt","sleeve","Sweaters/Hoodies",27.76
"2020-10-19","LMNT 2.0 Crewneck Sweatshirt","Sweatshirts","Sweaters/Hoodies",24
"2020-10-19","FS WAVE Unisex Sweatshirt","fs","Sweaters/Hoodies",32.25
"2020-10-19","Float Dad hat","Verishop","Dad Hats",32.5
"2020-10-19","FS WAVE Unisex Sweatshirt","Sweatshirts","Sweaters/Hoodies",32.25
"2020-10-19","Float Dad hat","dad","Dad Hats",32.5
"2020-10-19","Strange Times Unisex Hoodie","hoodies","Sweaters/Hoodies",31.87
"2020-10-19","FS WAVE Unisex Sweatshirt","shirt","Sweaters/Hoodies",32.25
"2020-10-19","LMNT 2.0 Crewneck Sweatshirt","sleeve","Sweaters/Hoodies",24
"2020-10-19","Float Dad hat","black","Dad Hats",32.5
"2020-10-19","LMNT 2.0 Crewneck Sweatshirt","DTG","Sweaters/Hoodies",24
"2020-10-19","LMNT 2.0 Crewneck Sweatshirt","kneck","Sweaters/Hoodies",24
"2020-10-19","Strange Times Unisex Hoodie","tom","Sweaters/Hoodies",31.87
"2020-10-19","LFX Sink or Swim Unisex Sweatshirt","sweatpants","Sweaters/Hoodies",27.76
"2020-10-19","LFX Sink or Swim Unisex Sweatshirt","swim","Sweaters/Hoodies",27.76
"2020-10-19","LMNT 2.0 Crewneck Sweatshirt","lamont","Sweaters/Hoodies",24
"2020-10-19","Strange Times Unisex Hoodie","Hoodie","Sweaters/Hoodies",31.87
"2020-10-19","Big Homie Lo Snapback","back","Snapback",37
"2020-10-19","LFX Sink or Swim Unisex Sweatshirt","white","Sweaters/Hoodies",27.76
"2020-10-19","Big Homie Lo Snapback","snap","Snapback",37
"2020-10-19","LMNT 2.0 Crewneck Sweatshirt","Women's Clothing","Sweaters/Hoodies",24
"2020-10-19","LFX Sink or Swim Unisex Sweatshirt","sweater","Sweaters/Hoodies",27.76
"2020-10-19","Float Dad hat","dad hat","Dad Hats",32.5
"2020-10-19","Strange Times Unisex Hoodie","hood","Sweaters/Hoodies",31.87
"2020-10-19","LFX Sink or Swim Unisex Sweatshirt","or","Sweaters/Hoodies",27.76
"2020-10-19","LFX Sink or Swim Unisex Sweatshirt","olongsleeve","Sweaters/Hoodies",27.76
"2020-10-19","Strange Times Unisex Hoodie","tims","Sweaters/Hoodies",31.87
"2020-10-19","FS WAVE Unisex Sweatshirt","sleeve","Sweaters/Hoodies",32.25
"2020-10-19","LMNT 2.0 Crewneck Sweatshirt","Regular fit","Sweaters/Hoodies",24
"2020-10-19","FS WAVE Unisex Sweatshirt","forgotten","Sweaters/Hoodies",32.25
"2020-10-19","FS WAVE Unisex Sweatshirt","top","Sweaters/Hoodies",32.25
"2020-10-19","Big Homie Lo Snapback","Verishop","Snapback",37
"2020-10-19","Big Homie Lo Snapback","hat","Snapback",37
"2020-10-19","Big Homie Lo Snapback","snapback","Snapback",37
"2020-10-19","LMNT 2.0 Crewneck Sweatshirt","Crew neck","Sweaters/Hoodies",24
"2020-10-19","Strange Times Unisex Hoodie","sweaters","Sweaters/Hoodies",31.87
"2020-10-19","FS WAVE Unisex Sweatshirt","balloon","Sweaters/Hoodies",32.25
"2020-10-19","LMNT 2.0 Crewneck Sweatshirt","sweats","Sweaters/Hoodies",24
"2020-10-19","Big Homie Lo Snapback","lonely","Snapback",37
"2020-10-19","FS WAVE Unisex Sweatshirt","sweat","Sweaters/Hoodies",32.25
"2020-10-19","LMNT 2.0 Crewneck Sweatshirt","Men's Clothing","Sweaters/Hoodies",24
"2020-10-19","LFX Sink or Swim Unisex Sweatshirt","sleeeve","Sweaters/Hoodies",27.76
"2020-10-19","FS WAVE Unisex Sweatshirt","face","Sweaters/Hoodies",32.25
"2020-10-19","Strange Times Unisex Hoodie","hoods","Sweaters/Hoodies",31.87
"2020-10-20",,,,0
"2020-10-21",,,,197
"2020-10-22",,,,0
"2020-10-23",,,,0
"2020-10-24",,,,0
"2020-10-25",,,,0
"2020-10-26",,,,50
"2020-10-27",,,,864
"2020-10-28",,,,0
"2020-10-29",,,,0
"2020-10-30",,,,0
"2020-10-31",,,,0
"2020-11-01",,,,0
"2020-11-02",,,,0
"2020-11-03",,,,0
"2020-11-04",,,,0
"2020-11-05",,,,0
"2020-11-06",,,,0
"2020-11-07",,,,0
"2020-11-08",,,,0
"2020-11-09",,,,0
"2020-11-10","FS WAVE Unisex Sweatshirt","shirt","Sweaters/Hoodies",43
"2020-11-10","FS WAVE Unisex Sweatshirt","fs","Sweaters/Hoodies",43
"2020-11-10","Floater Unisex Joggers","Sweatpants","Pants",43
"2020-11-10","Floater Unisex Joggers","Verishop","Pants",43
"2020-11-10","FS WAVE Unisex Sweatshirt","sleeve","Sweaters/Hoodies",43
"2020-11-10","FS WAVE Unisex Sweatshirt","sweat","Sweaters/Hoodies",43
"2020-11-10","Floater Unisex Joggers","Pants","Pants",43
"2020-11-10","FS WAVE Unisex Sweatshirt","face","Sweaters/Hoodies",43
"2020-11-10","Floater Unisex Joggers","Joggers","Pants",43
"2020-11-10","FS WAVE Unisex Sweatshirt","top","Sweaters/Hoodies",43
"2020-11-10","FS WAVE Unisex Sweatshirt","long","Sweaters/Hoodies",43
"2020-11-10",,,,7
"2020-11-10","FS WAVE Unisex Sweatshirt","Sweatshirts","Sweaters/Hoodies",43
"2020-11-10","Floater Unisex Joggers","Sweats","Pants",43
"2020-11-10","FS WAVE Unisex Sweatshirt","secret","Sweaters/Hoodies",43
"2020-11-10","FS WAVE Unisex Sweatshirt","shirts","Sweaters/Hoodies",43
"2020-11-10","Floater Unisex Joggers","bottom","Pants",43
"2020-11-10","FS WAVE Unisex Sweatshirt","smile","Sweaters/Hoodies",43
"2020-11-10","FS WAVE Unisex Sweatshirt","balloon","Sweaters/Hoodies",43
"2020-11-10","FS WAVE Unisex Sweatshirt","forgotten","Sweaters/Hoodies",43
"2020-11-10","FS WAVE Unisex Sweatshirt","red","Sweaters/Hoodies",43
"2020-11-11",,,,0
"2020-11-11","LFXNYC Women’s Crop Tee",,,23.48
"2020-11-12",,,,0
"2020-11-13",,,,0
"2020-11-14",,,,0
"2020-11-15",,,,0
"2020-11-16","FS GEN2  RED","Verishop","Dad Hats",40
"2020-11-16","FS GEN2  RED","Dad Hats","Dad Hats",40
"2020-11-16","FS GEN2  RED","Balloon","Dad Hats",40
"2020-11-16","FS GEN2  RED","red","Dad Hats",40
"2020-11-17",,,,0
"2020-11-18",,,,0
"2020-11-19",,,,0
"2020-11-20",,,,0
"2020-11-21",,,,0
"2020-11-22",,,,0
"2020-11-23",,,,0
"2020-11-24",,,,0
"2020-11-25","Black FS  Mask","facemask","Face Masks",19.51
"2020-11-25","Black FS  Mask","mask","Face Masks",19.51
"2020-11-25",,,,0
"2020-11-25","Black FS  Mask","face-mask","Face Masks",19.51
"2020-11-25","Black FS  Mask","face","Face Masks",19.51
"2020-11-25","Black FS  Mask","FS","Face Masks",19.51
"2020-11-25","Black FS  Mask","accessories","Face Masks",19.51
"2020-11-26",,,,0
"2020-11-27","LMNT 2.0 Crewneck Sweatshirt","kneck","Sweaters/Hoodies",28.62
"2020-11-27","LMNT 2.0 Crewneck Sweatshirt","sleeve","Sweaters/Hoodies",28.62
"2020-11-27","LMNT 2.0 Crewneck Sweatshirt","Sweatshirts","Sweaters/Hoodies",28.62
"2020-11-27","LMNT 2.0 Crewneck Sweatshirt","DTG","Sweaters/Hoodies",28.62
"2020-11-27","LMNT 2.0 Crewneck Sweatshirt","lamont","Sweaters/Hoodies",28.62
"2020-11-27","LMNT 2.0 Crewneck Sweatshirt","Regular fit","Sweaters/Hoodies",28.62
"2020-11-27","LMNT 2.0 Crewneck Sweatshirt","sweats","Sweaters/Hoodies",28.62
"2020-11-27","LMNT 2.0 Crewneck Sweatshirt","Crew neck","Sweaters/Hoodies",28.62
"2020-11-27","LMNT 2.0 Crewneck Sweatshirt","sweater","Sweaters/Hoodies",28.62
"2020-11-27","LMNT 2.0 Crewneck Sweatshirt","yellow","Sweaters/Hoodies",28.62
"2020-11-27",,,,7.59
"2020-11-27","LMNT 2.0 Crewneck Sweatshirt","2.0","Sweaters/Hoodies",28.62
"2020-11-27","LMNT 2.0 Crewneck Sweatshirt","crew","Sweaters/Hoodies",28.62
"2020-11-27","LMNT 2.0 Crewneck Sweatshirt","longesleeve","Sweaters/Hoodies",28.62
"2020-11-27","LMNT 2.0 Crewneck Sweatshirt","Women's Clothing","Sweaters/Hoodies",28.62
"2020-11-27","LMNT 2.0 Crewneck Sweatshirt","long","Sweaters/Hoodies",28.62
"2020-11-27","LMNT 2.0 Crewneck Sweatshirt","Men's Clothing","Sweaters/Hoodies",28.62
"2020-11-28",,,,0
"2020-11-29","Skeye T-Shirt","T-shirt","T-Shirt",51.5
"2020-11-29","Black Scale Face Mask","facemask","Face Masks",22
"2020-11-29","Skeye T-Shirt","shirt","T-Shirt",51.5
"2020-11-29","Skeye T-Shirt","floater","T-Shirt",51.5
"2020-11-29","Skeye T-Shirt","short","T-Shirt",51.5
"2020-11-29","Fire Red  T-shirt","men","T-Shirt",48.5
"2020-11-29","Fire Red  T-shirt","shirt","T-Shirt",48.5
"2020-11-29","Black Scale Face Mask","mask","Face Masks",22
"2020-11-29","Skeye T-Shirt","Verishop","T-Shirt",51.5
"2020-11-29",,,,6.49
"2020-11-29","Black Scale Face Mask","black","Face Masks",22
"2020-11-29","Skeye T-Shirt","space","T-Shirt",51.5
"2020-11-29","Skeye T-Shirt","t","T-Shirt",51.5
"2020-11-29","Black Scale Face Mask","scale","Face Masks",22
"2020-11-29","Skeye T-Shirt","sleeve","T-Shirt",51.5
"2020-11-29","Fire Red  T-shirt","red","T-Shirt",48.5
"2020-11-29","Black Scale Face Mask","Verishop","Face Masks",22
"2020-11-29","Fire Red  T-shirt","unisex","T-Shirt",48.5
"2020-11-29","Fire Red  T-shirt","tee","T-Shirt",48.5
"2020-11-29","Fire Red  T-shirt","Verishop","T-Shirt",48.5
"2020-11-29","Skeye T-Shirt","T-shirts","T-Shirt",51.5
"2020-11-29","Fire Red  T-shirt","women","T-Shirt",48.5
"2020-11-29","Black Scale Face Mask","face","Face Masks",22
"2020-11-29","Black Scale Face Mask","floater","Face Masks",22
"2020-11-29","Skeye T-Shirt","tee","T-Shirt",51.5
"2020-11-29","Fire Red  T-shirt","t-shirt","T-Shirt",48.5
"2020-11-29","Fire Red  T-shirt","tshirt","T-Shirt",48.5
"2020-11-29","Fire Red  T-shirt","space","T-Shirt",48.5
"2020-11-30",,,,0
"2020-12-01",,,,0
"2020-12-02",,,,0
"2020-12-03",,,,0
"2020-12-04",,,,0
"2020-12-05",,,,0
"2020-12-06",,,,0
"2020-12-07","Camo BOLO Men's T-shirt","top","Shirt",47
"2020-12-07","Floater Unisex Joggers","Pants","Pants",82
"2020-12-07","Camo BOLO Men's T-shirt","unisex","Shirt",47
"2020-12-07","Floater Unisex Joggers","Joggers","Pants",82
"2020-12-07","STILL HUMVN Jersey","humvn","Jersey",32.99
"2020-12-07","STILL HUMVN Jersey","black","Jersey",32.99
"2020-12-07","STILL HUMVN Jersey","jersey","Jersey",32.99
"2020-12-07","Floater Unisex Joggers","Sweatpants","Pants",82
"2020-12-07","STILL HUMVN Jersey","still","Jersey",32.99
"2020-12-07","Floater Unisex Joggers","Verishop","Pants",82
"2020-12-07","Camo BOLO Men's T-shirt","t","Shirt",47
"2020-12-07","Camo BOLO Men's T-shirt","shirt","Shirt",47
"2020-12-07","STILL HUMVN Jersey","moon","Jersey",32.99
"2020-12-07","Camo BOLO Men's T-shirt","short","Shirt",47
"2020-12-07","Camo BOLO Men's T-shirt","tee","Shirt",47
"2020-12-07","STILL HUMVN Jersey","51","Jersey",32.99
"2020-12-07","Camo BOLO Men's T-shirt","camoflauge","Shirt",47
"2020-12-07","Floater Unisex Joggers","bottom","Pants",82
"2020-12-07","STILL HUMVN Jersey","Verishop","Jersey",32.99
"2020-12-07",,,,7
"2020-12-07","Camo BOLO Men's T-shirt","short sleeve","Shirt",47
"2020-12-07","Camo BOLO Men's T-shirt","camo","Shirt",47
"2020-12-07","Floater Unisex Joggers","Sweats","Pants",82
"2020-12-07","Camo BOLO Men's T-shirt","Verishop","Shirt",47
"2020-12-07","Camo BOLO Men's T-shirt","t shirt","Shirt",47
"2020-12-08",,,,7
"2020-12-08","Floater JogTop Unisex Hoodie","sleeve","Sweaters/Hoodies",40
"2020-12-08","Floater JogTop Unisex Hoodie","hoodie","Sweaters/Hoodies",40
"2020-12-08","Floater JogTop Unisex Hoodie","hood","Sweaters/Hoodies",40
"2020-12-08","Floater JogTop Unisex Hoodie","long","Sweaters/Hoodies",40
"2020-12-08","Floater JogTop Unisex Hoodie","sweatshirt","Sweaters/Hoodies",40
"2020-12-08","Floater JogTop Unisex Hoodie","floater","Sweaters/Hoodies",40
"2020-12-08","Floater JogTop Unisex Hoodie","sweat","Sweaters/Hoodies",40
"2020-12-08","Floater JogTop Unisex Hoodie","Verishop","Sweaters/Hoodies",40
"2020-12-08","Floater JogTop Unisex Hoodie","top","Sweaters/Hoodies",40
"2020-12-09",,,,0
"2020-12-10",,,,0
"2020-12-11",,,,0
"2020-12-12",,,,0
"2020-12-13","Vanta FS Dad hat","Verishop","Dad Hats",32.5
"2020-12-13","Black FS  Mask","face","Face Masks",18
"2020-12-13","Black FS  Mask","FS","Face Masks",18
"2020-12-13","Vanta FS Dad hat","fs","Dad Hats",32.5
"2020-12-13","Vanta FS Dad hat","dadhat","Dad Hats",32.5
"2020-12-13","Black FS  Mask","accessories","Face Masks",18
"2020-12-13","Black FS  Mask","face-mask","Face Masks",18
"2020-12-13","Black FS  Mask","mask","Face Masks",18
"2020-12-13","Vanta FS Dad hat","forgotten","Dad Hats",32.5
"2020-12-13","Black FS  Mask","facemask","Face Masks",18
"2020-12-13","Vanta FS Dad hat","hat","Dad Hats",32.5
"2020-12-13","Vanta FS Dad hat","hats","Dad Hats",32.5
"2020-12-13","Vanta FS Dad hat","dad hat","Dad Hats",32.5
"2020-12-13","Vanta FS Dad hat","dadhats","Dad Hats",32.5
"2020-12-13","Vanta FS Dad hat","secret","Dad Hats",32.5
"2020-12-13",,,,8.49
"2020-12-14","Hallow FS 3.0 Dad hat",,,30.09
"2020-12-14",,,,4.34
"2020-12-15",,,,0
"2020-12-16",,,,0
"2020-12-17",,,,0
"2020-12-18",,,,0
"2020-12-19","LFX Sink or Swim Unisex Sweatshirt","or","Sweaters/Hoodies",37
"2020-12-19","Orange LTS Men's Athletic Long Shorts","boxing","Short",40.5
"2020-12-19","LFX Sink or Swim Unisex Sweatshirt","sleeeve","Sweaters/Hoodies",37
"2020-12-19","Champion x Lonely Floater Sweatshirt","CrewNeck","Sweatshirt",64.5
"2020-12-19","LFX Sink or Swim Unisex Sweatshirt","sweater","Sweaters/Hoodies",37
"2020-12-19","Orange LTS Men's Athletic Long Shorts","too","Short",40.5
"2020-12-19","LFX Sink or Swim Unisex Sweatshirt","olongsleeve","Sweaters/Hoodies",37
"2020-12-19","LFX Sink or Swim Unisex Sweatshirt","sweatpants","Sweaters/Hoodies",37
"2020-12-19","Champion x Lonely Floater Sweatshirt","top","Sweatshirt",64.5
"2020-12-19","STILL HUMVN Jersey","Verishop","Jersey",32.99
"2020-12-19","Champion x Lonely Floater Sweatshirt","long","Sweatshirt",64.5
"2020-12-19","Champion x Lonely Floater Sweatshirt","sweats","Sweatshirt",64.5
"2020-12-19","LFX Sink or Swim Unisex Sweatshirt","swim","Sweaters/Hoodies",37
"2020-12-19","STILL HUMVN Jersey","51","Jersey",32.99
"2020-12-19","Orange LTS Men's Athletic Long Shorts","lifes","Short",40.5
"2020-12-19","LFX Sink or Swim Unisex Sweatshirt","white","Sweaters/Hoodies",37
"2020-12-19","Orange LTS Men's Athletic Long Shorts","Shorts","Short",40.5
"2020-12-19","STILL HUMVN Jersey","moon","Jersey",32.99
"2020-12-19",,,,0
"2020-12-19","Champion x Lonely Floater Sweatshirt","sweater","Sweatshirt",64.5
"2020-12-19","LFX Sink or Swim Unisex Sweatshirt","sleeve","Sweaters/Hoodies",37
"2020-12-19","LFX Sink or Swim Unisex Sweatshirt","long","Sweaters/Hoodies",37
"2020-12-19","Orange LTS Men's Athletic Long Shorts","Fitness","Short",40.5
"2020-12-19","Orange LTS Men's Athletic Long Shorts","short","Short",40.5
"2020-12-19","Orange LTS Men's Athletic Long Shorts","gym","Short",40.5
"2020-12-19","Orange LTS Men's Athletic Long Shorts","bocxing","Short",40.5
"2020-12-19","LFX Sink or Swim Unisex Sweatshirt","sink","Sweaters/Hoodies",37
"2020-12-19","LFX Sink or Swim Unisex Sweatshirt","longsleve","Sweaters/Hoodies",37
"2020-12-19","STILL HUMVN Jersey","still","Jersey",32.99
"2020-12-19","STILL HUMVN Jersey","jersey","Jersey",32.99
"2020-12-19","Champion x Lonely Floater Sweatshirt","champion","Sweatshirt",64.5
"2020-12-19","LFX Sink or Swim Unisex Sweatshirt","sweats","Sweaters/Hoodies",37
"2020-12-19","STILL HUMVN Jersey","black","Jersey",32.99
"2020-12-19","Champion x Lonely Floater Sweatshirt","long-sleeve","Sweatshirt",64.5
"2020-12-19","Champion x Lonely Floater Sweatshirt","sleeve","Sweatshirt",64.5
"2020-12-19","Champion x Lonely Floater Sweatshirt","shirt","Sweatshirt",64.5
"2020-12-19","STILL HUMVN Jersey","humvn","Jersey",32.99
"2020-12-19","Orange LTS Men's Athletic Long Shorts","fight","Short",40.5
"2020-12-19","LFX Sink or Swim Unisex Sweatshirt","longsleeve","Sweaters/Hoodies",37
"2020-12-19","Champion x Lonely Floater Sweatshirt","L","Sweatshirt",64.5
"2020-12-20","FS GEN2 BLK","Verishop","Dad Hats",20
"2020-12-20","FS WAVE Unisex Sweatshirt","shirt","Sweaters/Hoodies",43
"2020-12-20","FS WAVE Unisex Sweatshirt","fs","Sweaters/Hoodies",43
"2020-12-20","Cheese Organic ribbed beanie","verishop","Beanies",24
"2020-12-20","FS GEN2 BLK","red","Dad Hats",20
"2020-12-20","FS GEN2 BLK","black","Dad Hats",20
"2020-12-20","Floater JogTop Unisex Hoodie","sweatshirt","Sweaters/Hoodies",40
"2020-12-20","Floater JogTop Unisex Hoodie","floater","Sweaters/Hoodies",40
"2020-12-20","Floater JogTop Unisex Hoodie","long","Sweaters/Hoodies",40
"2020-12-20","Floater JogTop Unisex Hoodie","top","Sweaters/Hoodies",40
"2020-12-20","FS WAVE Unisex Sweatshirt","sleeve","Sweaters/Hoodies",43
"2020-12-20","Floater JogTop Unisex Hoodie","sweat","Sweaters/Hoodies",40
"2020-12-20","FS WAVE Unisex Sweatshirt","sweat","Sweaters/Hoodies",43
"2020-12-20","FS WAVE Unisex Sweatshirt","face","Sweaters/Hoodies",43
"2020-12-20",,,,13.5
"2020-12-20","Floater JogTop Unisex Hoodie","Verishop","Sweaters/Hoodies",40
"2020-12-20","FS WAVE Unisex Sweatshirt","top","Sweaters/Hoodies",43
"2020-12-20","FS WAVE Unisex Sweatshirt","long","Sweaters/Hoodies",43
"2020-12-20","Floater JogTop Unisex Hoodie","sleeve","Sweaters/Hoodies",40
"2020-12-20","Floater JogTop Unisex Hoodie","hoodie","Sweaters/Hoodies",40
"2020-12-20","Floater JogTop Unisex Hoodie","hood","Sweaters/Hoodies",40
"2020-12-20","FS WAVE Unisex Sweatshirt","balloon","Sweaters/Hoodies",43
"2020-12-20","FS WAVE Unisex Sweatshirt","secret","Sweaters/Hoodies",43
"2020-12-20","FS WAVE Unisex Sweatshirt","forgotten","Sweaters/Hoodies",43
"2020-12-20","FS GEN2 BLK","Balloon","Dad Hats",20
"2020-12-20","Cheese Organic ribbed beanie","beanies","Beanies",24
"2020-12-20","FS WAVE Unisex Sweatshirt","shirts","Sweaters/Hoodies",43
"2020-12-20","Cheese Organic ribbed beanie","beanie","Beanies",24
"2020-12-20","Cheese Organic ribbed beanie","hat","Beanies",24
"2020-12-20","FS GEN2 BLK","Dad Hats","Dad Hats",20
"2020-12-20","FS WAVE Unisex Sweatshirt","smile","Sweaters/Hoodies",43
"2020-12-20","FS WAVE Unisex Sweatshirt","Sweatshirts","Sweaters/Hoodies",43
"2020-12-20","FS WAVE Unisex Sweatshirt","red","Sweaters/Hoodies",43
"2020-12-21",,,,0
"2020-12-22","Float Cuffed Beanie","hat","Beanies",24
"2020-12-22","Floater Unisex Joggers","Sweats","Pants",43
"2020-12-22","Strange Times Unisex Hoodie","hoods","Sweaters/Hoodies",42.5
"2020-12-22","Float Cuffed Beanie","Verishop","Beanies",24
"2020-12-22","Strange Times Unisex Hoodie","sweaters","Sweaters/Hoodies",42.5
"2020-12-22","Float Cuffed Beanie","beanies","Beanies",24
"2020-12-22","Strange Times Unisex Hoodie","top","Sweaters/Hoodies",42.5
"2020-12-22","Strange Times Unisex Hoodie","hoodies","Sweaters/Hoodies",42.5
"2020-12-22","Float Cuffed Beanie","beanie","Beanies",24
"2020-12-22","Strange Times Unisex Hoodie","Hoodie","Sweaters/Hoodies",42.5
"2020-12-22","Floater Unisex Joggers","bottom","Pants",43
"2020-12-22","Floater Unisex Joggers","Verishop","Pants",43
"2020-12-22","Strange Times Unisex Hoodie","hood","Sweaters/Hoodies",42.5
"2020-12-22","Strange Times Unisex Hoodie","tims","Sweaters/Hoodies",42.5
"2020-12-22","Strange Times Unisex Hoodie","sweats","Sweaters/Hoodies",42.5
"2020-12-22","Floater Unisex Joggers","Sweatpants","Pants",43
"2020-12-22","Float Cuffed Beanie","float","Beanies",24
"2020-12-22","Strange Times Unisex Hoodie","unisex","Sweaters/Hoodies",42.5
"2020-12-22","Floater Unisex Joggers","Pants","Pants",43
"2020-12-22","Strange Times Unisex Hoodie","tom","Sweaters/Hoodies",42.5
"2020-12-22",,,,7
"2020-12-22","Floater Unisex Joggers","Joggers","Pants",43
"2020-12-22","Strange Times Unisex Hoodie","strange","Sweaters/Hoodies",42.5
"2020-12-23",,,,0
"2020-12-24","Mystery Box","box","Mystery Box",206.55
"2020-12-24","FS GEN2  RED","Dad Hats","Dad Hats",20
"2020-12-24",,,,11.42
"2020-12-24","FS GEN2  RED","red","Dad Hats",20
"2020-12-24","FS GEN2  RED","Verishop","Dad Hats",20
"2020-12-24","Mystery Box","mystery box","Mystery Box",206.55
"2020-12-24","FS GEN2  RED","Balloon","Dad Hats",20
"2020-12-25","FS VQ Packable Jacket","jacket","Jackets",45
"2020-12-25","FS VQ Packable Jacket","top","Jackets",45
"2020-12-25","FS VQ Packable Jacket","pack","Jackets",45
"2020-12-25","FS VQ Packable Jacket","break","Jackets",45
"2020-12-25","FS VQ Packable Jacket","packable","Jackets",45
"2020-12-25","Grey Scale Face mask","mask",,19.8
"2020-12-25","Grey Scale Face mask","Scale",,19.8
"2020-12-25","Mystery Box","mystery box","Mystery Box",63
"2020-12-25","Grey Scale Face mask","fish",,19.8
"2020-12-25","Grey Scale Face mask","facemask",,19.8
"2020-12-25","Grey Scale Face mask","face",,19.8
"2020-12-25","Mystery Box","box","Mystery Box",63
"2020-12-25","Grey Scale Face mask","grey",,19.8
"2020-12-25","Grey Scale Face mask","face-mask",,19.8
"2020-12-25","FS VQ Packable Jacket","wind","Jackets",45
"2020-12-25","Grey Scale Face mask","Verishop",,19.8
"2020-12-25","FS VQ Packable Jacket","longsleeve","Jackets",45
"2020-12-25","Grey Scale Face mask","get",,19.8
"2020-12-25","FS VQ Packable Jacket","widn","Jackets",45
"2020-12-25",,,,9.87
"2020-12-25","FS VQ Packable Jacket","breaker","Jackets",45
"2020-12-26",,,,0
"2020-12-27",,,,0
"2020-12-28",,,,0
"2020-12-29",,,,0
"2020-12-30","Floater Jersey","moon","Jersey",30.39
"2020-12-30","Big Homie Lo Snapback","trademark","Snapback",34.09
"2020-12-30","Women’s “I CAN DO BAD BY MYSELF” Crop Hoodie","CropTop Hoodie","Hoodie",42.37
"2020-12-30","Big Homie Lo Snapback","floater","Snapback",34.09
"2020-12-30","Floater Jersey","stripes","Jersey",30.39
"2020-12-30","Women’s “I CAN DO BAD BY MYSELF” Crop Hoodie","top","Hoodie",42.37
"2020-12-30","Floater Unisex Joggers","bottom","Pants",35.94
"2020-12-30","Fishscale Monogram Floata (Introvert) Leggings","leggin","Leggings",38.64
"2020-12-30","Women’s “I CAN DO BAD BY MYSELF” Crop Hoodie","sweat","Hoodie",42.37
"2020-12-30","Fishscale Monogram Floata (Introvert) Leggings","leg","Leggings",38.64
"2020-12-30","Women’s “I CAN DO BAD BY MYSELF” Crop Hoodie","crop","Hoodie",42.37
"2020-12-30","Floater Jersey","jersey","Jersey",30.39
"2020-12-30","Floater Jersey","red","Jersey",30.39
"2020-12-30","Floater Jersey","humvn","Jersey",30.39
"2020-12-30",,,,7.59
"2020-12-30","Floater Jersey","Verishop","Jersey",30.39
"2020-12-30","Big Homie Lo Snapback","snap back","Snapback",34.09
"2020-12-30","Floater Jersey","floater","Jersey",30.39
"2020-12-30","Fishscale Monogram Floata (Introvert) Leggings","pant","Leggings",38.64
"2020-12-30","Floater Unisex Joggers","Sweats","Pants",35.94
"2020-12-30","Women’s “I CAN DO BAD BY MYSELF” Crop Hoodie","Hoodie","Hoodie",42.37
"2020-12-30","Women’s “I CAN DO BAD BY MYSELF” Crop Hoodie","women","Hoodie",42.37
"2020-12-30","Floater Unisex Joggers","Joggers","Pants",35.94
"2020-12-30","Floater Unisex Joggers","Pants","Pants",35.94
"2020-12-30","Big Homie Lo Snapback","back","Snapback",34.09
"2020-12-30","Big Homie Lo Snapback","snap","Snapback",34.09
"2020-12-30","Fishscale Monogram Floata (Introvert) Leggings","monogram","Leggings",38.64
"2020-12-30","Fishscale Monogram Floata (Introvert) Leggings","sweats","Leggings",38.64
"2020-12-30","Women’s “I CAN DO BAD BY MYSELF” Crop Hoodie","sleeve","Hoodie",42.37
"2020-12-30","Women’s “I CAN DO BAD BY MYSELF” Crop Hoodie","sweats","Hoodie",42.37
"2020-12-30","Fishscale Monogram Floata (Introvert) Leggings","bottom","Leggings",38.64
"2020-12-30","Women’s “I CAN DO BAD BY MYSELF” Crop Hoodie","Crop Top","Hoodie",42.37
"2020-12-30","Floater Jersey","51","Jersey",30.39
"2020-12-30","Women’s “I CAN DO BAD BY MYSELF” Crop Hoodie","hood","Hoodie",42.37
"2020-12-30","Floater Unisex Joggers","Sweatpants","Pants",35.94
"2020-12-30","Big Homie Lo Snapback","lonely","Snapback",34.09
"2020-12-30","Big Homie Lo Snapback","Verishop","Snapback",34.09
"2020-12-30","Big Homie Lo Snapback","hat","Snapback",34.09
"2020-12-30","Big Homie Lo Snapback","snapback","Snapback",34.09
"2020-12-30","Floater Unisex Joggers","Verishop","Pants",35.94
"2020-12-30","Fishscale Monogram Floata (Introvert) Leggings","Leggings","Leggings",38.64
"2020-12-30","Fishscale Monogram Floata (Introvert) Leggings","pants","Leggings",38.64
"2020-12-30","Floater Jersey","black","Jersey",30.39
"2020-12-30","Floater Jersey","still","Jersey",30.39
"2020-12-30","Women’s “I CAN DO BAD BY MYSELF” Crop Hoodie","long","Hoodie",42.37
"2020-12-31","Flight Yellow","Socks","Socks",21
"2020-12-31","Rose Q Face Mask","mask","Face Masks",18
"2020-12-31","Flight Yellow","Top Spring Products","Socks",21
"2020-12-31","Gray Duffy","bag","Bags",70
"2020-12-31","Float Cuffed Beanie","float","Beanies",24
"2020-12-31","Rose Q Face Mask","masks","Face Masks",18
"2020-12-31","Rose Q Face Mask","accessories","Face Masks",18
"2020-12-31","Lonely Floater Apple Watch Band","phone","Accessories",45.26
"2020-12-31","Rose Q Face Mask","face","Face Masks",18
"2020-12-31","Lonely Floater Apple Watch Band","Accessories","Accessories",45.26
"2020-12-31","Gray Duffy","camo","Bags",70
"2020-12-31","Rose Q Face Mask","facemask","Face Masks",18
"2020-12-31","Gray Duffy","duffle","Bags",70
"2020-12-31",,,,7
"2020-12-31","Galaxy Socks","Socks","Socks",21
"2020-12-31","Galaxy Socks","All Over Print","Socks",21
"2020-12-31","Gray Duffy","Accessories","Bags",70
"2020-12-31","Lonely Floater Apple Watch Band","mac","Accessories",45.26
"2020-12-31","Lonely Floater Apple Watch Band","apple","Accessories",45.26
"2020-12-31","Lonely Floater Apple Watch Band","Sublimation","Accessories",45.26
"2020-12-31","Rose Q Face Mask","covering","Face Masks",18
"2020-12-31","Gray Duffy","duffy","Bags",70
"2020-12-31","Galaxy Socks","sock","Socks",21
"2020-12-31","Float Cuffed Beanie","hat","Beanies",24
"2020-12-31","Gray Duffy","travel","Bags",70
"2020-12-31","Gray Duffy","duffel","Bags",70
"2020-12-31","Rose Q Face Mask","face-mask","Face Masks",18
"2020-12-31","Flight Yellow","Verishop","Socks",21
"2020-12-31","Float Cuffed Beanie","beanies","Beanies",24
"2020-12-31","Lonely Floater Apple Watch Band","Verishop","Accessories",45.26
"2020-12-31","Flight Yellow","AOP Clothing","Socks",21
"2020-12-31","Float Cuffed Beanie","beanie","Beanies",24
"2020-12-31","Gray Duffy","All Over Print","Bags",70
"2020-12-31","Lonely Floater Apple Watch Band","iphone","Accessories",45.26
"2020-12-31","Gray Duffy","Bags","Bags",70
"2020-12-31","Rose Q Face Mask","facemasks","Face Masks",18
"2020-12-31","Lonely Floater Apple Watch Band","apple watch","Accessories",45.26
"2020-12-31","Galaxy Socks","Accessories","Socks",21
"2020-12-31","Lonely Floater Apple Watch Band","watch","Accessories",45.26
"2020-12-31","Gray Duffy","camoflage","Bags",70
"2020-12-31","Lonely Floater Apple Watch Band","Other","Accessories",45.26
"2020-12-31","Lonely Floater Apple Watch Band","wrists","Accessories",45.26
"2020-12-31","Flight Yellow","Accessories","Socks",21
"2020-12-31","Gray Duffy","Verishop","Bags",70
"2020-12-31","Gray Duffy","dufft","Bags",70
"2020-12-31","Lonely Floater Apple Watch Band","wristbands","Accessories",45.26
"2020-12-31","Float Cuffed Beanie","Verishop","Beanies",24
"2020-12-31","Galaxy Socks","Sublimation","Socks",21
"2020-12-31","Lonely Floater Apple Watch Band","watches","Accessories",45.26
"2021-01-01",,,,0
"2021-01-02",,,,0
"2021-01-03",,,,0
"2021-01-04",,,,0
"2021-01-05","Las Riveras 2.0","gloves","Gloves",0
"2021-01-05","Las Riveras 2.0","self defense","Gloves",0
"2021-01-05","Las Riveras 2.0","combat","Gloves",0
"2021-01-05","Las Riveras 2.0","glove","Gloves",0
"2021-01-05","Lamont GEN2","red","Dad Hats",0
"2021-01-05","Lamont GEN2","camo","Dad Hats",0
"2021-01-05","Las Riveras 2.0","Boxing Gloves","Gloves",0
"2021-01-05","Las Riveras 2.0","box","Gloves",0
"2021-01-05","Las Riveras 2.0","fitness","Gloves",0
"2021-01-05","Las Riveras 2.0","fight","Gloves",0
"2021-01-05","Lamont GEN2","Balloon","Dad Hats",0
"2021-01-05","Las Riveras 2.0","boxing","Gloves",0
"2021-01-05","Lamont GEN2","Dad Hats","Dad Hats",0
"2021-01-05","Las Riveras 2.0","train","Gloves",0
"2021-01-05","Lamont GEN2","denim","Dad Hats",0
"2021-01-06","FS GEN2 BLU","Dad Hats","Dad Hats",0
"2021-01-06","FS GEN2 BLU","blue","Dad Hats",0
"2021-01-06","FS GEN2 BLU","Balloon","Dad Hats",0
"2021-01-06","FS GEN2 BLU","red","Dad Hats",0
"2021-01-06","FS GEN2 BLU","Verishop","Dad Hats",0
"2021-01-07","Camo Floater Raglan Tee","shirt","Shirt",0
"2021-01-07","Splash Summer Festival Floater GEN1 Fanny Pack🎈","pockets","Fanny Pack",0
"2021-01-07","FS GEN2  WHT","Balloon","Dad Hats",0
"2021-01-07","Camo Floater Raglan Tee","camoflauge","Shirt",0
"2021-01-07","Splash Summer Festival Floater GEN1 Fanny Pack🎈","fanny pack","Fanny Pack",0
"2021-01-07","Splash Summer Festival Floater GEN1 Fanny Pack🎈","floater","Fanny Pack",0
"2021-01-07","Camo Floater Raglan Tee","floater","Shirt",0
"2021-01-07","Camo Floater Raglan Tee","camo","Shirt",0
"2021-01-07","FS GEN2  WHT","red","Dad Hats",0
"2021-01-07","Splash Summer Festival Floater GEN1 Fanny Pack🎈","fanny","Fanny Pack",0
"2021-01-07","Splash Summer Festival Floater GEN1 Fanny Pack🎈","Splash","Fanny Pack",0
"2021-01-07","Camo Floater Raglan Tee","Verishop","Shirt",0
"2021-01-07","FS GEN2  WHT","white","Dad Hats",0
"2021-01-07","FS GEN2  WHT","Verishop","Dad Hats",0
"2021-01-07","Camo Floater Raglan Tee","tee","Shirt",0
"2021-01-07","Camo Floater Raglan Tee","baseball","Shirt",0
"2021-01-07","Splash Summer Festival Floater GEN1 Fanny Pack🎈","bag","Fanny Pack",0
"2021-01-07","FS GEN2  WHT","Dad Hats","Dad Hats",0
"2021-01-08",,,,0
"2021-01-09",,,,0
"2021-01-10",,,,0
"2021-01-11",,,,0
"2021-01-12","Las Riveras 2.0","train","Gloves",72.98
"2021-01-12","FS GEN2 BLU","Balloon","Dad Hats",22.7
"2021-01-12","FS GEN2  RED","Verishop","Dad Hats",24.32
"2021-01-12","FS GEN2  RED","red","Dad Hats",24.32
"2021-01-12","Las Riveras 2.0","box","Gloves",72.98
"2021-01-12","Las Riveras 2.0","fitness","Gloves",72.98
"2021-01-12","Las Riveras 2.0","fight","Gloves",72.98
"2021-01-12","FS GEN2  RED","Dad Hats","Dad Hats",24.32
"2021-01-12","FS GEN2 BLU","Dad Hats","Dad Hats",22.7
"2021-01-12","Las Riveras 2.0","boxing","Gloves",72.98
"2021-01-12","Las Riveras 2.0","glove","Gloves",72.98
"2021-01-12","FS GEN2 BLU","Verishop","Dad Hats",22.7
"2021-01-12","FS GEN2  RED","Balloon","Dad Hats",24.32
"2021-01-12","Las Riveras 2.0","Boxing Gloves","Gloves",72.98
"2021-01-12","FS GEN2 BLU","blue","Dad Hats",22.7
"2021-01-12","Las Riveras 2.0","gloves","Gloves",72.98
"2021-01-12","FS GEN2 BLU","red","Dad Hats",22.7
"2021-01-12","Las Riveras 2.0","self defense","Gloves",72.98
"2021-01-12",,,,7
"2021-01-12","Las Riveras 2.0","combat","Gloves",72.98
"2021-01-13",,,,0
"2021-01-14",,,,0
"2021-01-15",,,,0
"2021-01-16",,,,0
"2021-01-17","Las Riveras 2.0","train","Gloves",90
"2021-01-17","Las Riveras 2.0","boxing","Gloves",90
"2021-01-17","Las Riveras 2.0","fight","Gloves",90
"2021-01-17","Las Riveras 2.0","box","Gloves",90
"2021-01-17","Las Riveras 2.0","fitness","Gloves",90
"2021-01-17",,,,7
"2021-01-17","Las Riveras 2.0","Boxing Gloves","Gloves",90
"2021-01-17","Las Riveras 2.0","glove","Gloves",90
"2021-01-17","Las Riveras 2.0","combat","Gloves",90
"2021-01-17","Las Riveras 2.0","gloves","Gloves",90
"2021-01-17","Las Riveras 2.0","self defense","Gloves",90
"2021-01-18","Las Riveras 2.0","Boxing Gloves","Gloves",90
"2021-01-18","Vision Quest Men's Champion T-Shirt",,,43
"2021-01-18","Fire Red  T-shirt","shirt","T-Shirt",48.5
"2021-01-18","Fire Red  T-shirt","men","T-Shirt",48.5
"2021-01-18","Las Riveras 2.0","glove","Gloves",90
"2021-01-18","Las Riveras 2.0","combat","Gloves",90
"2021-01-18","Las Riveras 2.0","gloves","Gloves",90
"2021-01-18","Las Riveras 2.0","self defense","Gloves",90
"2021-01-18","Fire Red  T-shirt","Verishop","T-Shirt",48.5
"2021-01-18","Fire Red  T-shirt","t-shirt","T-Shirt",48.5
"2021-01-18","Fire Red  T-shirt","space","T-Shirt",48.5
"2021-01-18","Fire Red  T-shirt","tshirt","T-Shirt",48.5
"2021-01-18","Las Riveras 2.0","train","Gloves",90
"2021-01-18","Fire Red  T-shirt","women","T-Shirt",48.5
"2021-01-18","Las Riveras 2.0","boxing","Gloves",90
"2021-01-18","Fire Red  T-shirt","tee","T-Shirt",48.5
"2021-01-18",,,,7
"2021-01-18","Fire Red  T-shirt","unisex","T-Shirt",48.5
"2021-01-18","Las Riveras 2.0","box","Gloves",90
"2021-01-18","Las Riveras 2.0","fitness","Gloves",90
"2021-01-18","Fire Red  T-shirt","red","T-Shirt",48.5
"2021-01-18","Las Riveras 2.0","fight","Gloves",90
"2021-01-19",,,,0
"2021-01-20",,,,0
"2021-01-21",,,,3.99
"2021-01-21","New Stay Up Unisex  Tank Top","balloon","Tank Top",20
"2021-01-21","New Stay Up Unisex  Tank Top","stay","Tank Top",20
"2021-01-21","New Stay Up Unisex  Tank Top","Tank Top","Tank Top",20
"2021-01-21","New Stay Up Unisex  Tank Top","Splash","Tank Top",20
"2021-01-22",,,,0
"2021-01-23",,,,0
"2021-01-24",,,,0
"2021-01-25",,,,0
"2021-01-26",,,,0
"2021-01-27",,,,0
"2021-01-28",,,,0
"2021-01-29",,,,0
"2021-01-30",,,,0
"2021-01-31",,,,0
"2021-02-01",,,,0
"2021-02-02","LFX FS Ras Dye Unisex Hoodie","long sleeve","Sweaters/Hoodies",30.75
"2021-02-02","Cheese Organic ribbed beanie","beanies","Beanies",18
"2021-02-02","Cheese Organic ribbed beanie","beanie","Beanies",18
"2021-02-02","Tropicamo Crop Top","under","T",26.25
"2021-02-02","Tropicamo Crop Top","women","T",26.25
"2021-02-02","LFX FS Ras Dye Unisex Hoodie","hoodie","Sweaters/Hoodies",30.75
"2021-02-02","LFX FS Ras Dye Unisex Hoodie","hood","Sweaters/Hoodies",30.75
"2021-02-02","Tropicamo Crop Top","top","T",26.25
"2021-02-02","LFX FS Ras Dye Unisex Hoodie","sleeve","Sweaters/Hoodies",30.75
"2021-02-02","Tropicamo Crop Top","ladies","T",26.25
"2021-02-02","Tropicamo Short Shorts","shorts","Shorts",30
"2021-02-02","LFX FS Ras Dye Unisex Hoodie","forgotten secret","Sweaters/Hoodies",30.75
"2021-02-02","LFX FS Ras Dye Unisex Hoodie","secret","Sweaters/Hoodies",30.75
"2021-02-02","Tropicamo Crop Top","tropical","T",26.25
"2021-02-02","Tropicamo Short Shorts","fitness","Shorts",30
"2021-02-02","LFX FS Ras Dye Unisex Hoodie","forgotten","Sweaters/Hoodies",30.75
"2021-02-02","LFX FS Ras Dye Unisex Hoodie","yute","Sweaters/Hoodies",30.75
"2021-02-02","LFX FS Ras Dye Unisex Hoodie","fs","Sweaters/Hoodies",30.75
"2021-02-02","Tropicamo Crop Top","lady","T",26.25
"2021-02-02","LFX FS Ras Dye Unisex Hoodie","lfxnyc","Sweaters/Hoodies",30.75
"2021-02-02","Tropicamo Crop Top","summer","T",26.25
"2021-02-02","Tropicamo Crop Top","tank","T",26.25
"2021-02-02","Tropicamo Short Shorts","womens","Shorts",30
"2021-02-02","LFX FS Ras Dye Unisex Hoodie","red","Sweaters/Hoodies",30.75
"2021-02-02","Tropicamo Crop Top","girls","T",26.25
"2021-02-02","Cheese Organic ribbed beanie","hat","Beanies",18
"2021-02-02","LFX FS Ras Dye Unisex Hoodie","rasta","Sweaters/Hoodies",30.75
"2021-02-02","Tropicamo Crop Top","crop","T",26.25
"2021-02-02",,,,12.48
"2021-02-02","Tropicamo Short Shorts","sports","Shorts",30
"2021-02-02","Tropicamo Crop Top","womens","T",26.25
"2021-02-02","Tropicamo Short Shorts","gym","Shorts",30
"2021-02-02","Tropicamo Short Shorts","workout","Shorts",30
"2021-02-02","Cheese Organic ribbed beanie","verishop","Beanies",18
"2021-02-02","Tropicamo Crop Top","tanktop","T",26.25
"2021-02-02","Tropicamo Short Shorts","mens","Shorts",30
"2021-02-02","LFX FS Ras Dye Unisex Hoodie","long","Sweaters/Hoodies",30.75
"2021-02-03",,,,0
"2021-02-04",,,,0
"2021-02-05",,,,0
"2021-02-06",,,,0
"2021-02-07",,,,0
"2021-02-08",,,,0
"2021-02-09",,,,0
"2021-02-10",,,,0
"2021-02-11",,,,0
"2021-02-12",,,,0
"2021-02-13",,,,0
"2021-02-14",,,,0
"2021-02-15",,,,0
"2021-02-16",,,,0
"2021-02-17",,,,0
"2021-02-18",,,,0
"2021-02-19",,,,0
"2021-02-20",,,,0
"2021-02-21",,,,0
"2021-02-22",,,,4.32
"2021-02-22","Skeye T-Shirt","t","T-Shirt",44.98
"2021-02-22","Skeye T-Shirt","sleeve","T-Shirt",44.98
"2021-02-22","Skeye T-Shirt","T-shirts","T-Shirt",44.98
"2021-02-22","Skeye T-Shirt","short","T-Shirt",44.98
"2021-02-22","Skeye T-Shirt","Verishop","T-Shirt",44.98
"2021-02-22","Skeye T-Shirt","space","T-Shirt",44.98
"2021-02-22","Skeye T-Shirt","T-shirt","T-Shirt",44.98
"2021-02-22","Skeye T-Shirt","tee","T-Shirt",44.98
"2021-02-22","Skeye T-Shirt","shirt","T-Shirt",44.98
"2021-02-22","Skeye T-Shirt","floater","T-Shirt",44.98
"2021-02-23",,,,0
"2021-02-24",,,,430
"2021-02-25",,,,0
"2021-02-26","FS VQ Packable Jacket","jacket","Jackets",46.06
"2021-02-26","FS VQ Packable Jacket","break","Jackets",46.06
"2021-02-26","FS VQ Packable Jacket","packable","Jackets",46.06
"2021-02-26","Vision Quest Hoodie",,,56.5
"2021-02-26","FS VQ Packable Jacket","pack","Jackets",46.06
"2021-02-26","FS VQ Packable Jacket","top","Jackets",46.06
"2021-02-26","FS VQ Packable Jacket","widn","Jackets",46.06
"2021-02-26","FS VQ Packable Jacket","wind","Jackets",46.06
"2021-02-26","FS VQ Packable Jacket","longsleeve","Jackets",46.06
"2021-02-26","FS VQ Packable Jacket","breaker","Jackets",46.06
"2021-02-26",,,,5.63
"2021-02-27",,,,0
"2021-02-28",,,,0
"2021-03-01",,,,0
"2021-03-02",,,,0
"2021-03-03",,,,0
"2021-03-04",,,,0
"2021-03-05",,,,0
"2021-03-06",,,,0
"2021-03-07","Floater Unisex Joggers","Sweats","Pants",45.52
"2021-03-07","Floater Unisex Joggers","bottom","Pants",45.52
"2021-03-07",,,,0
"2021-03-07","Floater Unisex Joggers","Verishop","Pants",45.52
"2021-03-07","Floater Unisex Joggers","Sweatpants","Pants",45.52
"2021-03-07","Floater Unisex Joggers","Joggers","Pants",45.52
"2021-03-07","Floater Unisex Joggers","Pants","Pants",45.52
"2021-03-08",,,,0
"2021-03-09",,,,1152
"2021-03-10",,,,0
"2021-03-11",,,,0
"2021-03-12",,,,0
"2021-03-13",,,,0
"2021-03-14",,,,0
"2021-03-15",,,,0
"2021-03-16","FS WAVE Unisex Sweatshirt","top","Sweaters/Hoodies",48.77
"2021-03-16","FS WAVE Unisex Sweatshirt","face","Sweaters/Hoodies",48.77
"2021-03-16","FS WAVE Unisex Sweatshirt","sweat","Sweaters/Hoodies",48.77
"2021-03-16","FS WAVE Unisex Sweatshirt","Sweatshirts","Sweaters/Hoodies",48.77
"2021-03-16","FS WAVE Unisex Sweatshirt","sleeve","Sweaters/Hoodies",48.77
"2021-03-16","FS WAVE Unisex Sweatshirt","forgotten","Sweaters/Hoodies",48.77
"2021-03-16","FS WAVE Unisex Sweatshirt","balloon","Sweaters/Hoodies",48.77
"2021-03-16","FS VQ Packable Jacket","wind","Jackets",58.52
"2021-03-16","FS VQ Packable Jacket","longsleeve","Jackets",58.52
"2021-03-16","FS VQ Packable Jacket","widn","Jackets",58.52
"2021-03-16","FS WAVE Unisex Sweatshirt","fs","Sweaters/Hoodies",48.77
"2021-03-16",,,,0
"2021-03-16","FS WAVE Unisex Sweatshirt","shirt","Sweaters/Hoodies",48.77
"2021-03-16","FS VQ Packable Jacket","breaker","Jackets",58.52
"2021-03-16","FS WAVE Unisex Sweatshirt","red","Sweaters/Hoodies",48.77
"2021-03-16","FS VQ Packable Jacket","jacket","Jackets",58.52
"2021-03-16","FS WAVE Unisex Sweatshirt","smile","Sweaters/Hoodies",48.77
"2021-03-16","FS VQ Packable Jacket","pack","Jackets",58.52
"2021-03-16","FS WAVE Unisex Sweatshirt","shirts","Sweaters/Hoodies",48.77
"2021-03-16","FS VQ Packable Jacket","break","Jackets",58.52
"2021-03-16","FS VQ Packable Jacket","top","Jackets",58.52
"2021-03-16","FS VQ Packable Jacket","packable","Jackets",58.52
"2021-03-16","FS WAVE Unisex Sweatshirt","secret","Sweaters/Hoodies",48.77
"2021-03-16","FS WAVE Unisex Sweatshirt","long","Sweaters/Hoodies",48.77
"2021-03-17",,,,0
"2021-03-18",,,,0
"2021-03-19","LFX FS Bleu Unisex Hoodie","hoodies","Sweaters/Hoodies",66.07
"2021-03-19","Vintage Cotton Twill Cap","hats","Dad Hats",55.04
"2021-03-19","Vintage Cotton Twill Cap","floater","Dad Hats",55.04
"2021-03-19","LMNT 2.0 Crewneck Sweatshirt","Men's Clothing","Sweaters/Hoodies",55.92
"2021-03-19","LFX FS Bleu Unisex Hoodie","sleeve","Sweaters/Hoodies",66.07
"2021-03-19","Fire Red Womens' Shorts","clothing","Underwear",59.28
"2021-03-19","LMNT 2.0 Crewneck Sweatshirt","Regular fit","Sweaters/Hoodies",55.92
"2021-03-19","Women’s “I CAN DO BAD BY MYSELF” Crop Hoodie","sleeve","Hoodie",66.07
"2021-03-19","LMNT 2.0 Crewneck Sweatshirt","Crew neck","Sweaters/Hoodies",55.92
"2021-03-19","LFX FS Bleu Unisex Hoodie","forgotten","Sweaters/Hoodies",66.07
"2021-03-19","LMNT 2.0 Crewneck Sweatshirt","Women's Clothing","Sweaters/Hoodies",55.92
"2021-03-19","Women’s “I CAN DO BAD BY MYSELF” Crop Hoodie","sweats","Hoodie",66.07
"2021-03-19","LFX FS Bleu Unisex Hoodie","blue","Sweaters/Hoodies",66.07
"2021-03-19","Women’s “I CAN DO BAD BY MYSELF” Crop Hoodie","Crop Top","Hoodie",66.07
"2021-03-19","LMNT 2.0 Crewneck Sweatshirt","sweats","Sweaters/Hoodies",55.92
"2021-03-19","LFX FS Bleu Unisex Hoodie","navy","Sweaters/Hoodies",66.07
"2021-03-19","Vintage Cotton Twill Cap","dad hats","Dad Hats",55.04
"2021-03-19","LFX FS Bleu Unisex Hoodie","hood","Sweaters/Hoodies",66.07
"2021-03-19","LMNT 2.0 Crewneck Sweatshirt","DTG","Sweaters/Hoodies",55.92
"2021-03-19","Fire Red Womens' Shorts","underware","Underwear",59.28
"2021-03-19","Women’s “I CAN DO BAD BY MYSELF” Crop Hoodie","hood","Hoodie",66.07
"2021-03-19","Vintage Cotton Twill Cap","dadhats","Dad Hats",55.04
"2021-03-19","LFX FS Bleu Unisex Hoodie","fs","Sweaters/Hoodies",66.07
"2021-03-19","LMNT 2.0 Crewneck Sweatshirt","Sweatshirts","Sweaters/Hoodies",55.92
"2021-03-19","Fire Red Womens' Shorts","briefs","Underwear",59.28
"2021-03-19","LMNT 2.0 Crewneck Sweatshirt","sleeve","Sweaters/Hoodies",55.92
"2021-03-19","Vintage Cotton Twill Cap","lonelyfloater","Dad Hats",55.04
"2021-03-19","LMNT 2.0 Crewneck Sweatshirt","kneck","Sweaters/Hoodies",55.92
"2021-03-19","LMNT 2.0 Crewneck Sweatshirt","lamont","Sweaters/Hoodies",55.92
"2021-03-19","Women’s “I CAN DO BAD BY MYSELF” Crop Hoodie","long","Hoodie",66.07
"2021-03-19","Fire Red Womens' Shorts","under","Underwear",59.28
"2021-03-19","Women’s “I CAN DO BAD BY MYSELF” Crop Hoodie","CropTop Hoodie","Hoodie",66.07
"2021-03-19","Fire Red Womens' Shorts","ware","Underwear",59.28
"2021-03-19","LMNT 2.0 Crewneck Sweatshirt","long","Sweaters/Hoodies",55.92
"2021-03-19","Fire Red Womens' Shorts","briegs","Underwear",59.28
"2021-03-19","Women’s “I CAN DO BAD BY MYSELF” Crop Hoodie","top","Hoodie",66.07
"2021-03-19","LMNT 2.0 Crewneck Sweatshirt","longesleeve","Sweaters/Hoodies",55.92
"2021-03-19","Fire Red Womens' Shorts","cheeky-briefs","Underwear",59.28
"2021-03-19","Women’s “I CAN DO BAD BY MYSELF” Crop Hoodie","sweat","Hoodie",66.07
"2021-03-19","LMNT 2.0 Crewneck Sweatshirt","2.0","Sweaters/Hoodies",55.92
"2021-03-19","Vintage Cotton Twill Cap","dadhat","Dad Hats",55.04
"2021-03-19","Women’s “I CAN DO BAD BY MYSELF” Crop Hoodie","crop","Hoodie",66.07
"2021-03-19","LMNT 2.0 Crewneck Sweatshirt","sweater","Sweaters/Hoodies",55.92
"2021-03-19","Fire Red Womens' Shorts","women","Underwear",59.28
"2021-03-19",,,,14
"2021-03-19","LFX FS Bleu Unisex Hoodie","lfxnyc","Sweaters/Hoodies",66.07
"2021-03-19","Fire Red Womens' Shorts","underwear","Underwear",59.28
"2021-03-19","LFX FS Bleu Unisex Hoodie","long","Sweaters/Hoodies",66.07
"2021-03-19","Fire Red Womens' Shorts","shorts","Underwear",59.28
"2021-03-19","LMNT 2.0 Crewneck Sweatshirt","crew","Sweaters/Hoodies",55.92
"2021-03-19","Fire Red Womens' Shorts","cheek","Underwear",59.28
"2021-03-19","LFX FS Bleu Unisex Hoodie","sleev","Sweaters/Hoodies",66.07
"2021-03-19","LFX FS Bleu Unisex Hoodie","secret","Sweaters/Hoodies",66.07
"2021-03-19","Vintage Cotton Twill Cap","cap","Dad Hats",55.04
"2021-03-19","LFX FS Bleu Unisex Hoodie","hoodie","Sweaters/Hoodies",66.07
"2021-03-19","LMNT 2.0 Crewneck Sweatshirt","yellow","Sweaters/Hoodies",55.92
"2021-03-19","Women’s “I CAN DO BAD BY MYSELF” Crop Hoodie","women","Hoodie",66.07
"2021-03-19","Women’s “I CAN DO BAD BY MYSELF” Crop Hoodie","Hoodie","Hoodie",66.07
"2021-03-19","Vintage Cotton Twill Cap","caps","Dad Hats",55.04
"2021-03-20",,,,0
"2021-03-20","Custom Rash Guard",,,76
"2021-03-21",,,,0
"2021-03-22",,,,0
"2021-03-23",,,,0
"2021-03-24","FS GEN2 BLK","Dad Hats","Dad Hats",21
"2021-03-24","FS GEN2 BLK","Balloon","Dad Hats",21
"2021-03-24",,,,4.68
"2021-03-24","FS GEN2 BLK","red","Dad Hats",21
"2021-03-24","FS GEN2 BLK","Verishop","Dad Hats",21
"2021-03-24","FS GEN2 BLK","black","Dad Hats",21
"2021-03-25",,,,0
"2021-03-26",,,,0
"2021-03-27",,,,0
"2021-03-28",,,,0
"2021-03-29",,,,0
"2021-03-30",,,,0
"2021-03-31",,,,0
"2021-04-01",,,,11.68
"2021-04-01","Tropicamo Short Shorts","fitness","Shorts",42
"2021-04-01","Tropicamo Short Shorts","gym","Shorts",42
"2021-04-01","Stay Up Unisex T-Shirt","tee","T-Shirt",50
"2021-04-01","Stay Up Unisex T-Shirt","T-shirt","T-Shirt",50
"2021-04-01","Tropicamo Short Shorts","shorts","Shorts",42
"2021-04-01","√AllEviL Tee","t","T-Shirt",26.5
"2021-04-01","√AllEviL Tee","shirt","T-Shirt",26.5
"2021-04-01","√AllEviL Tee","t shirt","T-Shirt",26.5
"2021-04-01","Tropicamo Short Shorts","mens","Shorts",42
"2021-04-01","√AllEviL Tee","tee","T-Shirt",26.5
"2021-04-01","Stay Up Unisex T-Shirt","Splash","T-Shirt",50
"2021-04-01","Tropicamo Short Shorts","sports","Shorts",42
"2021-04-01","√AllEviL Tee","Graphic Tee","T-Shirt",26.5
"2021-04-01","Tropicamo Short Shorts","workout","Shorts",42
"2021-04-01","Stay Up Unisex T-Shirt","shirt","T-Shirt",50
"2021-04-01","Stay Up Unisex T-Shirt","t","T-Shirt",50
"2021-04-01","Tropicamo Short Shorts","womens","Shorts",42
"2021-04-01","√AllEviL Tee","Short-Sleeve","T-Shirt",26.5
"2021-04-02",,,,0
"2021-04-03",,,,0
"2021-04-04",,,,0
"2021-04-05",,,,0
"2021-04-06",,,,0
"2021-04-07",,,,0
"2021-04-08","SdubD ""Moonlight Mirage"" Event Long Sleeve T Shirt - dnu",,,35.5
"2021-04-08",,,,3.99
"2021-04-09",,,,0
"2021-04-10",,,,0
"2021-04-11","Vanta FS Dad hat","secret","Dad Hats",35.38
"2021-04-11","Vanta FS Dad hat","dadhats","Dad Hats",35.38
"2021-04-11","Vanta FS Dad hat","Verishop","Dad Hats",35.38
"2021-04-11","Vanta FS Dad hat","dad hat","Dad Hats",35.38
"2021-04-11","Vanta FS Dad hat","hats","Dad Hats",35.38
"2021-04-11","Vanta FS Dad hat","hat","Dad Hats",35.38
"2021-04-11","Vanta FS Dad hat","forgotten","Dad Hats",35.38
"2021-04-11",,,,4.34
"2021-04-11","Vanta FS Dad hat","dadhat","Dad Hats",35.38
"2021-04-11","Vanta FS Dad hat","fs","Dad Hats",35.38
"2021-04-12",,,,0
"2021-04-13","FS GEN2 BLU","Dad Hats","Dad Hats",27.99
"2021-04-13","FS GEN2 BLU","Balloon","Dad Hats",27.99
"2021-04-13","FS GEN2 BLU","blue","Dad Hats",27.99
"2021-04-13",,,,0
"2021-04-13","FS GEN2 BLU","Verishop","Dad Hats",27.99
"2021-04-13","FS GEN2 BLU","red","Dad Hats",27.99
"2021-04-14",,,,0
"2021-04-15",,,,0
"2021-04-16",,,,0
"2021-04-17",,,,0
"2021-04-18",,,,0
"2021-04-19",,,,0
"2021-04-20",,,,0
"2021-04-21",,,,0
"2021-04-22",,,,0
"2021-04-23",,,,0
"2021-04-24","FS GEN2 BLU","blue","Dad Hats",30.3
"2021-04-24","FS GEN2 BLU","Verishop","Dad Hats",30.3
"2021-04-24","FS GEN2 BLU","red","Dad Hats",30.3
"2021-04-24",,,,0
"2021-04-24","FS GEN2 BLU","Dad Hats","Dad Hats",30.3
"2021-04-24","FS GEN2 BLU","Balloon","Dad Hats",30.3
"2021-04-25",,,,0
"2021-04-26","Floater Jersey","51","Jersey",60
"2021-04-26","Floater Jersey","stripes","Jersey",60
"2021-04-26","Floater Jersey","moon","Jersey",60
"2021-04-26","Floater Jersey","jersey","Jersey",60
"2021-04-26","Floater Jersey","Verishop","Jersey",60
"2021-04-26","Floater Jersey","floater","Jersey",60
"2021-04-26","Floater Jersey","humvn","Jersey",60
"2021-04-26","Floater Jersey","red","Jersey",60
"2021-04-26","Floater Jersey","still","Jersey",60
"2021-04-26","Floater Jersey","black","Jersey",60
"2021-04-27",,,,3.99
"2021-04-27","Stay Up Unisex T-Shirt","t","T-Shirt",26.69
"2021-04-27","SdubD ""Moonlight Mirage"" Event Long Sleeve T Shirt - dnu",,,25.5
"2021-04-27","Stay Up Unisex T-Shirt","tee","T-Shirt",26.69
"2021-04-27","Stay Up Unisex T-Shirt","T-shirt","T-Shirt",26.69
"2021-04-27","Stay Up Unisex T-Shirt","Splash","T-Shirt",26.69
"2021-04-27","Stay Up Unisex T-Shirt","shirt","T-Shirt",26.69
"2021-04-28","Floater Unisex Joggers","Verishop","Pants",42
"2021-04-28","Floater Unisex Joggers","Sweatpants","Pants",42
"2021-04-28","Floater Unisex Joggers","Pants","Pants",42
"2021-04-28","Floater Unisex Joggers","Joggers","Pants",42
"2021-04-28","Floater Unisex Joggers","Sweats","Pants",42
"2021-04-28","SdubD ""Dubby"" Bucket Hat",,,29
"2021-04-28",,,,10.99
"2021-04-28","SdubD Bucket Hat",,,27.5
"2021-04-28","Floater Unisex Joggers","bottom","Pants",42
"2021-04-29","SdubD ""Moonlight Mirage"" Event Long Sleeve T Shirt - dnu",,,71
"2021-04-29",,,,3.99
"2021-04-30",,,,0
"2021-05-01",,,,0
"2021-05-02",,,,0
"2021-05-03",,,,0
"2021-05-04",,,,0
"2021-05-05",,,,0
"2021-05-06",,,,0
"2021-05-07",,,,0
"2021-05-08",,,,0
"2021-05-09",,,,0
"2021-05-10",,,,0
"2021-05-11",,,,0
"2021-05-12","STILL HUMVN Jersey","51","Jersey",35.3
"2021-05-12","STILL HUMVN Jersey","moon","Jersey",35.3
"2021-05-12",,,,0
"2021-05-12","STILL HUMVN Jersey","jersey","Jersey",35.3
"2021-05-12","STILL HUMVN Jersey","still","Jersey",35.3
"2021-05-12","STILL HUMVN Jersey","black","Jersey",35.3
"2021-05-12","STILL HUMVN Jersey","Verishop","Jersey",35.3
"2021-05-12","STILL HUMVN Jersey","humvn","Jersey",35.3
"2021-05-13","FS GEN2  CMO","Verishop","Dad Hats",30.2
"2021-05-13","FS GEN2  CMO","Dad Hats","Dad Hats",30.2
"2021-05-13","FS GEN2  CMO","denim","Dad Hats",30.2
"2021-05-13",,,,737
"2021-05-13","FS GEN2  CMO","red","Dad Hats",30.2
"2021-05-13","FS GEN2  CMO","Balloon","Dad Hats",30.2
"2021-05-13","FS GEN2  CMO","camo","Dad Hats",30.2
"2021-05-14","BOLO Clarke Five Panel Cap","lfxnyc","5-Panel",27
"2021-05-14","BOLO Clarke Five Panel Cap","hat","5-Panel",27
"2021-05-14","LFxNYC Sticker Pack","Splash","Accessories",9
"2021-05-14","BOLO Clarke Five Panel Cap","Splash","5-Panel",27
"2021-05-14","BOLO Clarke Five Panel Cap","lonely","5-Panel",27
"2021-05-14","BOLO Clarke Five Panel Cap","5-Panel","5-Panel",27
"2021-05-14",,,,0
"2021-05-14","LFxNYC Sticker Pack","lonely","Accessories",9
"2021-05-14","LFxNYC Sticker Pack","Accessories","Accessories",9
"2021-05-14","BOLO Clarke Five Panel Cap","floater","5-Panel",27
"2021-05-14","LFxNYC Sticker Pack","floater","Accessories",9
"2021-05-14","LFxNYC Sticker Pack","stickers","Accessories",9
"2021-05-15",,,,0
"2021-05-16",,,,230
"2021-05-17","LF Fishscale Monogram Tag Backpack","bags","Bags",48.99
"2021-05-17","LF Fishscale Monogram Tag Backpack","pack","Bags",48.99
"2021-05-17",,,,0
"2021-05-17","LF Fishscale Monogram Tag Backpack","backpack","Bags",48.99
"2021-05-17","LF Fishscale Monogram Tag Backpack","books","Bags",48.99
"2021-05-17","LF Fishscale Monogram Tag Backpack","bag","Bags",48.99
"2021-05-17","LF Fishscale Monogram Tag Backpack","bookbag","Bags",48.99
"2021-05-17","LF Fishscale Monogram Tag Backpack","monogram","Bags",48.99
"2021-05-17","LF Fishscale Monogram Tag Backpack","book","Bags",48.99
"2021-05-17","LF Fishscale Monogram Tag Backpack","Verishop","Bags",48.99
"2021-05-17","LF Fishscale Monogram Tag Backpack","travel","Bags",48.99
"2021-05-17","LF Fishscale Monogram Tag Backpack","fishscale","Bags",48.99
"2021-05-17","LF Fishscale Monogram Tag Backpack","back","Bags",48.99
"2021-05-18",,,,0
"2021-05-19",,,,0
"2021-05-20",,,,0
"2021-05-21",,,,864
"2021-05-22",,,,0
"2021-05-23",,,,0
"2021-05-24",,,,0
"2021-05-25","Lamont GEN2","Dad Hats","Dad Hats",20
"2021-05-25","Floater Jersey","jersey","Jersey",20
"2021-05-25","Floater Jersey","moon","Jersey",20
"2021-05-25","FS GEN2  RED","Verishop","Dad Hats",20
"2021-05-25","Floater Jersey","stripes","Jersey",20
"2021-05-25","Lamont GEN2","denim","Dad Hats",20
"2021-05-25","Lamont GEN2","camo","Dad Hats",20
"2021-05-25","Lamont GEN2","red","Dad Hats",20
"2021-05-25","Lamont GEN2","Balloon","Dad Hats",20
"2021-05-25","Floater Jersey","red","Jersey",20
"2021-05-25","Floater Jersey","humvn","Jersey",20
"2021-05-25","FS GEN2  RED","Dad Hats","Dad Hats",20
"2021-05-25","Floater Jersey","floater","Jersey",20
"2021-05-25","Floater Jersey","Verishop","Jersey",20
"2021-05-25","FS GEN2  RED","red","Dad Hats",20
"2021-05-25","FS GEN2  RED","Balloon","Dad Hats",20
"2021-05-25","Floater Jersey","black","Jersey",20
"2021-05-25","Floater Jersey","still","Jersey",20
"2021-05-25","Floater Jersey","51","Jersey",20
"2021-05-26",,,,0
"2021-05-27","FS GEN2 BLK","black","Dad Hats",27.99
"2021-05-27","FS GEN2 BLK","Verishop","Dad Hats",27.99
"2021-05-27","FS GEN2 BLK","red","Dad Hats",27.99
"2021-05-27","FS GEN2 BLK","Balloon","Dad Hats",27.99
"2021-05-27",,,,0
"2021-05-27","FS GEN2 BLK","Dad Hats","Dad Hats",27.99
"2021-05-28",,,,0
"2021-05-29",,,,0
"2021-05-30",,,,0
"2021-05-31","STILL HUMVN Jersey","moon","Jersey",-35.3
"2021-05-31","STILL HUMVN Jersey","51","Jersey",-35.3
"2021-05-31","STILL HUMVN Jersey","humvn","Jersey",-35.3
"2021-05-31","STILL HUMVN Jersey","Verishop","Jersey",-35.3
"2021-05-31","STILL HUMVN Jersey","black","Jersey",-35.3
"2021-05-31","STILL HUMVN Jersey","jersey","Jersey",-35.3
"2021-05-31","STILL HUMVN Jersey","still","Jersey",-35.3
"2021-06-01",,,,0
"2021-06-02",,,,0
"2021-06-03",,,,0
"2021-06-04",,,,0
"2021-06-05",,,,0
"2021-06-06",,,,0
"2021-06-07",,,,0
"2021-06-08",,,,0
"2021-06-09",,,,0
"2021-06-10","Money Press Short-Sleeve Unisex T-Shirt","t shirt","T-Shirt",37.76
"2021-06-10","Money Press Short-Sleeve Unisex T-Shirt","t","T-Shirt",37.76
"2021-06-10","Money Press Short-Sleeve Unisex T-Shirt","Tee","T-Shirt",37.76
"2021-06-10","Money Press Short-Sleeve Unisex T-Shirt","tshirt","T-Shirt",37.76
"2021-06-10","Money Press Short-Sleeve Unisex T-Shirt","evil","T-Shirt",37.76
"2021-06-10","Money Press Short-Sleeve Unisex T-Shirt","Sleeve","T-Shirt",37.76
"2021-06-10","Money Press Short-Sleeve Unisex T-Shirt","Short","T-Shirt",37.76
"2021-06-10","New Stay Up Unisex  Tank Top","Splash","Tank Top",20.67
"2021-06-10","New Stay Up Unisex  Tank Top","Tank Top","Tank Top",20.67
"2021-06-10","Float Old School Bucket Hat","Verishop","Hat",30.41
"2021-06-10","Float Old School Bucket Hat","hat","Hat",30.41
"2021-06-10","New Stay Up Unisex  Tank Top","balloon","Tank Top",20.67
"2021-06-10","Float Old School Bucket Hat","har","Hat",30.41
"2021-06-10","Money Press Short-Sleeve Unisex T-Shirt","Money","T-Shirt",37.76
"2021-06-10","Float Old School Bucket Hat","balloon","Hat",30.41
"2021-06-10","Money Press Short-Sleeve Unisex T-Shirt","all","T-Shirt",37.76
"2021-06-10","New Stay Up Unisex  Tank Top","stay","Tank Top",20.67
"2021-06-10","Money Press Short-Sleeve Unisex T-Shirt","EVeil","T-Shirt",37.76
"2021-06-10","Money Press Short-Sleeve Unisex T-Shirt","Shirt","T-Shirt",37.76
"2021-06-10","Float Old School Bucket Hat","bucket","Hat",30.41
"2021-06-10",,,,7.59
"2021-06-10","Float Old School Bucket Hat","float","Hat",30.41
"2021-06-11",,,,0
"2021-06-12",,,,0
"2021-06-13","Vanta FS Dad hat","forgotten","Dad Hats",35.18
"2021-06-13","Vanta FS Dad hat","dad hat","Dad Hats",35.18
"2021-06-13",,,,0
"2021-06-13","Vanta FS Dad hat","secret","Dad Hats",35.18
"2021-06-13","Vanta FS Dad hat","dadhats","Dad Hats",35.18
"2021-06-13","Vanta FS Dad hat","hats","Dad Hats",35.18
"2021-06-13","Vanta FS Dad hat","hat","Dad Hats",35.18
"2021-06-13","Vanta FS Dad hat","Verishop","Dad Hats",35.18
"2021-06-13","Vanta FS Dad hat","dadhat","Dad Hats",35.18
"2021-06-13","Vanta FS Dad hat","fs","Dad Hats",35.18
"2021-06-14",,,,0
"2021-06-15","Strange Vibez 2.0 Men's Champion T-Shirt",,,39
"2021-06-15",,,,7
"2021-06-15","Vanta FS Dad hat","Verishop","Dad Hats",32.5
"2021-06-15","Vanta FS Dad hat","hat","Dad Hats",32.5
"2021-06-15","Vanta FS Dad hat","hats","Dad Hats",32.5
"2021-06-15","Vanta FS Dad hat","dadhats","Dad Hats",32.5
"2021-06-15","Vanta FS Dad hat","secret","Dad Hats",32.5
"2021-06-15","Vanta FS Dad hat","dad hat","Dad Hats",32.5
"2021-06-15","Vanta FS Dad hat","fs","Dad Hats",32.5
"2021-06-15","Vanta FS Dad hat","forgotten","Dad Hats",32.5
"2021-06-15","Vanta FS Dad hat","dadhat","Dad Hats",32.5
"2021-06-16","Vanta FS Dad hat","dadhats","Dad Hats",35.66
"2021-06-16","FS GEN2  CMO","Dad Hats","Dad Hats",32.93
"2021-06-16","Vanta FS Dad hat","secret","Dad Hats",35.66
"2021-06-16","Vanta FS Dad hat","dad hat","Dad Hats",35.66
"2021-06-16","Vanta FS Dad hat","forgotten","Dad Hats",35.66
"2021-06-16","Vanta FS Dad hat","hat","Dad Hats",35.66
"2021-06-16","FS GEN2  CMO","Verishop","Dad Hats",32.93
"2021-06-16","Vanta FS Dad hat","hats","Dad Hats",35.66
"2021-06-16","FS GEN2  CMO","red","Dad Hats",32.93
"2021-06-16","FS GEN2  CMO","camo","Dad Hats",32.93
"2021-06-16",,,,0
"2021-06-16","Vanta FS Dad hat","Verishop","Dad Hats",35.66
"2021-06-16","Vanta FS Dad hat","fs","Dad Hats",35.66
"2021-06-16","FS GEN2  CMO","denim","Dad Hats",32.93
"2021-06-16","Vanta FS Dad hat","dadhat","Dad Hats",35.66
"2021-06-16","FS GEN2  CMO","Balloon","Dad Hats",32.93
"2021-06-17",,,,0
"2021-06-18",,,,0
"2021-06-19",,,,0
"2021-06-20",,,,0
"2021-06-21",,,,0
"2021-06-22",,,,0
"2021-06-23",,,,0
"2021-06-24",,,,4.38
"2021-06-24","Ly Vintage Cotton Twill Cap",,,31.43
"2021-06-25","Camo Floater Raglan Tee","floater","Shirt",27.99
"2021-06-25","Camo Floater Raglan Tee","Verishop","Shirt",27.99
"2021-06-25","STILL HUMVN Jersey","51","Jersey",32.99
"2021-06-25","STILL HUMVN Jersey","moon","Jersey",32.99
"2021-06-25","Camo Floater Raglan Tee","camo","Shirt",27.99
"2021-06-25","Camo Floater Raglan Tee","camoflauge","Shirt",27.99
"2021-06-25","STILL HUMVN Jersey","black","Jersey",32.99
"2021-06-25","Camo Floater Raglan Tee","shirt","Shirt",27.99
"2021-06-25","STILL HUMVN Jersey","humvn","Jersey",32.99
"2021-06-25","STILL HUMVN Jersey","Verishop","Jersey",32.99
"2021-06-25","Camo Floater Raglan Tee","baseball","Shirt",27.99
"2021-06-25",,,,7
"2021-06-25","STILL HUMVN Jersey","jersey","Jersey",32.99
"2021-06-25","STILL HUMVN Jersey","still","Jersey",32.99
"2021-06-25","Camo Floater Raglan Tee","tee","Shirt",27.99
"2021-06-26",,,,0
"2021-06-27",,,,0
"2021-06-28",,,,0
"2021-06-29",,,,1258
"2021-06-30",,,,460
"2021-07-01",,,,250
"2021-07-02",,,,0
"2021-07-03",,,,0
"2021-07-04",,,,0
"2021-07-04","FS GEN2  CMO","Dad Hats","Dad Hats",27.99
"2021-07-04","FS GEN2  CMO","Verishop","Dad Hats",27.99
"2021-07-04","FS GEN2  CMO","red","Dad Hats",27.99
"2021-07-04","FS GEN2  CMO","camo","Dad Hats",27.99
"2021-07-04","FS GEN2  CMO","denim","Dad Hats",27.99
"2021-07-04","FS GEN2  CMO","Balloon","Dad Hats",27.99
"2021-07-05",,,,0
"2021-07-06","FS GEN2  CMO","denim","Dad Hats",-27.99
"2021-07-06","FS GEN2  CMO","Balloon","Dad Hats",-27.99
"2021-07-06","FS GEN2  CMO","red","Dad Hats",-27.99
"2021-07-06","FS GEN2  CMO","camo","Dad Hats",-27.99
"2021-07-06","FS GEN2  CMO","Verishop","Dad Hats",-27.99
"2021-07-06","FS GEN2  CMO","Dad Hats","Dad Hats",-27.99
"2021-07-07",,,,0
"2021-07-08",,,,0
"2021-07-09",,,,0
"2021-07-10",,,,0
"2021-07-11","Not a Day Unisex Hoodie",,,66
"2021-07-11",,,,7
"2021-07-12",,,,0
"2021-07-13",,,,0
"2021-07-14","OG Yellow Camo Duffy","storage","Bags",47
"2021-07-14","OG Yellow Camo Duffy","travel","Bags",47
"2021-07-14","OG Yellow Camo Duffy","bag","Bags",47
"2021-07-14","OG Yellow Camo Duffy","pacl","Bags",47
"2021-07-14","OG Yellow Camo Duffy","Accessories","Bags",47
"2021-07-14","OG Yellow Camo Duffy","duffle bag","Bags",47
"2021-07-14","OG Yellow Camo Duffy","yellow","Bags",47
"2021-07-14","OG Yellow Camo Duffy","camouflage","Bags",47
"2021-07-14","OG Yellow Camo Duffy","pack","Bags",47
"2021-07-14","OG Yellow Camo Duffy","duffy","Bags",47
"2021-07-14",,,,7
"2021-07-14","OG Yellow Camo Duffy","camo","Bags",47
"2021-07-15",,,,-1.5
"2021-07-16",,,,0
"2021-07-17",,,,0
"2021-07-18",,,,0
"2021-07-19",,,,0
"2021-07-20",,,,0
"2021-07-21",,,,0
"2021-07-22",,,,0
"2021-07-23",,,,0
"2021-07-24",,,,0
"2021-07-25",,,,0
"2021-07-26",,,,0
"2021-07-27",,,,0
"2021-07-28",,,,0
"2021-07-29",,,,0
"2021-07-30",,,,0
"2021-07-31",,,,0
"2021-08-01","Vanta FS Dad hat","dadhat","Dad Hats",32.5
"2021-08-01","Vanta FS Dad hat","fs","Dad Hats",32.5
"2021-08-01","Vanta FS Dad hat","forgotten","Dad Hats",32.5
"2021-08-01","Vanta FS Dad hat","hats","Dad Hats",32.5
"2021-08-01",,,,4.53
"2021-08-01","Vanta FS Dad hat","hat","Dad Hats",32.5
"2021-08-01","Vanta FS Dad hat","secret","Dad Hats",32.5
"2021-08-01","Vanta FS Dad hat","dadhats","Dad Hats",32.5
"2021-08-01","Vanta FS Dad hat","dad hat","Dad Hats",32.5
"2021-08-01","Vanta FS Dad hat","Verishop","Dad Hats",32.5
"2021-08-02",,,,0
"2021-08-03","Mystery Box","mystery box","Mystery Box",60
"2021-08-03",,,,0
"2021-08-03","Mystery Box","box","Mystery Box",60
"2021-08-04",,,,0
"2021-08-05",,,,0
"2021-08-06",,,,1752
"2021-08-07",,,,0
"2021-08-08",,,,0
"2021-08-09",,,,0
"2021-08-10",,,,0
"2021-08-11",,,,0
"2021-08-12",,,,0
"2021-08-13",,,,0
"2021-08-14",,,,0
"2021-08-15",,,,0
"2021-08-16",,,,0
"2021-08-17",,,,0
"2021-08-18",,,,0
"2021-08-19",,,,0
"2021-08-20",,,,0
"2021-08-21",,,,0
"2021-08-22",,,,0
"2021-08-23",,,,0
"2021-08-24",,,,100
"2021-08-25",,,,0
"2021-08-26",,,,0
"2021-08-27",,,,0
"2021-08-28",,,,0
"2021-08-29",,,,0
"2021-08-30",,,,0
"2021-08-31","OG Fishscale Leather Belt","monogram","Belts",52.5
"2021-08-31","Forgotten Secret Embroidered Champion Backpack",,,33.38
"2021-08-31","OG Fishscale Leather Belt","belts","Belts",52.5
"2021-08-31","OG Fishscale Leather Belt","Fishscale Monogram","Belts",52.5
"2021-08-31","OG Fishscale Leather Belt","belt","Belts",52.5
"2021-08-31",,,,7
"2021-09-01",,,,0
"2021-09-02",,,,0
"2021-09-03",,,,0
"2021-09-04",,,,0
"2021-09-05","Vintage Cotton Twill Cap","dadhats","Dad Hats",32.5
"2021-09-05",,,,0
"2021-09-05","Vintage Cotton Twill Cap","hats","Dad Hats",32.5
"2021-09-05","Vintage Cotton Twill Cap","floater","Dad Hats",32.5
"2021-09-05","Strange Vibez Long Sleeve T-Shirt",,,45
"2021-09-05","Vintage Cotton Twill Cap","dad hats","Dad Hats",32.5
"2021-09-05","Vintage Cotton Twill Cap","caps","Dad Hats",32.5
"2021-09-05","Vintage Cotton Twill Cap","cap","Dad Hats",32.5
"2021-09-05","Vintage Cotton Twill Cap","lonelyfloater","Dad Hats",32.5
"2021-09-05","Vintage Cotton Twill Cap","dadhat","Dad Hats",32.5
"2021-09-06",,,,0
"2021-09-07",,,,0
"2021-09-08",,,,0
"2021-09-09",,,,0
"2021-09-10",,,,0
"2021-09-11",,,,0
"2021-09-12",,,,0
"2021-09-13",,,,0
"2021-09-14",,,,0
"2021-09-15",,,,0
"2021-09-16",,,,0
"2021-09-17",,,,0
"2021-09-18",,,,0
"2021-09-19","Floater Visor",,,22.5
"2021-09-19",,,,4.68
"2021-09-20",,,,0
"2021-09-21",,,,0
"2021-09-22",,,,0
"2021-09-23",,,,0
"2021-09-24",,,,0
"2021-09-25",,,,0
"2021-09-26",,,,0
"2021-09-27",,,,0
"2021-09-28",,,,0
"2021-09-29",,,,0
"2021-09-30",,,,50
"2021-10-01",,,,0
"2021-10-02","Fishscale Men's High-top Sneakers","Shoes","Shoes",75.79
"2021-10-02","Fishscale Men's High-top Sneakers","Men's Clothing","Shoes",75.79
"2021-10-02","Fishscale Men's High-top Sneakers","All Over Print","Shoes",75.79
"2021-10-02",,,,0
"2021-10-03",,,,0
"2021-10-04",,,,0
"2021-10-05","Stay Up Unisex T-Shirt","Splash","T-Shirt",25
"2021-10-05","Stay Up Unisex T-Shirt","shirt","T-Shirt",25
"2021-10-05","Fishscale Men's High-top Sneakers","Shoes","Shoes",78.28
"2021-10-05","Stay Up Unisex T-Shirt","tee","T-Shirt",25
"2021-10-05","Stay Up Unisex T-Shirt","T-shirt","T-Shirt",25
"2021-10-05","Fishscale Men's High-top Sneakers","Men's Clothing","Shoes",78.28
"2021-10-05","Fishscale Men's High-top Sneakers","All Over Print","Shoes",78.28
"2021-10-05",,,,6.28
"2021-10-05","Stay Up Unisex T-Shirt","t","T-Shirt",25
"2021-10-06",,,,864
"2021-10-07",,,,0
"2021-10-08",,,,0
"2021-10-09",,,,0
"2021-10-10",,,,50
"2021-10-11",,,,0
"2021-10-12",,,,0
"2021-10-13",,,,0
"2021-10-14",,,,0
"2021-10-15",,,,0
"2021-10-16",,,,0
"2021-10-17",,,,0
"2021-10-18",,,,0
"2021-10-19","Travis Michael x Lonely Floater ""Family Business"" Recycled cuffed beanie","Micheal",,28.5
"2021-10-19","Travis Michael x Lonely Floater ""Family Business"" Punky  Dad hat","Micheal","Dad Hats",22.5
"2021-10-19","Travis Michael x Lonely Floater ""Family Business"" Punky  Dad hat","Travis","Dad Hats",22.5
"2021-10-19","Travis Michael x Lonely Floater ""Family Business"" Recycled cuffed beanie","beanie",,28.5
"2021-10-19",,,,9.37
"2021-10-19","Travis Michael x Lonely Floater ""Family Business"" Recycled cuffed beanie","hat",,28.5
"2021-10-19","Travis Michael x Lonely Floater ""Family Business"" Punky  Dad hat","family business","Dad Hats",22.5
"2021-10-19","Travis Michael x Lonely Floater ""Family Business"" Punky  Dad hat","black","Dad Hats",22.5
"2021-10-19","Travis Michael x Lonely Floater ""Family Business"" Recycled cuffed beanie","Travis",,28.5
"2021-10-19","Travis Michael x Lonely Floater ""Family Business"" Punky  Dad hat","family","Dad Hats",22.5
"2021-10-19","Travis Michael x Lonely Floater ""Family Business"" Punky  Dad hat","pnky","Dad Hats",22.5
"2021-10-19","Travis Michael x Lonely Floater ""Family Business"" Punky  Dad hat","dad","Dad Hats",22.5
"2021-10-19","Travis Michael x Lonely Floater ""Family Business"" Punky  Dad hat","hat","Dad Hats",22.5
"2021-10-19","Travis Michael x Lonely Floater ""Family Business"" Punky  Dad hat","punky","Dad Hats",22.5
"2021-10-19","Travis Michael x Lonely Floater ""Family Business"" Punky  Dad hat","Dad Hats","Dad Hats",22.5
"2021-10-19","Travis Michael x Lonely Floater ""Family Business"" Punky  Dad hat","pinky","Dad Hats",22.5
"2021-10-20",,,,0
"2021-10-21","Travis Michael x Lonely Floater ""Family Business"" Kanj Unisex Hoodie","Hoodie",,49.5
"2021-10-21","Travis Michael x Lonely Floater ""Family Business"" Kanj Unisex Hoodie","family",,49.5
"2021-10-21","Travis Michael x Lonely Floater ""Family Business"" FS Kanj Unisex Fleece Pullover","longsleeve",,34.5
"2021-10-21","Travis Michael x Lonely Floater ""Family Business"" FS Kanj Unisex Fleece Pullover","mich",,34.5
"2021-10-21","Travis Michael x Lonely Floater ""Family Business""  Camo Splash Athletic Long Shorts","camo",,28.5
"2021-10-21","Travis Michael x Lonely Floater ""Family Business"" FS Kanj Unisex Fleece Pullover","T-shirts",,34.5
"2021-10-21","Travis Michael x Lonely Floater ""Family Business"" FS Kanj Unisex Fleece Pullover","Long Sleeves",,34.5
"2021-10-21","Travis Michael x Lonely Floater ""Family Business"" Punky  Dad hat","Micheal","Dad Hats",18
"2021-10-21","Travis Michael x Lonely Floater ""Family Business"" Camo Splash Premium Face Mask","Micheal",,13.8
"2021-10-21","Travis Michael x Lonely Floater ""Family Business"" Crop Hoodie","women",,44.5
"2021-10-21",,,,14
"2021-10-21","Travis Michael x Lonely Floater ""Family Business"" Punky  Dad hat","Travis","Dad Hats",18
"2021-10-21","Travis Michael x Lonely Floater ""Family Business"" Punky  Dad hat","Dad Hats","Dad Hats",18
"2021-10-21","Travis Michael x Lonely Floater ""Family Business"" FS Kanj Unisex Fleece Pullover","long",,34.5
"2021-10-21","Travis Michael x Lonely Floater ""Family Business"" FS Kanj Unisex Fleece Pullover","Micheal",,34.5
"2021-10-21","Travis Michael x Lonely Floater ""Family Business"" FS Kanj Unisex Fleece Pullover","T-shirt",,34.5
"2021-10-21","Travis Michael x Lonely Floater ""Family Business"" FS Kanj Unisex Fleece Pullover","long-sleeve",,34.5
"2021-10-21","Travis Michael x Lonely Floater ""Family Business"" FS Kanj Unisex Fleece Pullover","olongsleeve",,34.5
"2021-10-21","Travis Michael x Lonely Floater ""Family Business"" Camo Splash Premium Face Mask","face",,13.8
"2021-10-21","Travis Michael x Lonely Floater ""Family Business"" FS Fleece Shorts","family",,42.5
"2021-10-21","Travis Michael x Lonely Floater ""Family Business"" Punky  Dad hat","black","Dad Hats",18
"2021-10-21","Travis Michael x Lonely Floater ""Family Business""  Camo Splash Athletic Long Shorts","shorts",,28.5
"2021-10-21","Travis Michael x Lonely Floater ""Family Business"" FS Fleece Shorts","Micheal",,42.5
"2021-10-21","Travis Michael x Lonely Floater ""Family Business"" Kanj Unisex Hoodie","hoods",,49.5
"2021-10-21","Travis Michael x Lonely Floater ""Family Business"" FS Kanj Unisex Fleece Pullover","FS",,34.5
"2021-10-21","Travis Michael x Lonely Floater ""Family Business"" Crop Hoodie","Micheal",,44.5
"2021-10-21","Travis Michael x Lonely Floater ""Family Business"" FS Kanj Unisex Fleece Pullover","michael",,34.5
"2021-10-21","Travis Michael x Lonely Floater ""Family Business"" FS Kanj Unisex Fleece Pullover","longesleeve",,34.5
"2021-10-21","Travis Michael x Lonely Floater ""Family Business"" FS Kanj Unisex Fleece Pullover","Travis",,34.5
"2021-10-21","Travis Michael x Lonely Floater ""Family Business"" Punky  Dad hat","family","Dad Hats",18
"2021-10-21","Travis Michael x Lonely Floater ""Family Business"" FS Kanj Unisex Fleece Pullover","sweatshirt",,34.5
"2021-10-21","Travis Michael x Lonely Floater ""Family Business"" Camo Splash Premium Face Mask","face mask",,13.8
"2021-10-21","Travis Michael x Lonely Floater ""Family Business"" Punky  Dad hat","pnky","Dad Hats",18
"2021-10-21","Travis Michael x Lonely Floater ""Family Business"" Kanj Unisex Hoodie","hoodies",,49.5
"2021-10-21","Travis Michael x Lonely Floater ""Family Business"" Crop Hoodie","Travis",,44.5
"2021-10-21","Travis Michael x Lonely Floater ""Family Business"" FS Kanj Unisex Fleece Pullover","business",,34.5
"2021-10-21","Travis Michael x Lonely Floater ""Family Business"" Camo Splash Premium Face Mask","mask",,13.8
"2021-10-21","Travis Michael x Lonely Floater ""Family Business"" FS Kanj Unisex Fleece Pullover","shirts",,34.5
"2021-10-21","Travis Michael x Lonely Floater ""Family Business"" Kanj Unisex Hoodie","hood",,49.5
"2021-10-21","Travis Michael x Lonely Floater ""Family Business""  Camo Splash Athletic Long Shorts","Travis",,28.5
"2021-10-21","Travis Michael x Lonely Floater ""Family Business"" Punky  Dad hat","family business","Dad Hats",18
"2021-10-21","Travis Michael x Lonely Floater ""Family Business"" Camo Splash Premium Face Mask","Travis",,13.8
"2021-10-21","Travis Michael x Lonely Floater ""Family Business"" FS Fleece Shorts","family business",,42.5
"2021-10-21","Travis Michael x Lonely Floater ""Family Business"" FS Fleece Shorts","business",,42.5
"2021-10-21","Travis Michael x Lonely Floater ""Family Business"" FS Kanj Unisex Fleece Pullover","family",,34.5
"2021-10-21","Travis Michael x Lonely Floater ""Family Business"" Punky  Dad hat","dad","Dad Hats",18
"2021-10-21","Travis Michael x Lonely Floater ""Family Business"" Punky  Dad hat","punky","Dad Hats",18
"2021-10-21","Travis Michael x Lonely Floater ""Family Business"" Punky  Dad hat","hat","Dad Hats",18
"2021-10-21","Travis Michael x Lonely Floater ""Family Business"" Kanj Unisex Hoodie","Travis",,49.5
"2021-10-21","Travis Michael x Lonely Floater ""Family Business"" FS Fleece Shorts","shorts",,42.5
"2021-10-21","Travis Michael x Lonely Floater ""Family Business"" Kanj Unisex Hoodie","Micheal",,49.5
"2021-10-21","Travis Michael x Lonely Floater ""Family Business"" FS Fleece Shorts","Travis",,42.5
"2021-10-21","Travis Michael x Lonely Floater ""Family Business"" FS Kanj Unisex Fleece Pullover","shirt",,34.5
"2021-10-21","Travis Michael x Lonely Floater ""Family Business"" Kanj Unisex Hoodie","family business",,49.5
"2021-10-21","Travis Michael x Lonely Floater ""Family Business"" Kanj Unisex Hoodie","business",,49.5
"2021-10-21","Travis Michael x Lonely Floater ""Family Business"" FS Kanj Unisex Fleece Pullover","longsleve",,34.5
"2021-10-21","Travis Michael x Lonely Floater ""Family Business"" Kanj Unisex Hoodie","long",,49.5
"2021-10-21","Travis Michael x Lonely Floater ""Family Business"" FS Kanj Unisex Fleece Pullover","family business",,34.5
"2021-10-21","Travis Michael x Lonely Floater ""Family Business"" Kanj Unisex Hoodie","Sweaters/Hoodies",,49.5
"2021-10-21","Travis Michael x Lonely Floater ""Family Business""  Camo Splash Athletic Long Shorts","Micheal",,28.5
"2021-10-21","Travis Michael x Lonely Floater ""Family Business"" Crop Hoodie","hoodie",,44.5
"2021-10-21","Travis Michael x Lonely Floater ""Family Business"" Punky  Dad hat","pinky","Dad Hats",18
"2021-10-22",,,,0
"2021-10-23",,,,0
"2021-10-24",,,,0
"2021-10-25",,,,0
"2021-10-26",,,,0
"2021-10-27","FS GEN2 BLK","red","Dad Hats",31.31
"2021-10-27","FS GEN2 BLK","Verishop","Dad Hats",31.31
"2021-10-27","FS GEN2 BLK","black","Dad Hats",31.31
"2021-10-27","FS GEN2 BLK","Dad Hats","Dad Hats",31.31
"2021-10-27",,,,438
"2021-10-27","FS GEN2 BLK","Balloon","Dad Hats",31.31
"2021-10-28",,,,0
"2021-10-29",,,,0
"2021-10-30","Travis Michael x Lonely Floater ""Family Business"" Punky  Dad hat","Micheal","Dad Hats",30
"2021-10-30","Travis Michael x Lonely Floater ""Family Business"" Punky  Dad hat","Travis","Dad Hats",30
"2021-10-30","Travis Michael x Lonely Floater ""Family Business"" Punky  Dad hat","family","Dad Hats",30
"2021-10-30",,,,4.5
"2021-10-30","Travis Michael x Lonely Floater ""Family Business"" Punky  Dad hat","pnky","Dad Hats",30
"2021-10-30","Travis Michael x Lonely Floater ""Family Business"" Punky  Dad hat","Dad Hats","Dad Hats",30
"2021-10-30","Travis Michael x Lonely Floater ""Family Business"" Punky  Dad hat","black","Dad Hats",30
"2021-10-30","Travis Michael x Lonely Floater ""Family Business"" Punky  Dad hat","dad","Dad Hats",30
"2021-10-30","Travis Michael x Lonely Floater ""Family Business"" Punky  Dad hat","punky","Dad Hats",30
"2021-10-30","Travis Michael x Lonely Floater ""Family Business"" Punky  Dad hat","hat","Dad Hats",30
"2021-10-30","Travis Michael x Lonely Floater ""Family Business"" Punky  Dad hat","family business","Dad Hats",30
"2021-10-30","Travis Michael x Lonely Floater ""Family Business"" Punky  Dad hat","pinky","Dad Hats",30
"2021-10-31",,,,0
"2021-11-01",,,,0
"2021-11-02",,,,0
"2021-11-03",,,,0
"2021-11-04",,,,0
"2021-11-05",,,,0
"2021-11-06",,,,0
"2021-11-07",,,,0
"2021-11-08",,,,0
"2021-11-09",,,,0
"2021-11-10",,,,0
"2021-11-11",,,,0
"2021-11-12","Ryley Dusse Men's Champion T-Shirt",,,34.5
"2021-11-12",,,,7
"2021-11-13",,,,0
"2021-11-14",,,,0
"2021-11-15",,,,0
"2021-11-16",,,,0
"2021-11-17",,,,0
"2021-11-18",,,,0
"2021-11-19",,,,0
"2021-11-20",,,,0
"2021-11-21",,,,0
"2021-11-22",,,,0
"2021-11-23",,,,0
"2021-11-24","At Your Own Wave Length Knit Beanie",,,22.89
"2021-11-24",,,,0
"2021-11-25",,,,0
"2021-11-26",,,,0
"2021-11-27",,,,0
"2021-11-28",,,,0
"2021-11-29","Champion x Lonely Floater Sweatshirt","sweats","Sweatshirt",54.82
"2021-11-29","Champion x Lonely Floater Sweatshirt","long","Sweatshirt",54.82
"2021-11-29","Thunda Sweatshirt","hood","Sweaters/Hoodies",35.71
"2021-11-29","Champion x Lonely Floater Sweatshirt","top","Sweatshirt",54.82
"2021-11-29","Champion x Lonely Floater Sweatshirt","CrewNeck","Sweatshirt",54.82
"2021-11-29",,,,7
"2021-11-29","Champion x Lonely Floater Sweatshirt","shirt","Sweatshirt",54.82
"2021-11-29","Champion x Lonely Floater Sweatshirt","sleeve","Sweatshirt",54.82
"2021-11-29","Champion x Lonely Floater Sweatshirt","L","Sweatshirt",54.82
"2021-11-29","Champion x Lonely Floater Sweatshirt","champion","Sweatshirt",54.82
"2021-11-29","Champion x Lonely Floater Sweatshirt","long-sleeve","Sweatshirt",54.82
"2021-11-29","Thunda Sweatshirt","sweats","Sweaters/Hoodies",35.71
"2021-11-29","Champion x Lonely Floater Sweatshirt","sweater","Sweatshirt",54.82
"2021-11-29","Thunda Sweatshirt","sweaters","Sweaters/Hoodies",35.71
"2021-11-29","Thunda Sweatshirt","sweatshirts","Sweaters/Hoodies",35.71
"2021-11-30",,,,0
"2021-12-01",,,,0
"2021-12-02",,,,0
"2021-12-03","Dom Da Don Data Long Sleeve T","design","Long-sleeve",25
"2021-12-03","Dom Da Don Data Long Sleeve T","Long Sleeve","Long-sleeve",25
"2021-12-03","Float Dad hat","balloon","Dad Hats",33
"2021-12-03","BOLO DOLO T","T-shirt","T-Shirt",24
"2021-12-03","Dom Da Don Data Long Sleeve T","shirt","Long-sleeve",25
"2021-12-03","Dom Da Don Data Long Sleeve T","top","Long-sleeve",25
"2021-12-03","Float Dad hat","cap","Dad Hats",33
"2021-12-03","Dom Da Don Data Long Sleeve T","lonely floater","Long-sleeve",25
"2021-12-03","BOLO DOLO T","shirt","T-Shirt",24
"2021-12-03","BOLO DOLO T","Short-Sleeve","T-Shirt",24
"2021-12-03","Float Dad hat","hat","Dad Hats",33
"2021-12-03","Dom Da Don Data Long Sleeve T","long","Long-sleeve",25
"2021-12-03","BOLO DOLO T","tee","T-Shirt",24
"2021-12-03","Float Dad hat","dad hat","Dad Hats",33
"2021-12-03","Dom Da Don Data Long Sleeve T","sleeve","Long-sleeve",25
"2021-12-03","Dom Da Don Data Long Sleeve T","don","Long-sleeve",25
"2021-12-03","Dom Da Don Data Long Sleeve T","data","Long-sleeve",25
"2021-12-03",,,,11.42
"2021-12-03","Float Dad hat","black","Dad Hats",33
"2021-12-03","Dom Da Don Data Long Sleeve T","tee","Long-sleeve",25
"2021-12-03","Dom Da Don Data Long Sleeve T","demario","Long-sleeve",25
"2021-12-03","BOLO DOLO T","top","T-Shirt",24
"2021-12-03","Float Dad hat","Verishop","Dad Hats",33
"2021-12-03","Float Dad hat","dad","Dad Hats",33
"2021-12-03","Dom Da Don Data Long Sleeve T","floater","Long-sleeve",25
"2021-12-03","Dom Da Don Data Long Sleeve T","T-shirt","Long-sleeve",25
"2021-12-03","Dom Da Don Data Long Sleeve T","lonely","Long-sleeve",25
"2021-12-04",,,,0
"2021-12-05",,,,0
"2021-12-06",,,,4.73
"2021-12-06","VQ Bucket Hat",,,24.49
"2021-12-07",,,,0
"2021-12-08",,,,0
"2021-12-09",,,,0
"2021-12-10",,,,0
"2021-12-11",,,,0
"2021-12-12",,,,0
"2021-12-13",,,,0
"2021-12-14","Orange LTS Men's Athletic Long Shorts","too","Short",40.5
"2021-12-14","Orange LTS Men's Athletic Long Shorts","bocxing","Short",40.5
"2021-12-14","Orange LTS Men's Athletic Long Shorts","lifes","Short",40.5
"2021-12-14","Orange LTS Men's Athletic Long Shorts","Fitness","Short",40.5
"2021-12-14","Orange LTS Men's Athletic Long Shorts","gym","Short",40.5
"2021-12-14","Orange LTS Men's Athletic Long Shorts","Shorts","Short",40.5
"2021-12-14",,,,4.98
"2021-12-14","Orange LTS Men's Athletic Long Shorts","short","Short",40.5
"2021-12-14","Orange LTS Men's Athletic Long Shorts","fight","Short",40.5
"2021-12-14","Orange LTS Men's Athletic Long Shorts","boxing","Short",40.5
"2021-12-15",,,,0
"2021-12-16",,,,0
"2021-12-17",,,,0
"2021-12-18",,,,0
"2021-12-19",,,,0
"2021-12-20",,,,0
"2021-12-21",,,,0
"2021-12-22",,,,0
"2021-12-23",,,,0
"2021-12-24",,,,0
"2021-12-25",,,,0
"2021-12-26",,,,0
"2021-12-27",,,,0
"2021-12-28",,,,0
"2021-12-29","FS GEN2 BLK","red","Dad Hats",27.99
"2021-12-29",,,,0
"2021-12-29","FS GEN2 BLK","Verishop","Dad Hats",27.99
"2021-12-29","FS GEN2 BLK","black","Dad Hats",27.99
"2021-12-29","FS GEN2 BLK","Dad Hats","Dad Hats",27.99
"2021-12-29","FS GEN2 BLK","Balloon","Dad Hats",27.99
"2021-12-30",,,,0
"2021-12-31",,,,0
"2022-01-01",,,,0
"2022-01-02",,,,0
"2022-01-03",,,,0
"2022-01-04",,,,0
"2022-01-05",,,,0
"2022-01-06","LFX FS Bleu Unisex Hoodie","sleeve","Sweaters/Hoodies",29
"2022-01-06","LFX FS Bleu Unisex Hoodie","blue","Sweaters/Hoodies",29
"2022-01-06",,,,7
"2022-01-06","LFX FS Bleu Unisex Hoodie","navy","Sweaters/Hoodies",29
"2022-01-06","LFX FS Bleu Unisex Hoodie","hood","Sweaters/Hoodies",29
"2022-01-06","LFX FS Bleu Unisex Hoodie","fs","Sweaters/Hoodies",29
"2022-01-06","LFX FS Bleu Unisex Hoodie","forgotten","Sweaters/Hoodies",29
"2022-01-06","LFX FS Bleu Unisex Hoodie","lfxnyc","Sweaters/Hoodies",29
"2022-01-06","LFX FS Bleu Unisex Hoodie","long","Sweaters/Hoodies",29
"2022-01-06","LFX FS Bleu Unisex Hoodie","hoodies","Sweaters/Hoodies",29
"2022-01-06","LFX FS Bleu Unisex Hoodie","sleev","Sweaters/Hoodies",29
"2022-01-06","LFX FS Bleu Unisex Hoodie","secret","Sweaters/Hoodies",29
"2022-01-06","LFX FS Bleu Unisex Hoodie","hoodie","Sweaters/Hoodies",29
"2022-01-07",,,,0
"2022-01-08",,,,0
"2022-01-09",,,,0
"2022-01-10",,,,0
"2022-01-11",,,,0
"2022-01-12",,,,0
"2022-01-13",,,,0
"2022-01-14",,,,0
"2022-01-15","Vanta FS Dad hat","forgotten","Dad Hats",32.5
"2022-01-15","Vanta FS Dad hat","fs","Dad Hats",32.5
"2022-01-15","Vanta FS Dad hat","dadhat","Dad Hats",32.5
"2022-01-15","VQ GEN2 BLK SPBK","black","Snapback",59.98
"2022-01-15","VQ GEN2 BLK SPBK","red","Snapback",59.98
"2022-01-15","VQ GEN2 BLK SPBK","moon","Snapback",59.98
"2022-01-15","VQ GEN2 BLK SPBK","Pre-Flight","Snapback",59.98
"2022-01-15","Vanta FS Dad hat","Verishop","Dad Hats",32.5
"2022-01-15","Vanta FS Dad hat","hat","Dad Hats",32.5
"2022-01-15","Vanta FS Dad hat","hats","Dad Hats",32.5
"2022-01-15","VQ GEN2 BLK SPBK","Balloon","Snapback",59.98
"2022-01-15","Wavy LFxNYC Knit Beanie",,,21
"2022-01-15","VQ GEN2 BLK SPBK","Verishop","Snapback",59.98
"2022-01-15",,,,7
"2022-01-15","VQ GEN2 BLK SPBK","green brim","Snapback",59.98
"2022-01-15","VQ GEN2 BLK SPBK","Dad Hats","Snapback",59.98
"2022-01-15","Vanta FS Dad hat","dadhats","Dad Hats",32.5
"2022-01-15","Vanta FS Dad hat","secret","Dad Hats",32.5
"2022-01-15","Vanta FS Dad hat","dad hat","Dad Hats",32.5
"2022-01-15","VQ GEN2 BLK SPBK","snapback","Snapback",59.98
"2022-01-16",,,,0
"2022-01-17",,,,0
"2022-01-18",,,,0
"2022-01-19",,,,0
"2022-01-20",,,,0
"2022-01-21",,,,0
"2022-01-22",,,,0
"2022-01-23",,,,0
"2022-01-24",,,,2270
"2022-01-25",,,,0
"2022-01-26",,,,0
"2022-01-27",,,,0
"2022-01-28",,,,0
"2022-01-29",,,,0
"2022-01-30",,,,0
"2022-01-31",,,,925
"2022-02-01",,,,0
"2022-02-02",,,,150
"2022-02-03","Travis Michael x Lonely Floater ""Family Business""  Spaceship  Sweatshirt","space","Long-sleeve",35.5
"2022-02-03","Travis Michael x Lonely Floater ""Family Business""  Spaceship  Sweatshirt","family","Long-sleeve",35.5
"2022-02-03","Travis Michael x Lonely Floater ""Family Business""  Spaceship  Sweatshirt","travis","Long-sleeve",35.5
"2022-02-03","Travis Michael x Lonely Floater ""Family Business""  Spaceship  Sweatshirt","family business","Long-sleeve",35.5
"2022-02-03","Travis Michael x Lonely Floater ""Family Business""  Spaceship  Sweatshirt","business","Long-sleeve",35.5
"2022-02-03",,,,7
"2022-02-03","Travis Michael x Lonely Floater ""Family Business""  Spaceship  Sweatshirt","spaceship","Long-sleeve",35.5
"2022-02-03","Travis Michael x Lonely Floater ""Family Business""  Spaceship  Sweatshirt","michael","Long-sleeve",35.5
"2022-02-03","Travis Michael x Lonely Floater ""Family Business""  Spaceship  Sweatshirt","sweatshirt","Long-sleeve",35.5
"2022-02-03","Travis Michael x Lonely Floater ""Family Business""  Spaceship  Sweatshirt","long sleeve","Long-sleeve",35.5
"2022-02-04",,,,0
"2022-02-05",,,,0
"2022-02-06",,,,0
"2022-02-07",,,,0
"2022-02-08",,,,65
"2022-02-09",,,,413
"2022-02-10","Mystery Box","box","Mystery Box",105.12
"2022-02-10","Mystery Box","mystery box","Mystery Box",105.12
"2022-02-10",,,,0
"2022-02-11",,,,0
"2022-02-12",,,,0
"2022-02-13",,,,0
"2022-02-14",,,,0
"2022-02-15",,,,0
"2022-02-16",,,,0
"2022-02-17",,,,0
"2022-02-18",,,,0
"2022-02-19",,,,0
"2022-02-20",,,,0
"2022-02-21",,,,0
"2022-02-22",,,,0
"2022-02-23",,,,0
"2022-02-24",,,,0
"2022-02-25",,,,0
"2022-02-26",,,,0
"2022-02-27",,,,0
"2022-02-28",,,,550
"2022-03-01",,,,0
"2022-03-02",,,,0
"2022-03-03",,,,0
"2022-03-04",,,,0
"2022-03-05",,,,0
"2022-03-06",,,,0
"2022-03-07",,,,0
"2022-03-08",,,,0
"2022-03-09",,,,0
"2022-03-10",,,,0
"2022-03-11",,,,0
"2022-03-12",,,,0
"2022-03-13",,,,0
"2022-03-14","Travel Bugs Five Panel Cap",,,29
"2022-03-14","Travel Bug Embroidered Unisex Long Sleeve Tee",,,38.5
"2022-03-14","Travel Bugs Unisex fleece sweatpants (BOTTOM)",,,41
"2022-03-14","Travel Bugs Dad hat",,,32
"2022-03-14","Travel Bugs Unisex Hoodie (TOP)",,,40.5
"2022-03-14",,,,7
"2022-03-15",,,,0
"2022-03-16","Travel Bugs Recycled cuffed beanie",,,22.12
"2022-03-16",,,,7
"2022-03-16","Travel Bugs Unisex Pocket T-Shirt",,,38.26
"2022-03-17",,,,0
"2022-03-18",,,,0
"2022-03-19",,,,0
"2022-03-20",,,,0
"2022-03-21",,,,0
"2022-03-22",,,,0
"2022-03-23",,,,0
"2022-03-24",,,,0
"2022-03-25",,,,0
"2022-03-26",,,,0
"2022-03-27",,,,0
"2022-03-28",,,,0
"2022-03-29",,,,0
"2022-03-30",,,,0
"2022-03-31",,,,0
"2022-04-01",,,,0
"2022-04-02",,,,0
"2022-04-03",,,,0
"2022-04-04",,,,0
"2022-04-05",,,,0
"2022-04-06",,,,0
"2022-04-07",,,,0
"2022-04-08",,,,0
"2022-04-09",,,,0
"2022-04-10",,,,0
"2022-04-11",,,,0
"2022-04-12",,,,0
"2022-04-13",,,,0
"2022-04-14",,,,0
"2022-04-15",,,,0
"2022-04-16",,,,0
"2022-04-17",,,,0
"2022-04-18",,,,0
"2022-04-19",,,,0
"2022-04-20",,,,0
"2022-04-21",,,,0
"2022-04-22",,,,0
"2022-04-23",,,,0
"2022-04-24",,,,0
"2022-04-25",,,,0
"2022-04-26",,,,0
"2022-04-27","SdubD ""Moonlight Mirage"" Event Long Sleeve T Shirt",,"shirt",35.5
"2022-04-27",,,,7
"2022-04-28",,,,0
"2022-04-29",,,,0
"2022-04-30",,,,0
"2022-05-01",,,,0
"2022-05-02","Mystery Box","mystery box","Mystery Box",120
"2022-05-02","Mystery Box","box","Mystery Box",120
"2022-05-02",,,,3.88
"2022-05-03",,,,0
"2022-05-04",,,,0
"2022-05-05",,,,0
"2022-05-06",,,,0
"2022-05-07",,,,0
"2022-05-08",,,,0
"2022-05-09",,,,0
"2022-05-10",,,,516
"2022-05-11",,,,0
"2022-05-12",,,,0
"2022-05-13",,,,0
"2022-05-14",,,,0
"2022-05-15",,,,0
"2022-05-16",,,,0
"2022-05-17",,,,0
"2022-05-18",,,,0
"2022-05-19",,,,0
"2022-05-20",,,,0
"2022-05-21",,,,0
"2022-05-22",,,,0
"2022-05-23",,,,0
"2022-05-24",,,,0
"2022-05-25",,,,0
"2022-05-26",,,,0
"2022-05-27",,,,0
"2022-05-28",,,,0
"2022-05-29",,,,0
"2022-05-30",,,,66
"2022-05-31",,,,0
"2022-06-01",,,,0
"2022-06-02",,,,0
"2022-06-03",,,,225
"2022-06-04",,,,0
"2022-06-05",,,,0
"2022-06-06",,,,0
"2022-06-07",,,,225
"2022-06-08",,,,0
"2022-06-09",,,,0
"2022-06-10",,,,0
"2022-06-11",,,,0
"2022-06-12",,,,0
"2022-06-13",,,,0
"2022-06-14","FS GEN2 BLK","Verishop","Dad Hats",27.99
"2022-06-14","FS GEN2 BLK","black","Dad Hats",27.99
"2022-06-14","FS GEN2 BLK","red","Dad Hats",27.99
"2022-06-14","FS GEN2 BLK","Balloon","Dad Hats",27.99
"2022-06-14",,,,200
"2022-06-14","FS GEN2 BLK","Dad Hats","Dad Hats",27.99
"2022-06-15",,,,600
"2022-06-16",,,,0
"2022-06-17",,,,0
"2022-06-18",,,,0
"2022-06-19",,,,0
"2022-06-20",,,,0
"2022-06-21",,,,0
"2022-06-22",,,,0
"2022-06-23",,,,0
"2022-06-24",,,,0
"2022-06-25",,,,0
"2022-06-26",,,,0
"2022-06-27",,,,0
"2022-06-28",,,,0
"2022-06-29",,,,0
"2022-06-30",,,,0
"2022-07-01",,,,0
"2022-07-02",,,,0
"2022-07-03",,,,0
"2022-07-04",,,,0
"2022-07-05",,,,0
"2022-07-06",,,,0
"2022-07-07",,,,0
"2022-07-08",,,,0
"2022-07-09",,,,0
"2022-07-10",,,,0
"2022-07-11",,,,0
"2022-07-12",,,,0
"2022-07-13",,,,5.72
"2022-07-13","LMNT Woman's  Leggings",,"All Over Prints",34.99
"2022-07-14",,,,0
"2022-07-15",,,,0
"2022-07-16",,,,0
"2022-07-17",,,,1968
"2022-07-18",,,,0
"2022-07-19",,,,0
"2022-07-20",,,,0
"2022-07-21",,,,0
"2022-07-22",,,,0
"2022-07-23",,,,0
"2022-07-24",,,,0
"2022-07-25",,,,0
"2022-07-26",,,,0
"2022-07-27",,,,0
"2022-07-28",,,,0
"2022-07-29",,,,0
"2022-07-30",,,,50
"2022-07-31",,,,0
"2022-08-01",,,,0
"2022-08-02",,,,0
"2022-08-03",,,,0
"2022-08-04",,,,0
"2022-08-05",,,,0
"2022-08-06",,,,0
"2022-08-07",,,,0
"2022-08-08",,,,0
"2022-08-09",,,,0
"2022-08-10",,,,0
"2022-08-11",,,,0
"2022-08-12",,,,0
"2022-08-13",,,,0
"2022-08-14",,,,0
"2022-08-15",,,,0
"2022-08-16",,,,65
"2022-08-17",,,,0
"2022-08-18",,,,0
"2022-08-19",,,,0
"2022-08-20",,,,0
"2022-08-21",,,,0
"2022-08-22",,,,0
"2022-08-23",,,,284
"2022-08-24",,,,0
"2022-08-25",,,,0
"2022-08-26",,,,0
"2022-08-27",,,,0
"2022-08-28",,,,0
"2022-08-29",,,,0
"2022-08-30",,,,0
"2022-08-31",,,,0
"2022-09-01",,,,0
"2022-09-02",,,,0
"2022-09-03",,,,0
"2022-09-04",,,,0
"2022-09-05",,,,0
"2022-09-06",,,,0
"2022-09-07",,,,0
"2022-09-08",,,,0
"2022-09-09",,,,0
"2022-09-10",,,,0
"2022-09-11",,,,0
"2022-09-12",,,,0
"2022-09-13",,,,0
"2022-09-14",,,,0
"2022-09-15",,,,275
"2022-09-16",,,,0
"2022-09-17","FS GEN2 BLK","Dad Hats","Dad Hats",27.99
"2022-09-17","FS GEN2 BLK","red","Dad Hats",27.99
"2022-09-17","FS GEN2 BLK","Balloon","Dad Hats",27.99
"2022-09-17","FS GEN2 BLK","Verishop","Dad Hats",27.99
"2022-09-17",,,,904.98
"2022-09-17","FS GEN2 BLK","black","Dad Hats",27.99
"2022-09-18",,,,0
"2022-09-19",,,,0
"2022-09-20",,,,0
"2022-09-21",,,,0
"2022-09-22",,,,216
"2022-09-23",,,,75
"2022-09-24",,,,0
"2022-09-25",,,,0
"2022-09-26",,,,0
"2022-09-27",,,,0
"2022-09-28",,,,0
"2022-09-29",,,,0
"2022-09-30","FS Embroidered Sweatshirt","Verishop",,36.31
"2022-09-30",,,,7.59
"2022-10-01",,,,0
"2022-10-02",,,,0
"2022-10-03",,,,0
"2022-10-04",,,,0
"2022-10-05",,,,0
"2022-10-06",,,,0
"2022-10-07",,,,0
"2022-10-08",,,,0
"2022-10-09",,,,0
"2022-10-10",,,,192
"2022-10-11",,,,0
"2022-10-12",,,,0
"2022-10-13",,,,0
"2022-10-14",,,,0
"2022-10-15",,,,0
"2022-10-16",,,,0
"2022-10-17",,,,0
"2022-10-18",,,,0
"2022-10-19",,,,0
"2022-10-20",,,,0
"2022-10-21",,,,171
"2022-10-22",,,,0
"2022-10-23",,,,0
"2022-10-24",,,,0
"2022-10-25",,,,0
"2022-10-26",,,,0
"2022-10-27",,,,7
"2022-10-27","FS Embroidered Sweatshirt","Verishop",,31
"2022-10-27","Forgotten Secret Bucket","Verishop",,60
"2022-10-28","""LFX"" Coast 2 Coast Trucker","Verishop","Hat",32
"2022-10-28",,,,5.38
"2022-10-29",,,,0
"2022-10-30","Lonely Floater Lunar Return Dad Hat","dad",,25
"2022-10-30","Lonely Floater Lunar Return Dad Hat","hat",,25
"2022-10-30","Lonely Floater Lunar Return Dad Hat","return",,25
"2022-10-30",,,,5.38
"2022-10-30","Lonely Floater Lunar Return Dad Hat","luna",,25
"2022-10-30","Lonely Floater Lunar Return Dad Hat","Verishop",,25
"2022-10-31",,,,0
"2022-11-01",,,,0
"2022-11-02",,,,0
"2022-11-03",,,,4.98
"2022-11-03","FS Dad hat",,,34.22
"2022-11-04",,,,0
"2022-11-05",,,,0
"2022-11-06","Money Press Short-Sleeve Unisex T-Shirt","evil","T-Shirt",41
"2022-11-06","Money Press Short-Sleeve Unisex T-Shirt","Short","T-Shirt",41
"2022-11-06","Money Press Short-Sleeve Unisex T-Shirt","Sleeve","T-Shirt",41
"2022-11-06","Forgotten Secret Dream Big Unisex Tee","tshirt","T-Shirt",60.08
"2022-11-06","Forgotten Secret Dream Big Unisex Tee","t shirt","T-Shirt",60.08
"2022-11-06","Money Press Short-Sleeve Unisex T-Shirt","t shirt","T-Shirt",41
"2022-11-06","Money Press Short-Sleeve Unisex T-Shirt","Tee","T-Shirt",41
"2022-11-06","Money Press Short-Sleeve Unisex T-Shirt","tshirt","T-Shirt",41
"2022-11-06","Money Press Short-Sleeve Unisex T-Shirt","t","T-Shirt",41
"2022-11-06","Forgotten Secret Dream Big Unisex Tee","shirts","T-Shirt",60.08
"2022-11-06","Forgotten Secret Dream Big Unisex Tee","Verishop","T-Shirt",60.08
"2022-11-06",,,,7
"2022-11-06","Forgotten Secret Dream Big Unisex Tee","shirt","T-Shirt",60.08
"2022-11-06","Money Press Short-Sleeve Unisex T-Shirt","Money","T-Shirt",41
"2022-11-06","Money Press Short-Sleeve Unisex T-Shirt","all","T-Shirt",41
"2022-11-06","Money Press Short-Sleeve Unisex T-Shirt","EVeil","T-Shirt",41
"2022-11-06","Money Press Short-Sleeve Unisex T-Shirt","Shirt","T-Shirt",41
"2022-11-07",,,,96
"2022-11-08",,,,450
"2022-11-09",,,,0
"2022-11-10",,,,0
"2022-11-11",,,,0
"2022-11-12",,,,0
"2022-11-13",,,,0
"2022-11-14",,,,0
"2022-11-15",,,,0
"2022-11-16",,,,0
"2022-11-17",,,,0
"2022-11-18",,,,0
"2022-11-19",,,,0
"2022-11-20",,,,0
"2022-11-21",,,,882
"2022-11-22",,,,0
"2022-11-23",,,,0
"2022-11-24",,,,0
"2022-11-25",,,,0
"2022-11-26",,,,0
"2022-11-27",,,,0
"2022-11-28",,,,0
"2022-11-29",,,,0
"2022-11-30",,,,0
"2022-12-01",,,,0
"2022-12-02",,,,0
"2022-12-03",,,,0
"2022-12-04",,,,0
"2022-12-05",,,,0
"2022-12-06",,,,0
"2022-12-07",,,,0
"2022-12-08",,,,0
"2022-12-09",,,,0
"2022-12-10",,,,0
"2022-12-11",,,,0
"2022-12-12",,,,0
"2022-12-13",,,,0
"2022-12-14","Lonely Floater Large Tote Bag","Verishop",,22.05
"2022-12-14",,,,6.25
"2022-12-14","Forgotten Secret Bucket","Verishop",,24.5
"2022-12-15",,,,0
"2022-12-16",,,,0
"2022-12-17","LFxNYC Sticker Pack","floater","Accessories",8.2
"2022-12-17","Forgotten Secret 2.0 Set Upper Unisex Hoodie","hoodie","Hoodie",48.31
"2022-12-17","FS WAVE Unisex Sweatshirt","fs","Sweaters/Hoodies",37.37
"2022-12-17","FS WAVE Unisex Sweatshirt","shirt","Sweaters/Hoodies",37.37
"2022-12-17","LFxNYC Sticker Pack","stickers","Accessories",8.2
"2022-12-17","LFxNYC Sticker Pack","lonely","Accessories",8.2
"2022-12-17","FS WAVE Unisex Sweatshirt","top","Sweaters/Hoodies",37.37
"2022-12-17",,,,7
"2022-12-17","FS WAVE Unisex Sweatshirt","sweat","Sweaters/Hoodies",37.37
"2022-12-17","Forgotten Secret 2.0 Set Upper Unisex Hoodie","hood","Hoodie",48.31
"2022-12-17","Lonely Floater Sticker Pack Vol 1. Sticker sheet","lonely",,9.12
"2022-12-17","FS WAVE Unisex Sweatshirt","face","Sweaters/Hoodies",37.37
"2022-12-17","FS WAVE Unisex Sweatshirt","sleeve","Sweaters/Hoodies",37.37
"2022-12-17","Forgotten Secret 2.0 Set Upper Unisex Hoodie","Verishop","Hoodie",48.31
"2022-12-17","LFxNYC Sticker Pack","Splash","Accessories",8.2
"2022-12-17","Lonely Floater Sticker Pack Vol 1. Sticker sheet","stickers",,9.12
"2022-12-17","FS WAVE Unisex Sweatshirt","secret","Sweaters/Hoodies",37.37
"2022-12-17","Lonely Floater Sticker Pack Vol 1. Sticker sheet","Verishop",,9.12
"2022-12-17","FS WAVE Unisex Sweatshirt","forgotten","Sweaters/Hoodies",37.37
"2022-12-17","FS WAVE Unisex Sweatshirt","balloon","Sweaters/Hoodies",37.37
"2022-12-17","FS WAVE Unisex Sweatshirt","long","Sweaters/Hoodies",37.37
"2022-12-17","FS WAVE Unisex Sweatshirt","Sweatshirts","Sweaters/Hoodies",37.37
"2022-12-17","FS WAVE Unisex Sweatshirt","red","Sweaters/Hoodies",37.37
"2022-12-17","Lonely Floater Sticker Pack Vol 1. Sticker sheet","floater",,9.12
"2022-12-17","LFxNYC Sticker Pack","Accessories","Accessories",8.2
"2022-12-17","FS WAVE Unisex Sweatshirt","smile","Sweaters/Hoodies",37.37
"2022-12-17","FS WAVE Unisex Sweatshirt","shirts","Sweaters/Hoodies",37.37
"2022-12-17","Forgotten Secret 2.0 Set Upper Unisex Hoodie","sweat","Hoodie",48.31
"2022-12-18",,,,0
"2022-12-19",,,,0
"2022-12-20",,,,0
"2022-12-21",,,,0
"2022-12-22",,,,0
"2022-12-23",,,,0
"2022-12-24",,,,0
"2022-12-25",,,,0
"2022-12-26",,,,0
"2022-12-27",,,,0
"2022-12-28",,,,0
"2022-12-29",,,,0
"2022-12-30",,,,0
"2022-12-31",,,,0
"2023-01-01",,,,0
"2023-01-02",,,,0
"2023-01-03",,,,0
"2023-01-04",,,,0
"2023-01-05",,,,0
"2023-01-06",,,,0
"2023-01-07",,,,0
"2023-01-08",,,,0
"2023-01-09",,,,0
"2023-01-10","Forgotten Secret 2.0 Set Bottom  Unisex sweatpants","vision quest","Pants",43.35
"2023-01-10","Floater Unisex Joggers","bottom","Pants",43.35
"2023-01-10","Forgotten Secret 2.0 Set Bottom  Unisex sweatpants","moon","Pants",43.35
"2023-01-10","Floater Unisex Joggers","Sweats","Pants",43.35
"2023-01-10",,,,7.59
"2023-01-10","Forgotten Secret 2.0 Set Bottom  Unisex sweatpants","Verishop","Pants",43.35
"2023-01-10","Forgotten Secret 2.0 Set Bottom  Unisex sweatpants","sweats","Pants",43.35
"2023-01-10","Forgotten Secret 2.0 Set Bottom  Unisex sweatpants","balloon","Pants",43.35
"2023-01-10","Floater Unisex Joggers","Joggers","Pants",43.35
"2023-01-10","Floater Unisex Joggers","Pants","Pants",43.35
"2023-01-10","Forgotten Secret 2.0 Set Bottom  Unisex sweatpants","pants","Pants",43.35
"2023-01-10","Floater Unisex Joggers","Verishop","Pants",43.35
"2023-01-10","Floater Unisex Joggers","Sweatpants","Pants",43.35
"2023-01-11",,,,0
"2023-01-12",,,,0
"2023-01-13",,,,0
"2023-01-14",,,,0
"2023-01-15",,,,0
"2023-01-16",,,,0
"2023-01-17",,,,0
"2023-01-18",,,,0
"2023-01-19",,,,0
"2023-01-20",,,,0
"2023-01-21",,,,0
"2023-01-22",,,,0
"2023-01-23",,,,0
"2023-01-24",,,,0
"2023-01-25",,,,0
"2023-01-26",,,,0
"2023-01-27",,,,0
"2023-01-28",,,,0
"2023-01-29",,,,0
"2023-01-30",,,,0
"2023-01-31",,,,0
"2023-02-01",,,,0
"2023-02-02",,,,0
"2023-02-03",,,,0
"2023-02-04",,,,0
"2023-02-05",,,,0
"2023-02-06",,,,0
"2023-02-07",,,,0
"2023-02-08",,,,0
"2023-02-09",,,,0
"2023-02-10",,,,0
"2023-02-11",,,,0
"2023-02-12",,,,0
"2023-02-13",,,,0
"2023-02-14",,,,0
"2023-02-15",,,,0
"2023-02-16",,,,0
"2023-02-17",,,,0
"2023-02-18",,,,0
"2023-02-19",,,,0
"2023-02-20",,,,0
"2023-02-21",,,,0
"2023-02-22",,,,0
"2023-02-23",,,,300
"2023-02-24",,,,0
"2023-02-25",,,,0
"2023-02-26",,,,0
"2023-02-27",,,,0
"2023-02-28",,,,0
"2023-03-01",,,,0
"2023-03-02",,,,0
"2023-03-03",,,,0
"2023-03-04",,,,0
"2023-03-05",,,,0
"2023-03-06",,,,0
"2023-03-07",,,,0
"2023-03-08",,,,0
"2023-03-09",,,,0
"2023-03-10",,,,0
"2023-03-11",,,,0
"2023-03-12",,,,0
"2023-03-13",,,,0
"2023-03-14",,,,0
"2023-03-15",,,,0
"2023-03-16",,,,0
"2023-03-17",,,,0
"2023-03-18",,,,0
"2023-03-19","Limited Edition LFX (P)Leather Bomber Jacket","jackets",,108.38
"2023-03-19","Limited Edition LFX (P)Leather Bomber Jacket","jacket",,108.38
"2023-03-19","Limited Edition LFX (P)Leather Bomber Jacket","Verishop",,108.38
"2023-03-19",,,,7.59
"2023-03-20",,,,0
"2023-03-21",,,,0
"2023-03-22",,,,0
"2023-03-23",,,,0
"2023-03-24",,,,0
"2023-03-25",,,,0
"2023-03-26",,,,0
"2023-03-27",,,,0
"2023-03-28",,,,0
"2023-03-29",,,,0
"2023-03-30","VQ GEN2 BLK SPBK","Verishop","Snapback",29.99
"2023-03-30","VQ GEN2 BLK SPBK","red","Snapback",29.99
"2023-03-30","VQ GEN2 BLK SPBK","moon","Snapback",29.99
"2023-03-30",,,,4.88
"2023-03-30","VQ GEN2 BLK SPBK","green brim","Snapback",29.99
"2023-03-30","VQ GEN2 BLK SPBK","Dad Hats","Snapback",29.99
"2023-03-30","VQ GEN2 BLK SPBK","snapback","Snapback",29.99
"2023-03-30","VQ GEN2 BLK SPBK","black","Snapback",29.99
"2023-03-30","VQ GEN2 BLK SPBK","Pre-Flight","Snapback",29.99
"2023-03-30","VQ GEN2 BLK SPBK","Balloon","Snapback",29.99
"2023-03-31",,,,0
"2023-04-01",,,,0
"2023-04-02",,,,0
"2023-04-03",,,,0
"2023-04-04",,,,0
"2023-04-05",,,,0
"2023-04-06",,,,0
"2023-04-07",,,,0
"2023-04-08",,,,0
"2023-04-09",,,,0
"2023-04-10",,,,0
"2023-04-11",,,,0
"2023-04-12",,,,0
"2023-04-13",,,,0
"2023-04-14",,,,0
"2023-04-15",,,,0
"2023-04-16",,,,0
"2023-04-17",,,,0
"2023-04-18",,,,0
"2023-04-19",,,,0
"2023-04-20",,,,0
"2023-04-21",,,,0
"2023-04-22",,,,0
"2023-04-23",,,,0
"2023-04-24",,,,0
"2023-04-25",,,,0
"2023-04-26",,,,0
"2023-04-27",,,,0
"2023-04-28",,,,0
"2023-04-29",,,,0
"2023-04-30",,,,0
"2023-05-01",,,,0
"2023-05-02",,,,0
"2023-05-03",,,,0
"2023-05-04",,,,0
"2023-05-05",,,,0
"2023-05-06",,,,0
"2023-05-07",,,,0
"2023-05-08",,,,0
"2023-05-09","Ether Slides","Verishop",,48.77
"2023-05-09","Forgotten Secret 2.0 Set Bottom  Unisex sweatpants","vision quest","Pants",43.35
"2023-05-09","Forgotten Secret 2.0 Set Bottom  Unisex sweatpants","balloon","Pants",43.35
"2023-05-09","Forgotten Secret 2.0 Set Bottom  Unisex sweatpants","sweats","Pants",43.35
"2023-05-09","Forgotten Secret 2.0 Set Bottom  Unisex sweatpants","pants","Pants",43.35
"2023-05-09","Forgotten Secret 2.0 Set Bottom  Unisex sweatpants","Verishop","Pants",43.35
"2023-05-09","Forgotten Secret 2.0 Set Bottom  Unisex sweatpants","moon","Pants",43.35
"2023-05-09","FS Bucket Hat",,,27.64
"2023-05-09",,,,7.59
"2023-05-10",,,,0
"2023-05-11",,,,0
"2023-05-12",,,,0
"2023-05-13",,,,0
"2023-05-14",,,,0
"2023-05-15",,,,0
"2023-05-16",,,,0
"2023-05-17",,,,0
"2023-05-18",,,,0
"2023-05-19",,,,0
"2023-05-20",,,,0
"2023-05-21",,,,0
"2023-05-22",,,,0
"2023-05-23",,,,2050
"2023-05-24",,,,0
"2023-05-25",,,,0
"2023-05-26",,,,0
"2023-05-27",,,,0
"2023-05-28",,,,0
"2023-05-29",,,,0
"2023-05-30",,,,0
"2023-05-31",,,,0
"2023-06-01",,,,0
"2023-06-02",,,,0
"2023-06-03",,,,0
"2023-06-04",,,,0
"2023-06-05",,,,0
"2023-06-06",,,,0
"2023-06-07",,,,0
"2023-06-08",,,,0
"2023-06-09",,,,0
"2023-06-10",,,,0
"2023-06-11",,,,0
"2023-06-12",,,,0
"2023-06-13",,,,0
"2023-06-14",,,,0
"2023-06-15",,,,0
"2023-06-16",,,,0
"2023-06-17",,,,0
"2023-06-18",,,,0
"2023-06-19",,,,0
"2023-06-20",,,,0
"2023-06-21",,,,0
"2023-06-22",,,,0
"2023-06-23",,,,0
"2023-06-24",,,,0
"2023-06-25",,,,0
"2023-06-26",,,,0
"2023-06-27","FS Dad hat",,,31.5
"2023-06-27",,,,5.17
"2023-06-28",,,,0
"2023-06-29",,,,0
"2023-06-30",,,,0
"2023-07-01",,,,0
"2023-07-02",,,,0
"2023-07-03",,,,0
"2023-07-04",,,,0
"2023-07-05",,,,0
"2023-07-06",,,,0
"2023-07-07",,,,0
"2023-07-08",,,,0
"2023-07-09",,,,0
"2023-07-10",,,,0
"2023-07-11",,,,0
"2023-07-12",,,,0
"2023-07-13",,,,0
"2023-07-14",,,,0
"2023-07-15",,,,0
"2023-07-16",,,,0
"2023-07-17",,,,0
"2023-07-18",,,,0
"2023-07-19",,,,0
"2023-07-20",,,,0
"2023-07-21",,,,0
"2023-07-22",,,,0
"2023-07-23",,,,0
"2023-07-24",,,,0
"2023-07-25",,,,12525
"2023-07-26",,,,0
"2023-07-27",,,,470
"2023-07-28",,,,0
"2023-07-29",,,,0
"2023-07-30",,,,0
"2023-07-31",,,,0
"2023-08-01",,,,0
"2023-08-02",,,,0
"2023-08-03",,,,0
"2023-08-04",,,,0
"2023-08-05",,,,0
"2023-08-06",,,,0
"2023-08-07",,,,0
"2023-08-08",,,,0
"2023-08-09",,,,0
"2023-08-10",,,,0
"2023-08-11",,,,0
"2023-08-12",,,,0
"2023-08-13",,,,0
"2023-08-14",,,,0
"2023-08-15",,,,0
"2023-08-16",,,,0
"2023-08-17",,,,0
"2023-08-18",,,,0
"2023-08-19",,,,0
"2023-08-20",,,,0
"2023-08-21",,,,0
"2023-08-22",,,,0
"2023-08-23",,,,0
"2023-08-24",,,,0
"2023-08-25",,,,0
"2023-08-26",,,,0
"2023-08-27",,,,0
"2023-08-28",,,,0
"2023-08-29",,,,0
"2023-08-30",,,,0
"2023-08-31",,,,0
"2023-09-01",,,,0
"2023-09-02",,,,0
"2023-09-03",,,,0
"2023-09-04",,,,0
"2023-09-05",,,,0
"2023-09-06",,,,0
"2023-09-07",,,,0
"2023-09-08",,,,0
"2023-09-09",,,,0
"2023-09-10",,,,0
"2023-09-11",,,,0
"2023-09-12",,,,4800
"2023-09-13",,,,0
"2023-09-14",,,,0
"2023-09-15",,,,0
"2023-09-16",,,,0
"2023-09-17",,,,150
"2023-09-18",,,,0
"2023-09-19","LFX FS Ras Dye Unisex Hoodie","sleeve","Sweaters/Hoodies",39.93
"2023-09-19","NY Reppin' Long Sleeve Tee","long sleeve","Sweaters/Hoodies",34.11
"2023-09-19","NY Reppin' Long Sleeve Tee","blue","Sweaters/Hoodies",34.11
"2023-09-19","LFX FS Ras Dye Unisex Hoodie","hoodie","Sweaters/Hoodies",39.93
"2023-09-19","LFX FS Ras Dye Unisex Hoodie","hood","Sweaters/Hoodies",39.93
"2023-09-19","NY Reppin' Long Sleeve Tee","New york","Sweaters/Hoodies",34.11
"2023-09-19","LFX FS Ras Dye Unisex Hoodie","fs","Sweaters/Hoodies",39.93
"2023-09-19","LFX FS Ras Dye Unisex Hoodie","long sleeve","Sweaters/Hoodies",39.93
"2023-09-19","LFX FS Ras Dye Unisex Hoodie","lfxnyc","Sweaters/Hoodies",39.93
"2023-09-19","LFX FS Ras Dye Unisex Hoodie","yute","Sweaters/Hoodies",39.93
"2023-09-19","NY Reppin' Long Sleeve Tee","sleeve","Sweaters/Hoodies",34.11
"2023-09-19","LFX FS Ras Dye Unisex Hoodie","forgotten","Sweaters/Hoodies",39.93
"2023-09-19","LFX FS Ras Dye Unisex Hoodie","secret","Sweaters/Hoodies",39.93
"2023-09-19","LFX FS Ras Dye Unisex Hoodie","rasta","Sweaters/Hoodies",39.93
"2023-09-19","NY Reppin' Long Sleeve Tee","Long","Sweaters/Hoodies",34.11
"2023-09-19","The ""LFX"" Coast 2 Coast Cuffed Beanie","Verishop",,22.42
"2023-09-19",,,,7.2
"2023-09-19","LFX FS Ras Dye Unisex Hoodie","long","Sweaters/Hoodies",39.93
"2023-09-19","NY Reppin' Long Sleeve Tee","shirt","Sweaters/Hoodies",34.11
"2023-09-19","LFX FS Ras Dye Unisex Hoodie","red","Sweaters/Hoodies",39.93
"2023-09-19","LFX FS Ras Dye Unisex Hoodie","forgotten secret","Sweaters/Hoodies",39.93
"2023-09-20",,,,0
"2023-09-21",,,,0
"2023-09-22",,,,0
"2023-09-23",,,,0
"2023-09-24",,,,0
"2023-09-25",,,,0
"2023-09-26",,,,0
"2023-09-27",,,,0
"2023-09-28",,,,0
"2023-09-29",,,,0
"2023-09-30",,,,0
"2023-10-01",,,,0
"2023-10-02",,,,0
"2023-10-03",,,,0
"2023-10-04",,,,0
"2023-10-05",,,,0
"2023-10-06",,,,0
"2023-10-07",,,,0
"2023-10-08",,,,0
"2023-10-09",,,,0
"2023-10-10",,,,0
"2023-10-11",,,,0
"2023-10-12",,,,0
"2023-10-13",,,,0
"2023-10-14",,,,0
"2023-10-15",,,,0
"2023-10-16",,,,0
"2023-10-17",,,,0
"2023-10-18",,,,0
"2023-10-19",,,,0
"2023-10-20",,,,0
"2023-10-21",,,,0
"2023-10-22",,,,0
"2023-10-23",,,,0
"2023-10-24",,,,0
"2023-10-25",,,,0
"2023-10-26",,,,0
"2023-10-27",,,,0
"2023-10-28",,,,0
"2023-10-29",,,,0
"2023-10-30",,,,0
"2023-10-31",,,,0
"2023-11-01",,,,0
"2023-11-02",,,,0
"2023-11-03",,,,0
"2023-11-04",,,,0
"2023-11-05",,,,0
"2023-11-06",,,,0
"2023-11-07",,,,0
"2023-11-08",,,,0
"2023-11-09",,,,0
"2023-11-10",,,,0
"2023-11-11",,,,0
"2023-11-12",,,,0
"2023-11-13",,,,0
"2023-11-14",,,,0
"2023-11-15",,,,0
"2023-11-16",,,,0
"2023-11-17",,,,0
"2023-11-18",,,,0
"2023-11-19",,,,0
"2023-11-20",,,,0
"2023-11-21",,,,0
"2023-11-22",,,,0
"2023-11-23",,,,0
"2023-11-24",,,,150
"2023-11-25",,,,0
"2023-11-26",,,,0
"2023-11-27",,,,0
"2023-11-28",,,,0
"2023-11-29",,,,1750
"2023-11-30",,,,0
"2023-12-01",,,,0
"2023-12-02",,,,0
"2023-12-03",,,,0
"2023-12-04",,,,0
"2023-12-05",,,,300
"2023-12-06",,,,0
"2023-12-07",,,,0
"2023-12-08",,,,0
"2023-12-09",,,,0
"2023-12-10",,,,0
"2023-12-11",,,,0
"2023-12-12",,,,2400
"2023-12-13",,,,0
"2023-12-14",,,,0
"2023-12-15",,,,0
"2023-12-16",,,,0
"2023-12-17",,,,0
"2023-12-18",,,,0
"2023-12-19",,,,0
"2023-12-20",,,,0
"2023-12-21",,,,0
"2023-12-22",,,,0
"2023-12-23",,,,0
"2023-12-24",,,,0
"2023-12-25",,,,0
"2023-12-26",,,,0
"2023-12-27",,,,0
"2023-12-28",,,,0
"2023-12-29",,,,1450
"2023-12-30",,,,0
"2023-12-31",,,,0
"2024-01-01",,,,0
"2024-01-02",,,,0
"2024-01-03",,,,0
"2024-01-04",,,,0
"2024-01-05",,,,0
"2024-01-06",,,,0
"2024-01-07",,,,0
"2024-01-08",,,,0
"2024-01-09",,,,0
"2024-01-10",,,,0
"2024-01-11",,,,0
"2024-01-12",,,,0
"2024-01-13",,,,0
"2024-01-14",,,,0
"2024-01-15",,,,0
"2024-01-16",,,,0
"2024-01-17",,,,0
"2024-01-18",,,,0
"2024-01-19",,,,0
"2024-01-20",,,,0
"2024-01-21",,,,0
"2024-01-22",,,,0
"2024-01-23",,,,0
"2024-01-24",,,,0
"2024-01-25",,,,0
"2024-01-26",,,,0
"2024-01-27",,,,0
"2024-01-28",,,,0
"2024-01-29",,,,0
"2024-01-30",,,,0
"2024-01-31",,,,0
"2024-02-01",,,,0
"2024-02-02",,,,0
"2024-02-03",,,,0
"2024-02-04",,,,0
"2024-02-05",,,,0
"2024-02-06",,,,0
"2024-02-07",,,,0
"2024-02-08",,,,0
"2024-02-09",,,,0
"2024-02-10",,,,0
"2024-02-11",,,,0
"2024-02-12",,,,0
"2024-02-13",,,,0
"2024-02-14",,,,0
"2024-02-15",,,,0
"2024-02-16",,,,0
"2024-02-17",,,,0
"2024-02-18",,,,0
"2024-02-19",,,,0
"2024-02-20",,,,0
"2024-02-21",,,,0
"2024-02-22",,,,0
"2024-02-23",,,,0
"2024-02-24",,,,0
"2024-02-25",,,,0
"2024-02-26",,,,0
"2024-02-27",,,,0
"2024-02-28",,,,0
"2024-02-29",,,,0
"2024-03-01",,,,0
"2024-03-02",,,,0
"2024-03-03",,,,0
"2024-03-04",,,,0
"2024-03-05",,,,0
"2024-03-06",,,,0
"2024-03-07",,,,0
"2024-03-08",,,,0
"2024-03-09",,,,0
"2024-03-10",,,,0
"2024-03-11",,,,0
"2024-03-12",,,,0
"2024-03-13",,,,0
"2024-03-14",,,,0
"2024-03-15",,,,0
"2024-03-16",,,,0
"2024-03-17",,,,0
"2024-03-18",,,,0
"2024-03-19",,,,0
"2024-03-20",,,,0
"2024-03-21",,,,0
"2024-03-22","Travis Michael x Lonely Floater ""Family Business"" Punky  Dad hat","pinky","Dad Hats",30
"2024-03-22","Travis Michael x Lonely Floater ""Family Business""  Spaceship  Sweatshirt","space","Long-sleeve",35.5
"2024-03-22","Travis Michael x Lonely Floater ""Family Business""  Spaceship  Sweatshirt","travis","Long-sleeve",35.5
"2024-03-22","Travis Michael x Lonely Floater ""Family Business""  Spaceship  Sweatshirt","family","Long-sleeve",35.5
"2024-03-22","Travis Michael x Lonely Floater ""Family Business"" Punky  Dad hat","family business","Dad Hats",30
"2024-03-22","Travis Michael x Lonely Floater ""Family Business"" Punky  Dad hat","dad","Dad Hats",30
"2024-03-22","Travis Michael x Lonely Floater ""Family Business"" Punky  Dad hat","hat","Dad Hats",30
"2024-03-22","Travis Michael x Lonely Floater ""Family Business"" Punky  Dad hat","punky","Dad Hats",30
"2024-03-22","Travis Michael x Lonely Floater ""Family Business""  Spaceship  Sweatshirt","business","Long-sleeve",35.5
"2024-03-22","Travis Michael x Lonely Floater ""Family Business""  Spaceship  Sweatshirt","family business","Long-sleeve",35.5
"2024-03-22","Travis Michael x Lonely Floater ""Family Business"" Punky  Dad hat","family","Dad Hats",30
"2024-03-22","Travis Michael x Lonely Floater ""Family Business"" Punky  Dad hat","Dad Hats","Dad Hats",30
"2024-03-22","Travis Michael x Lonely Floater ""Family Business"" Punky  Dad hat","pnky","Dad Hats",30
"2024-03-22","Travis Michael x Lonely Floater ""Family Business""  Spaceship  Sweatshirt","spaceship","Long-sleeve",35.5
"2024-03-22","Travis Michael x Lonely Floater ""Family Business""  Spaceship  Sweatshirt","michael","Long-sleeve",35.5
"2024-03-22","Travis Michael x Lonely Floater ""Family Business"" Punky  Dad hat","black","Dad Hats",30
"2024-03-22",,,,6.14
"2024-03-22","Travis Michael x Lonely Floater ""Family Business""  Spaceship  Sweatshirt","long sleeve","Long-sleeve",35.5
"2024-03-22","Travis Michael x Lonely Floater ""Family Business"" Punky  Dad hat","Micheal","Dad Hats",30
"2024-03-22","Travis Michael x Lonely Floater ""Family Business"" Punky  Dad hat","Travis","Dad Hats",30
"2024-03-22","Travis Michael x Lonely Floater ""Family Business""  Spaceship  Sweatshirt","sweatshirt","Long-sleeve",35.5
"2024-03-23",,,,0
"2024-03-24",,,,0
"2024-03-25",,,,0
"2024-03-26",,,,0
"2024-03-27",,,,0
"2024-03-28",,,,0
"2024-03-29",,,,0
"2024-03-30",,,,0
"2024-03-31",,,,0
"2024-04-01",,,,0
"2024-04-02",,,,0
"2024-04-03",,,,0
"2024-04-04",,,,0
"2024-04-05",,,,0
"2024-04-06",,,,0
"2024-04-07",,,,0
"2024-04-08",,,,0
"2024-04-09",,,,0
"2024-04-10",,,,0
"2024-04-11",,,,0
"2024-04-12",,,,0
"2024-04-13",,,,0
"2024-04-14",,,,0
"2024-04-15",,,,0
"2024-04-16",,,,0
"2024-04-17",,,,0
"2024-04-18",,,,0
"2024-04-19",,,,0
"2024-04-20",,,,0
"2024-04-21",,,,0
"2024-04-22",,,,0
"2024-04-23",,,,0
"2024-04-24",,,,0
"2024-04-25",,,,0
"2024-04-26",,,,0
"2024-04-27",,,,0
"2024-04-28",,,,0
"2024-04-29",,,,0
"2024-04-30",,,,0
"2024-05-01",,,,0
"2024-05-02",,,,0
"2024-05-03",,,,0
"2024-05-04",,,,0
"2024-05-05",,,,0
"2024-05-06",,,,0
"2024-05-07",,,,0
"2024-05-08",,,,0
"2024-05-09",,,,0
"2024-05-10",,,,0
"2024-05-11",,,,0
"2024-05-12",,,,0
"2024-05-13",,,,0
"2024-05-14",,,,0
"2024-05-15",,,,0
"2024-05-16",,,,0
"2024-05-17",,,,0
"2024-05-18",,,,0
"2024-05-19",,,,0
"2024-05-20",,,,0
"2024-05-21",,,,0
"2024-05-22",,,,0
"2024-05-23",,,,0
"2024-05-24",,,,0
"2024-05-25",,,,0
"2024-05-26",,,,0
"2024-05-27",,,,0
"2024-05-28",,,,0
"2024-05-29",,,,0
"2024-05-30",,,,0
"2024-05-31",,,,0
"2024-06-01",,,,0
"2024-06-02",,,,0
"2024-06-03",,,,0
"2024-06-04",,,,0
"2024-06-05",,,,0
"2024-06-06",,,,0
"2024-06-07",,,,0
"2024-06-08",,,,0
"2024-06-09",,,,0
"2024-06-10",,,,0
"2024-06-11",,,,0
"2024-06-12",,,,0
"2024-06-13",,,,0
"2024-06-14",,,,0
"2024-06-15",,,,0
"2024-06-16",,,,0
"2024-06-17",,,,0
"2024-06-18",,,,0
"2024-06-19",,,,0
"2024-06-20",,,,0
"2024-06-21",,,,0
"2024-06-22",,,,0
"2024-06-23",,,,0
"2024-06-24",,,,0
"2024-06-25",,,,0
"2024-06-26",,,,0
"2024-06-27",,,,0
"2024-06-28",,,,0
"2024-06-29",,,,0
"2024-06-30",,,,0
"2024-07-01",,,,0
"2024-07-02",,,,0
"2024-07-03",,,,0
"2024-07-04",,,,0
"2024-07-05",,,,0
"2024-07-06",,,,0
"2024-07-07",,,,0
"2024-07-08",,,,0
"2024-07-09",,,,0
"2024-07-10",,,,0
"2024-07-11",,,,0
"2024-07-12",,,,0
"2024-07-13",,,,0
"2024-07-14",,,,0
"2024-07-15",,,,0
"2024-07-16",,,,0
"2024-07-17",,,,0
"2024-07-18",,,,0
"2024-07-19",,,,0
"2024-07-20",,,,0
"2024-07-21",,,,0
"2024-07-22",,,,0
"2024-07-23",,,,0
"2024-07-24",,,,0
"2024-07-25",,,,0
"2024-07-26",,,,0
"2024-07-27",,,,0
"2024-07-28",,,,0
"2024-07-29",,,,0
"2024-07-30",,,,0
"2024-07-31",,,,0
"2024-08-01",,,,0
"2024-08-02",,,,0
"2024-08-03",,,,0
"2024-08-04",,,,0
"2024-08-05",,,,0
"2024-08-06",,,,0
"2024-08-07",,,,0
"2024-08-08",,,,0
"2024-08-09",,,,0
"2024-08-10",,,,0
"2024-08-11",,,,0
"2024-08-12",,,,0
"2024-08-13",,,,0
"2024-08-14",,,,0
"2024-08-15",,,,0
"2024-08-16",,,,0
"2024-08-17",,,,0
"2024-08-18",,,,0
"2024-08-19",,,,0
"2024-08-20",,,,0
"2024-08-21",,,,0
"2024-08-22",,,,0
"2024-08-23",,,,0
"2024-08-24",,,,0
"2024-08-25",,,,0
"2024-08-26",,,,0
"2024-08-27",,,,0
"2024-08-28",,,,0
"2024-08-29",,,,0
"2024-08-30",,,,0
"2024-08-31",,,,0
"2024-09-01",,,,0
"2024-09-02",,,,0
"2024-09-03",,,,0
"2024-09-04",,,,0
"2024-09-05",,,,0
"2024-09-06",,,,0
"2024-09-07",,,,0
"2024-09-08",,,,0
"2024-09-09",,,,0
"2024-09-10",,,,0
"2024-09-11",,,,0
"2024-09-12",,,,0
"2024-09-13",,,,0
"2024-09-14",,,,0
"2024-09-15",,,,0
"2024-09-16",,,,0
"2024-09-17",,,,0
"2024-09-18",,,,0
"2024-09-19",,,,0
"2024-09-20","Nope Tee Short-Sleeve Unisex T-Shirt",,,23
"2024-09-20","Nope Youth Short Sleeve T-Shirt",,,43
"2024-09-20",,,,12.28
"2024-09-21",,,,0
"2024-09-22",,,,0
"2024-09-23",,,,0
"2024-09-24",,,,0
"2024-09-25",,,,0
"2024-09-26",,,,0
"2024-09-27",,,,0
"2024-09-28",,,,0
"2024-09-29",,,,0
"2024-09-30",,,,0
"2024-10-01",,,,0
"2024-10-02",,,,0
"2024-10-03",,,,0
"2024-10-04",,,,0
"2024-10-05","Forgotten Secret 2.0 Set Bottom  Unisex sweatpants","sweats","Pants",40
"2024-10-05","Forgotten Secret 2.0 Set Bottom  Unisex sweatpants","balloon","Pants",40
"2024-10-05","Gray Duffy","Bags","Bags",60
"2024-10-05","Floater Unisex Joggers","Pants","Pants",40
"2024-10-05","Floater Unisex Joggers","Joggers","Pants",40
"2024-10-05","Gray Duffy","duffel","Bags",60
"2024-10-05","Gray Duffy","Accessories","Bags",60
"2024-10-05","Forgotten Secret 2.0 Set Bottom  Unisex sweatpants","pants","Pants",40
"2024-10-05","Gray Duffy","travel","Bags",60
"2024-10-05","Forgotten Secret 2.0 Set Bottom  Unisex sweatpants","vision quest","Pants",40
"2024-10-05","Gray Duffy","Verishop","Bags",60
"2024-10-05","Gray Duffy","dufft","Bags",60
"2024-10-05",,,,7
"2024-10-05","Floater Unisex Joggers","Sweatpants","Pants",40
"2024-10-05","Gray Duffy","camoflage","Bags",60
"2024-10-05","Floater Unisex Joggers","Verishop","Pants",40
"2024-10-05","Floater Unisex Joggers","bottom","Pants",40
"2024-10-05","Gray Duffy","bag","Bags",60
"2024-10-05","Gray Duffy","duffy","Bags",60
"2024-10-05","Forgotten Secret 2.0 Set Bottom  Unisex sweatpants","moon","Pants",40
"2024-10-05","Forgotten Secret 2.0 Set Bottom  Unisex sweatpants","Verishop","Pants",40
"2024-10-05","Gray Duffy","duffle","Bags",60
"2024-10-05","Floater Unisex Joggers","Sweats","Pants",40
"2024-10-05","Gray Duffy","All Over Print","Bags",60
"2024-10-05","Gray Duffy","camo","Bags",60
"2024-10-06",,,,0
"2024-10-07",,,,0
"2024-10-08",,,,0
"2024-10-09",,,,0
"2024-10-10",,,,0
"2024-10-11",,,,0
"2024-10-12",,,,0
"2024-10-13",,,,0
"2024-10-14",,,,0
"2024-10-15",,,,0
"2024-10-16",,,,0
"2024-10-17",,,,0
"2024-10-18",,,,0
"2024-10-19",,,,0
"2024-10-20",,,,0
"2024-10-21",,,,0
"2024-10-22",,,,0
"2024-10-23",,,,0
"2024-10-24",,,,0
"2024-10-25",,,,0
"2024-10-26",,,,0
"2024-10-27",,,,0
"2024-10-28",,,,0
"2024-10-29",,,,0
"2024-10-30",,,,0
"2024-10-31",,,,0
"2024-11-01",,,,0
"2024-11-02",,,,0
"2024-11-03",,,,0
"2024-11-04",,,,0
"2024-11-05",,,,0
"2024-11-06",,,,0
"2024-11-07",,,,0
"2024-11-08",,,,0
"2024-11-09",,,,0
"2024-11-10",,,,0
"2024-11-11",,,,0
"2024-11-12",,,,0
"2024-11-13",,,,0
"2024-11-14",,,,0
"2024-11-15",,,,0
"2024-11-16",,,,0
"2024-11-17",,,,0
"2024-11-18",,,,0
"2024-11-19",,,,0
"2024-11-20",,,,7
"2024-11-20","Moonlight Mirage 2022 Unisex Hoodie",,,37.34
"2024-11-21",,,,0
"2024-11-22",,,,0
"2024-11-23",,,,0
"2024-11-24",,,,0
"2024-11-25",,,,0
"2024-11-26",,,,0
"2024-11-27",,,,0
"2024-11-28",,,,0
"2024-11-29",,,,0
"2024-11-30",,,,0
"2024-12-01",,,,0
"2024-12-02",,,,0
"2024-12-03",,,,0
"2024-12-04",,,,0
"2024-12-05",,,,0
"2024-12-06",,,,4050
"2024-12-07",,,,0
"2024-12-08",,,,0
"2024-12-09",,,,0
"2024-12-10",,,,0
"2024-12-11",,,,0
"2024-12-12",,,,0
"2024-12-13",,,,0
"2024-12-14",,,,0
"2024-12-15",,,,0
"2024-12-16",,,,0
"2024-12-17",,,,0
"2024-12-18",,,,0
"2024-12-19",,,,0
"2024-12-20",,,,0
"2024-12-21",,,,0
"2024-12-22",,,,0
"2024-12-23",,,,0
"2024-12-24",,,,0
"2024-12-25",,,,0
"2024-12-26",,,,0
"2024-12-27",,,,0
"2024-12-28",,,,0
"2024-12-29",,,,0
"2024-12-30",,,,0
"2024-12-31",,,,0
"2025-01-01",,,,0
"2025-01-02",,,,0
"2025-01-03",,,,0
"2025-01-04",,,,0
"2025-01-05",,,,0
"2025-01-06",,,,0
"2025-01-07",,,,0
"2025-01-08",,,,0
"2025-01-09",,,,0
"2025-01-10",,,,0
"2025-01-11",,,,0
"2025-01-12",,,,0
"2025-01-13",,,,0
"2025-01-14",,,,0
"2025-01-15",,,,0
"2025-01-16",,,,0
"2025-01-17",,,,0
"2025-01-18",,,,0
"2025-01-19",,,,0
"2025-01-20",,,,0
"2025-01-21",,,,0
"2025-01-22",,,,0
"2025-01-23",,,,0
"2025-01-24",,,,0
"2025-01-25",,,,0
"2025-01-26",,,,0
"2025-01-27",,,,0
"2025-01-28",,,,0
"2025-01-29",,,,0
"2025-01-30",,,,0
"2025-01-31",,,,0
"2025-02-01",,,,0
"2025-02-02",,,,0
"2025-02-03",,,,0
"2025-02-04","Yute Five Panel Cap","Verishop",,30
"2025-02-04",,,,5.31
"2025-02-04","Yute Five Panel Cap","cap",,30
"2025-02-04","Yute Five Panel Cap","yute",,30
"2025-02-04","Yute Five Panel Cap","panel",,30
"2025-02-04","Yute Five Panel Cap","black",,30
"2025-02-04","Yute Five Panel Cap","five",,30
"2025-02-05",,,,0
"2025-02-06",,,,0
"2025-02-07",,,,0
"2025-02-08",,,,0
"2025-02-09",,,,0
"2025-02-10",,,,0
"2025-02-11",,,,0
"2025-02-12",,,,0
"2025-02-13",,,,0
"2025-02-14",,,,0
"2025-02-15",,,,0
"2025-02-16",,,,0
"2025-02-17",,,,0
"2025-02-18",,,,0
"2025-02-19",,,,0
"2025-02-20",,,,0
"2025-02-21",,,,0
"2025-02-22",,,,0
"2025-02-23",,,,0
"2025-02-24",,,,0
"2025-02-25",,,,0
"2025-02-26",,,,0
"2025-02-27",,,,0
"2025-02-28",,,,0
"2025-03-01",,,,0
"2025-03-02",,,,0
"2025-03-03",,,,0
"2025-03-04",,,,0
"2025-03-05",,,,0
"2025-03-06",,,,0
"2025-03-07",,,,0
"2025-03-08",,,,0
"2025-03-09",,,,0
"2025-03-10",,,,0
"2025-03-11",,,,0
"2025-03-12",,,,0
"2025-03-13",,,,0
"2025-03-14",,,,0
"2025-03-15",,,,0
"2025-03-16",,,,0
"2025-03-17",,,,0
"2025-03-18",,,,0
"2025-03-19",,,,0
"2025-03-20",,,,0
"2025-03-21",,,,0
"2025-03-22",,,,0
"2025-03-23",,,,0
"2025-03-24",,,,0
"2025-03-25",,,,0
"2025-03-26",,,,0
"2025-03-27",,,,0
"2025-03-28",,,,0
"2025-03-29",,,,0
"2025-03-30",,,,0
"2025-03-31",,,,0
"2025-04-01",,,,0
"2025-04-02",,,,0
"2025-04-03",,,,0
"2025-04-04",,,,0
"2025-04-05",,,,0
"2025-04-06",,,,0
"2025-04-07",,,,0
"2025-04-08",,,,0
"2025-04-09",,,,0
"2025-04-10",,,,0
"2025-04-11",,,,0
"2025-04-12",,,,0
"2025-04-13",,,,0
"2025-04-14",,,,0
"2025-04-15",,,,0
"2025-04-16",,,,0
"2025-04-17",,,,0
"2025-04-18",,,,0
"2025-04-19",,,,0
"2025-04-20",,,,0
"2025-04-21",,,,0
"2025-04-22",,,,0
"2025-04-23",,,,0
"2025-04-24",,,,0
"2025-04-25",,,,0
"2025-04-26",,,,0
"2025-04-27",,,,0
"2025-04-28",,,,0
"2025-04-29",,,,0
"2025-04-30",,,,0
"2025-05-01",,,,0
"2025-05-02",,,,0
"2025-05-03",,,,0
"2025-05-04",,,,0
"2025-05-05",,,,0
"2025-05-06",,,,0
"2025-05-07",,,,0
"2025-05-08",,,,0
"2025-05-09",,,,0
"2025-05-10",,,,0
"2025-05-11",,,,0
"2025-05-12",,,,0
"2025-05-13",,,,0
"2025-05-14",,,,0
"2025-05-15",,,,0
"2025-05-16",,,,0
"2025-05-17",,,,0
"2025-05-18",,,,0
"2025-05-19",,,,0
"2025-05-20",,,,0
"2025-05-21",,,,0
"2025-05-22",,,,0
"2025-05-23",,,,0
"2025-05-24",,,,0
"2025-05-25",,,,0
"2025-05-26",,,,0
"2025-05-27",,,,0
"2025-05-28",,,,0
"2025-05-29",,,,0
"2025-05-30",,,,0
"2025-05-31",,,,0
"2025-06-01",,,,0
"2025-06-02",,,,0
"2025-06-03","Floater JogTop Unisex Hoodie","hood","Sweaters/Hoodies",50
"2025-06-03","Floater JogTop Unisex Hoodie","hoodie","Sweaters/Hoodies",50
"2025-06-03","Floater JogTop Unisex Hoodie","sleeve","Sweaters/Hoodies",50
"2025-06-03","Floater JogTop Unisex Hoodie","Verishop","Sweaters/Hoodies",50
"2025-06-03","Floater JogTop Unisex Hoodie","sweat","Sweaters/Hoodies",50
"2025-06-03","Floater JogTop Unisex Hoodie","long","Sweaters/Hoodies",50
"2025-06-03","Floater JogTop Unisex Hoodie","floater","Sweaters/Hoodies",50
"2025-06-03","Floater JogTop Unisex Hoodie","sweatshirt","Sweaters/Hoodies",50
"2025-06-03",,,,7
"2025-06-03","Floater JogTop Unisex Hoodie","top","Sweaters/Hoodies",50
"2025-06-04",,,,0
"2025-06-05",,,,0
"2025-06-06",,,,0
"2025-06-07",,,,0
"2025-06-08",,,,0
"2025-06-09",,,,0
"2025-06-10",,,,0
"2025-06-11",,,,0
"2025-06-12",,,,0
"2025-06-13",,,,0
"2025-06-14",,,,0
"2025-06-15",,,,0
"2025-06-16",,,,0
"2025-06-17",,,,0
"2025-06-18",,,,0
"2025-06-19",,,,0
"2025-06-20",,,,0
"2025-06-21",,,,0
"2025-06-22",,,,0
"2025-06-23",,,,0
"2025-06-24",,,,0
"2025-06-25",,,,0
"2025-06-26",,,,0
"2025-06-27",,,,0
"2025-06-28",,,,0
"2025-06-29",,,,0
"2025-06-30",,,,0
"2025-07-01",,,,0
"2025-07-02",,,,0
"2025-07-03",,,,0
"2025-07-04",,,,0
"2025-07-05",,,,0
"2025-07-06",,,,0
"2025-07-07",,,,0
"2025-07-08",,,,0
"2025-07-09",,,,0
"2025-07-10",,,,0
"2025-07-11",,,,0
"2025-07-12",,,,0
"2025-07-13",,,,0
"2025-07-14",,,,0
"2025-07-15",,,,0
"2025-07-16",,,,0
"2025-07-17",,,,0
"2025-07-18",,,,0
"2025-07-19",,,,0
"2025-07-20",,,,0
"2025-07-21",,,,0
"2025-07-22",,,,0
"2025-07-23",,,,0
"2025-07-24",,,,0
"2025-07-25",,,,0
"2025-07-26",,,,0
"2025-07-27",,,,0
"2025-07-28",,,,0
"2025-07-29",,,,0
"2025-07-30",,,,0
"2025-07-31",,,,0
"2025-08-01",,,,0
"2025-08-02",,,,0
"2025-08-03",,,,0
"2025-08-04",,,,0
"2025-08-05",,,,0
"2025-08-06",,,,0
"2025-08-07",,,,0
"2025-08-08",,,,0
"2025-08-09",,,,0
"2025-08-10",,,,0
"2025-08-11",,,,0
"2025-08-12",,,,0
"2025-08-13",,,,0
"2025-08-14",,,,0
"2025-08-15",,,,0
"2025-08-16",,,,0
"2025-08-17",,,,0
"2025-08-18",,,,0
"2025-08-19",,,,0
"2025-08-20",,,,0
"2025-08-21",,,,0
"2025-08-22",,,,0
"2025-08-23",,,,0
"2025-08-24",,,,0
"2025-08-25",,,,0
"2025-08-26",,,,0
